Timestamp,Please enter your worker ID,Please enter verification code from this writing session (session_id),Is English your first language?,"How qualified do you think you are to write about this topic? (based on background knowledge, understanding of prompts, etc.)?","During this writing session, the suggestions you received were grammatically correct, and contributed to the fluency of the essay.","During this writing session, the suggestions helped me come up with new ideas.","During this writing session, I felt like that I would have written a *better* essay if I wrote the essay alone.","During this writing session, the system was competent (having expert knowledge and ability to perform a task successfully) in writing.","During this writing session, the system was capable of writing persuasive essays.","During this writing session, the system understood what I was trying to write.",Which aspects of the suggestions (that you received during this writing session) can be improved? Any specific examples?,It was easy to write with the system.,I am satisfied with the essay I wrote.,I am confident in my ability to write an essay with the help of the system.,I feel like the essay is mine. ,____% of the essay is written by me (and the rest is written by taking the suggestions). [between 0-100%],"If the system is available for free, I would reuse the system.",Any feedback/comment? (optional)
8/24/2021 11:31:14,A1198W1SPF1R4,397a3daa2e234b5aac44e3756e7399b7,No,You are absolutely certain about your qualification.,6,5,4,4,4,3,Some suggestions are repetitive such as the bad reasons for screen time.,5,6,6,7,80,6,
8/24/2021 12:28:20,A1198W1SPF1R4,99dcceb9d7394bd1986fbf3572b3efcd,No,You are absolutely certain about your qualification.,7,7,2,6,6,7,Some of the suggestions have opposite meanings than my stance.,7,6,6,7,50,7,
8/24/2021 13:53:17,A1198W1SPF1R4,3778eebfc9df42429aa1f23db1934a9d ,No,"You are confident in your qualification, but not absolutely certain.",6,2,5,3,2,3,There was no suggestion offered most of the time.,4,6,5,7,95,5,
8/24/2021 14:55:49,A1198W1SPF1R4,2479e0314b8d41fcbfb626f38d2029d8,No,You are fairly confident in your qualification.,6,7,2,5,5,6,I was not provided with enough suggestions.,5,6,5,7,80,5,
8/24/2021 15:43:46,A1198W1SPF1R4,7d2b65dc5d284f18a56270271f023352,No,"You are confident in your qualification, but not absolutely certain.",7,6,2,6,6,7,All suggestions were good this time.,7,7,7,7,30,7,
8/25/2021 11:39:54,A1198W1SPF1R4,90a41f5187c046ada1cdd459d2036ac5,No,"You are confident in your qualification, but not absolutely certain.",7,7,2,7,7,6,I would prefer to be able to choose two suggestions at the same time instead of only one because sometimes the suggestions are really good.,7,7,7,7,40,7,
8/25/2021 19:34:35,A1198W1SPF1R4,6dddf664e4be4c41a2fd91069d43a600,No,"You are confident in your qualification, but not absolutely certain.",4,2,5,2,2,2,"The system only gave me two rounds of suggestions, which were not enough.",2,6,5,7,95,4,
8/25/2021 21:02:17,A1198W1SPF1R4,d6f24fb3c9c84d2cab1c70387d91d739,No,You are absolutely certain about your qualification.,7,7,1,7,7,7,The suggestions can be grouped together according to their stances.,7,7,7,7,30,7,
8/26/2021 16:11:38,A1198W1SPF1R4,d4c8237fa5f842c6a882d79184a82c59,No,You are absolutely certain about your qualification.,5,3,6,2,2,1,Only one round of suggestions was offered and the system didn't understand my intention.,2,6,4,7,95,3,
8/26/2021 17:18:30,A1198W1SPF1R4,3b78cf42ca2b41cdbc067aeceaa82a92,No,You are absolutely certain about your qualification.,6,7,2,7,7,7,All the suggestions are good enough.,7,7,7,7,40,7,
8/26/2021 19:32:38,A1198W1SPF1R4,40dce3e97526456ba66fa9765621ad70,No,"You are confident in your qualification, but not absolutely certain.",6,7,1,7,7,7,All the suggestions were good enough.,7,7,7,7,35,7,
8/27/2021 12:59:13,A1198W1SPF1R4,07dab80e78f24a8bb09384e9067719d0,No,You are absolutely certain about your qualification.,6,7,1,7,7,7,All the suggestions were good enough.,7,7,7,7,30,7,
8/27/2021 16:02:41,A1198W1SPF1R4,ea6ffaefc6fe47b98a0bbbaf58f0e409,No,You are absolutely certain about your qualification.,5,2,4,2,2,1,The system only provided one or two rounds of  suggestions.,2,6,4,7,95,4,
8/27/2021 17:37:02,A1198W1SPF1R4,875a0703850a4f4d97dcbacdf2690dd5,No,You are fairly confident in your qualification.,6,7,1,7,7,7,The suggestions are already good enough.,7,7,7,7,30,7,
8/27/2021 17:55:27,A1198W1SPF1R4,5233fde72269427db4cd417546bfddf3,No,"You are confident in your qualification, but not absolutely certain.",6,7,2,7,7,7,Some of the suggestions are repetitive.,7,7,7,7,35,7,
8/27/2021 19:17:34,A1198W1SPF1R4,c88c771b282d49af9c406582462da7a4,No,"You are confident in your qualification, but not absolutely certain.",6,7,2,7,7,7,The suggestions were good enough.,7,7,7,7,40,7,
8/27/2021 20:01:54,A1198W1SPF1R4,3b0ba1980f8b4d1c984ac8d8e5f546f6,No,"You are confident in your qualification, but not absolutely certain.",6,7,2,7,7,7,Some of the suggestions were repetitive.,7,7,7,7,50,7,
8/28/2021 13:55:11,A1198W1SPF1R4,971b30521fb149d88af88aa7b686c2af,No,"You are confident in your qualification, but not absolutely certain.",6,7,1,7,7,7,The suggestions are good enough.,7,7,7,7,40,7,
8/28/2021 14:12:22,A1198W1SPF1R4,74d03d9ca487448ebe2ffcbad7399b9d,No,You are absolutely certain about your qualification.,7,7,1,7,7,7,The suggestions are very good.,7,7,7,7,35,7,
8/29/2021 0:00:28,A1198W1SPF1R4,a0e457301f0b496faa2f5126ed4bc5ea,No,You are absolutely certain about your qualification.,7,6,2,6,6,6,A few suggestions are not relevant to the topic.,7,7,7,7,65,7,
8/29/2021 0:21:15,A1198W1SPF1R4,a8268620a9a74cd9a64bd82f90723729,No,You are absolutely certain about your qualification.,7,5,2,5,5,6,There were not enough suggestions offered.,5,6,5,7,70,7,
8/29/2021 21:25:00,A1198W1SPF1R4,ea8c98f9c0ab41d0b488acadca0e635b,No,"You are confident in your qualification, but not absolutely certain.",6,5,3,5,5,4,The suggestions I received were relatively worse than my previous session.,5,6,5,7,85,7,
8/29/2021 21:41:07,A1198W1SPF1R4,1059f00ce0f042808d27139c2a2ca9c5,No,You are absolutely certain about your qualification.,6,6,2,6,6,7,The suggestions I received were relatively better than my previous session.,7,7,7,7,70,7,
8/30/2021 14:41:14,A1198W1SPF1R4,68e4049ae7b64e988703b135729ee29e,No,You are fairly confident in your qualification.,6,4,3,4,4,4,"I just received two or three rounds of suggestions, which were not enough.",4,5,4,7,90,6,
8/30/2021 20:52:02,A1198W1SPF1R4,787e032a5802459e9ac5731cdeb7b077,No,You are absolutely certain about your qualification.,6,5,3,5,5,4,The suggestions I received were relatively worse than my previous sessions.,5,6,5,7,70,7,
8/30/2021 22:43:18,A1198W1SPF1R4,203f7cabc70f4567880fcf12c27aad39,No,"You are confident in your qualification, but not absolutely certain.",5,6,2,6,6,6,The suggestions I received were good and relatively better than my previous session.,6,6,7,7,50,7,
8/31/2021 12:18:03,A1198W1SPF1R4,1c5622c21c424b91a8325faa0c5e753e ,No,You are fairly confident in your qualification.,7,7,1,7,7,7,The suggestions were very good and much better than my previous session.,7,7,7,7,40,7,
8/31/2021 13:43:25,A1198W1SPF1R4,79ba2a0b081c488c8756d76f2e7a9e9e,No,You are absolutely certain about your qualification.,7,5,3,5,5,7,The suggestions I received were relatively worse than my previous session. There were not enough suggestions received.,5,6,6,7,80,7,
8/31/2021 23:56:27,A1198W1SPF1R4,b8be5a82533b406bbf13aaa587a8d924,No,You are absolutely certain about your qualification.,6,6,2,6,6,7,The suggestions I received were not enough. They were good though.,6,7,6,7,70,7,
9/3/2021 21:23:10,A1198W1SPF1R4,1c79fdd1a6c1412990b6abd4c7b57587,No,"You are confident in your qualification, but not absolutely certain.",5,6,2,6,6,7,The suggestions I received were helpful and persuasive.,6,7,6,7,70,7,
8/22/2021 13:13:21, A1E235KE3CSO7H,4cb270632c6e47f5ba6d606d53f66cd0,Yes,You are absolutely certain about your qualification.,4,2,4,2,1,1,Redundant writing prompts should be excluded. Being able to submit a keyword might help AI better decipher appropriate suggestions.,6,7,5,7,98,2,
8/27/2021 22:53:59,A118BQHK3S4UDV,4a1587e75edd4d1297755c1f526108d7,Yes,You are absolutely certain about your qualification.,3,1,6,2,1,1,"The majority of the time, the system was unable to come up with any suggestions whatsoever for me, or was only able to come up with short rhetorical questions like ""what do you think?"" It was extremely unhelpful and did not contribute much of anything to my argument.",1,1,2,6,90,2,"I don't know what it was about this prompt or about the stance I took, but the AI was extremely unhelpful and didn't seem to know how to deal with the text."
8/27/2021 23:12:27,A118BQHK3S4UDV,3bc6de35276140e98771dd17c5773c06,Yes,"You are confident in your qualification, but not absolutely certain.",4,2,6,2,2,3,"The system failed to provide me with suggestions several of the times that I requested them. Perhaps my thesis was too complex, but it ended up not being super helpful, and I felt obligated to ""feed"" it sentence starters to try to encourage it to come up with something I could use.",1,3,7,7,86,3,
9/2/2021 1:48:25,A118BQHK3S4UDV,b30082b36e764dbd859c020b10fe78b5,Yes,You are fairly confident in your qualification.,7,7,1,7,7,7,"The suggestions were great and really helped me fill out my arguments. They were all grammatical and made sense in context. One suggestion I used at the end of my essay even referenced all the other things I had already talked about, like a proper concluding statement should!",7,7,7,4,30,7,
9/2/2021 2:02:03,A118BQHK3S4UDV,9bd7285cf8f84693a183dc4a452c61bb,Yes,You provided an educated guess. The topic is not in your area of expertise or the prompt was difficult to understand.,3,4,1,2,2,5,"At times, I only got one suggestion, which wasn't very helpful. Most of the suggestions over the course of the exercise used the exact same wording, even up to the point of disparate suggestions being exactly identical. That too, wasn't the most helpful, because it made my argument feel repetitive.",3,1,3,2,55,3,
8/25/2021 8:59:15,A143XRCI1YXAFE,f32c0ee4236a49dda07481052a6fd6e5 ,Yes,"You are confident in your qualification, but not absolutely certain.",7,7,4,7,7,7,"Nothing can be improved, the AI worked well",6,6,6,6,85,7,
8/25/2021 9:20:13,A143XRCI1YXAFE,bce8bc77519e4247a5f545300a8c4ff9,Yes,You are fairly confident in your qualification.,6,5,4,5,5,6,"The AI wasn't always helpful, and sometimes it didn't have any suggestions for me. ",6,6,6,6,95,6,
8/27/2021 5:22:55,A143XRCI1YXAFE,9d9b9dfaa2b5423398abb53fd06f857d ,Yes,You are fairly confident in your qualification.,7,7,4,7,7,7,I have no suggestions to improve the system. ,7,7,7,7,85,7,
8/26/2021 5:57:23,A14OQ52EFQAN2W,4503b999b72848f396258761c04cc7e8,Yes,"You are confident in your qualification, but not absolutely certain.",6,6,2,6,6,6,n/a,6,6,6,6,80,5,
8/24/2021 4:46:18,A173MXK429XAZQ,8950ddb597804d51b4cc61f144e96338 ,Yes,You are fairly confident in your qualification.,4,3,4,3,3,3,"There were not many suggestions given, and those that were were repetitive.",4,6,5,6,95,3,
8/30/2021 18:01:25,A17AF42SNQNH9C,9a85784e74bb49e48c68a9f6695efad2,Yes,You are absolutely certain about your qualification.,3,3,5,4,3,3,"During this hit, I felt the AI didn't always know what I was trying to write about or how to elaborate on what I was trying to say, so I used the AI's suggestions less often than in my previous hits.",4,6,6,6,70,7,
8/19/2021 1:19:32,A17Q4QN6UE0EZC,5294630b417446fdb469da4f7ca41488,Yes,You are fairly confident in your qualification.,5,3,6,5,4,5,Coming up with more creative ideas or ideas different from what I was thinking. Possibly giving writers new points to address.,6,6,6,6,90-10%,5,
8/22/2021 13:37:37,A1E235KE3CSO7H,43bda44256df4d51ba681ac40dcfe8c1,Yes,You are absolutely certain about your qualification.,5,5,3,4,5,3,"If the writer has already addressed an aspect of the subject, AI should not suggest it because it is useless once it has been addressed.",6,6,6,5,75,5,
8/23/2021 17:28:22,A1E235KE3CSO7H,278c77bedc924472bf0f0061598575ca,Yes,You are absolutely certain about your qualification.,4,6,3,6,2,5,The system could give more diverse suggestions..,6,5,6,5,70,6,"I just figured out that is a prompt is the opposite of something I want to add to my writing, I can change a word or two. So if prompts are not exactly correct, I can manipulate them and be helped in that way."
8/24/2021 21:41:55,A1E235KE3CSO7H,5960818e4b234acab13c90618afee4b3,Yes,You are absolutely certain about your qualification.,4,4,2,4,3,4,The system could make suggestions about what the user has written and make replacement suggestions for various phrases and sentences.,6,6,6,6,95,6,
8/25/2021 21:59:54,A1E235KE3CSO7H,9614fb65fa5146549e303e13586a947b,Yes,You are absolutely certain about your qualification.,5,2,5,5,5,5,It would be helpful if prompts existed at the start of a new thought. ,6,5,6,6,80,5,
8/31/2021 15:15:03,A1E235KE3CSO7H,f1523aa1deaa487c917db18be99ac355,Yes,You are absolutely certain about your qualification.,5,6,3,5,5,5,Some prompts could have been more accurate.,6,5,6,5,80,5,
8/19/2021 1:07:17,A1PBRKFHSF1OF8,738bf296e71f42de8155defdaaca17ce,Yes,You are absolutely certain about your qualification.,7,1,7,2,1,4,It kept giving me the same examples even though I wanted different ones.,4,6,7,7,75,2,
8/19/2021 4:41:28,A1PTH9KTRO06EG,917d343c54e145969496c1aabe8c321c,Yes,You are absolutely certain about your qualification.,6,7,4,6,7,7,The suggestions were difficult to use in this situation because i was writing from past experiences. May be easier to have suggestions that were more general in this case.,6,7,7,5,90,7,
8/19/2021 4:44:04,A1PTH9KTRO06EG,917d343c54e145969496c1aabe8c321c,Yes,You are absolutely certain about your qualification.,6,7,4,6,7,6,I was writing from personal experience so it was tough to use the suggestions often. Would have helped to have more general input from the AI.,5,6,5,7,90,7,
8/19/2021 5:37:47,A1PTH9KTRO06EG,04ebdfae0edc4adcb7e59ff060b45e72,Yes,You are absolutely certain about your qualification.,5,4,6,5,4,5,There were not many suggestions whatsoever whenever i would ask. More than half of the times i asked the AI told me that there were no suggestions.,4,3,2,5,90,6,
8/19/2021 6:58:01,A1PTH9KTRO06EG,c362a09a04644abcab777be73f508034,Yes,You are absolutely certain about your qualification.,5,6,7,6,7,6,I just dont think i received very relevant suggestions the majority of the time to be honest.,7,6,7,7,95,7,
8/21/2021 13:25:05,A1PTH9KTRO06EG,842e37eb2e4d49ea883303dd9b01dc54,Yes,You are absolutely certain about your qualification.,2,7,7,4,5,4,"I did not like the suggestions i was receiving often times. They would either switch my stance, or not be grammatically correct more often than not.",4,6,6,7,90,4,
8/23/2021 3:27:18,A1PTH9KTRO06EG,2b0bf00c87074030b36a423d292605e7,Yes,You are absolutely certain about your qualification.,5,6,6,5,6,7,I thought the machine did a great job. It took a while to load one or two times and that is really my only criticism.,6,7,7,7,80,7,
8/23/2021 3:45:57,A1PTH9KTRO06EG,7fdd4ec9a2164e9d8f3d28e1db1df08c,Yes,You are absolutely certain about your qualification.,6,7,4,6,7,7,"I thought the suggestions were fine, however the AI was a little slow to load at times.",6,7,6,6,80,7,
8/23/2021 4:13:09,A1PTH9KTRO06EG,78584b68efc441dc9e63092f93760523,Yes,You are absolutely certain about your qualification.,3,7,6,5,6,7,"I liked the AI for the most part, however many of the recommendations were not grammatical at times.",6,7,7,6,85,7,
8/23/2021 4:52:01,A1PTH9KTRO06EG,df1fe58fe9244c8fbf1183f385d2112f,Yes,You are absolutely certain about your qualification.,6,5,5,6,7,6,I thought the suggestions were helpful. They did well in sparking my memory more than anything else. I think they could be improved by simply fitting into what i was writing a little better.,6,7,5,6,85,7,
8/23/2021 5:12:31,A1PTH9KTRO06EG,c291ea51ad6c42a887c1fd2464edebe1,Yes,You are absolutely certain about your qualification.,5,6,4,6,6,7,I just felt that often times the recommendations were not as grammatical as i would have hoped.,6,5,6,6,90,6,
8/23/2021 13:38:14,A1PTH9KTRO06EG,91c5030e4af74e8a870fa98675b6681d,Yes,You are absolutely certain about your qualification.,6,6,4,5,6,5,"I felt the suggestions worked well, i just felt there wasnt much variety whatsoever in the different options. They were all the same, just paraphrases.",5,6,5,7,85,6,
8/24/2021 3:39:39,A1PTH9KTRO06EG,093bf29840194d24ba2b828b3a6e04cd,Yes,You are absolutely certain about your qualification.,5,7,6,7,6,5,The AI did a decent job however i didnt feel like the suggestions were all too interesting. Served as decent inspiration.,6,6,7,6,85,6,
8/24/2021 6:54:09,A1PTH9KTRO06EG,836d8f49af1340ee84cd534b2051bd34,Yes,You are absolutely certain about your qualification.,5,7,6,6,7,7,I used the AI for inspiration more than using the actual lines themselves. I would just like for more useable sentences that fit grammatically.,7,6,7,7,80,6,
8/24/2021 7:09:56,A1PTH9KTRO06EG,4fc378c03e0a49b6a9a2674ed809242d,Yes,You are absolutely certain about your qualification.,6,6,7,6,7,6,"I liked the suggestions, but felt i had to edit them often to be able to use them in my essay. Also, i had certain points where i received random suggestions that made no sense.",7,5,5,7,85,6,
8/24/2021 8:10:38,A1PTH9KTRO06EG,4593c00c9c5449e2b4b2a66287847ab3,Yes,You are absolutely certain about your qualification.,6,7,7,6,7,7,I thought the suggestions were very helpful for the most part to inspire me to write more. I could not however use the suggestions verbatim as they did not always fit into what i was trying to say all that well.,6,7,6,7,80,7,
8/24/2021 11:43:01,A1PTH9KTRO06EG,1cb5822da5794e2a8bb6346c4959a4e3,Yes,You are absolutely certain about your qualification.,6,3,6,4,3,4,"I thought that the suggestions never really were relevant to my topic specifically, but just the prompt. ",5,4,4,6,90,4,
8/24/2021 11:55:39,A1PTH9KTRO06EG,6e1f579ba29946d1b88b76320de96dd0,Yes,You are absolutely certain about your qualification.,4,6,5,6,5,6,"I thought the AI did a terrific job this go around. There was a variety of choices, and they all tied into what i was saying well. Grammar could be improved at times i guess.",7,6,7,7,80,6,
8/24/2021 17:44:41,A1PTH9KTRO06EG,0be30355c4764eafa7a8939b9c2b42dd,Yes,You are absolutely certain about your qualification.,6,7,5,6,7,7,I liked the suggestions however not all of them would always follow what i was writing about. Seemed random at times.,5,7,6,7,80,6,
8/26/2021 4:42:35,A1PTH9KTRO06EG,274b3499d10740618bafbf67ed900094,Yes,You are absolutely certain about your qualification.,4,6,4,5,6,5,I think that the suggestions were good however not always grammatically sound. This is an area for improvement off the top of my head.,6,5,5,6,85,6,
8/26/2021 5:18:45,A1PTH9KTRO06EG,758b76b82ccf413aa93fd4d74624d288,Yes,You are absolutely certain about your qualification.,7,6,4,6,6,7,I liked the suggestions a lot and they really helped me. I didnt like the ones that wouldnt be a finished sentence though. They required me to go on with that idea and sort of took me away from my train of thought at times.,6,7,7,6,85,7,
8/26/2021 5:33:21,A1PTH9KTRO06EG,3ae5a0c999e74de5bd0a8811e7eeef73,Yes,You are absolutely certain about your qualification.,5,3,7,3,3,2,The AI barely gave me any suggestions. Most of the time the AI would just tell me that there were no suggestions available at the time.,2,4,5,7,90,3,
8/27/2021 4:53:26,A1PTH9KTRO06EG,07052b6123424ad2b3aadfb9910d0fc4,Yes,You are absolutely certain about your qualification.,6,4,6,4,4,3,The suggestions were often things i had often wrote about. Did not find myself being able to use many of the suggestions at all.,7,6,7,7,90,3,
8/27/2021 5:43:45,A1PTH9KTRO06EG,a61420ddc0944dc2b15962c5f7e9cc05,Yes,You are absolutely certain about your qualification.,6,4,6,3,3,2,"The AI did not help me much since they were not able to offer me many suggestions. Got the no suggestion message multiple times, and when i didnt received maybe one or two.",3,2,3,7,90,2,
8/31/2021 3:53:52,A1PTH9KTRO06EG,d142990f5b1f4cb0a8e44cb371446374,Yes,You are absolutely certain about your qualification.,6,7,2,6,7,6,"I liked the AI for the most part, however i hit points in the essay when i didnt receive many recommendations at all.",7,7,6,7,90,7,
8/31/2021 5:42:32,A1PTH9KTRO06EG,74c7e84ad70d40ca97fa859664465bee,Yes,You are absolutely certain about your qualification.,4,6,5,6,5,6,I did not receive many suggestions and when i did all they talked about were social media. They were all sentences i had used before so not really helpful whatsoever.,5,3,4,6,85,4,
9/1/2021 4:24:07,A1PTH9KTRO06EG,4b119edd75174d1fa4a4c3c63493ae11,Yes,You are absolutely certain about your qualification.,6,7,4,6,5,6,"I liked the suggestions for the most part, but at times did not get many.",7,6,7,6,85,7,
9/5/2021 7:59:32,A1PTH9KTRO06EG,2cd036c85bce43f180f81abd83525110,Yes,You are absolutely certain about your qualification.,6,7,4,6,5,6,"The ideas did not really fit well into what i was trying to say verbatim, however they gave me great ideas to continue on writing based off of what the AI suggested.",7,6,7,7,90,7,
9/5/2021 8:18:07,A1PTH9KTRO06EG,c25b2c082a184e678a841035032b5468,Yes,You are absolutely certain about your qualification.,6,7,4,5,6,6,I liked the suggestions however would have preferred for the wording to be more useable for me to add it right into my essay.,7,6,7,7,85,6,
8/18/2021 15:31:16,A1QUQ0TV9KVD4C,2f7b16fcf52c46649d87e2d35897fcd0,Yes,You are absolutely certain about your qualification.,6,4,5,4,4,5,There were many times were the system had no recommendations,5,5,5,4,65,5,
8/19/2021 5:17:24,A1QUQ0TV9KVD4C,ce62f7cdb323419ebd92d4dc8b61cdb1,Yes,You are absolutely certain about your qualification.,5,6,4,6,6,6,The suggestions the system made were grammatically correct and lengthy.,6,6,6,5,55,5,
8/19/2021 5:30:23,A1QUQ0TV9KVD4C,b4fdc128ddcb442b82eb4c0bc2607479,Yes,You are absolutely certain about your qualification.,6,6,6,7,6,6,"The system gave very specific, even funny suggestions.",6,6,6,6,50,5,
8/19/2021 5:43:20,A1QUQ0TV9KVD4C,017c174e78ca46248ae1f6b43d5500d8,Yes,You are absolutely certain about your qualification.,5,5,4,5,5,6,Suggestions were logical and no spelling errors,6,6,6,6,55,6,
8/19/2021 5:55:33,A1QUQ0TV9KVD4C,12c7f30c5ba146e2a880fac46bc1e27c,Yes,You are absolutely certain about your qualification.,6,6,6,5,5,5,"Sometimes suggestions would all be the same, no variety",5,5,6,5,55,5,
8/19/2021 6:13:42,A1QUQ0TV9KVD4C,b2cf63a646e54d94b4fcb6d060b6c452,Yes,You are absolutely certain about your qualification.,4,4,6,4,3,4,The system kept repeating the same suggestions over and over,3,4,4,4,65,5,
8/19/2021 6:25:58,A1QUQ0TV9KVD4C,21c3924c87fe4c8397bd84b3dce54dc5,Yes,You are absolutely certain about your qualification.,6,5,5,5,6,5,The system was a little redundant but understood where I was going. ,6,6,6,6,50,6,
8/19/2021 6:39:08,A1QUQ0TV9KVD4C,b30238629d9040b192604dfd1f7d3eaa,Yes,You are absolutely certain about your qualification.,6,6,4,6,6,6,The suggestions were useful and consisted of variety,6,6,6,5,50,7,
8/19/2021 6:50:58,A1QUQ0TV9KVD4C,8d5bc658213f46b881b2a862bfd5a105,Yes,You are absolutely certain about your qualification.,5,5,6,5,5,5,Suggestions were mostly helpful and rarely didn't make any sense. ,5,6,5,5,55,5,
8/19/2021 7:02:17,A1QUQ0TV9KVD4C,c6c9790c4a044b94b6412a7abd98c8c5,Yes,You are absolutely certain about your qualification.,6,6,4,6,6,6,The suggestions were helpful and logical. ,6,6,6,5,50,6,
8/19/2021 7:03:16,A1QUQ0TV9KVD4C,8637ce05b848420f920d5ca02f88a89a,Yes,You are absolutely certain about your qualification.,6,6,3,5,5,6,The system was helpful and the suggestions mostly made sense,6,6,6,6,55,7,
8/19/2021 7:23:03,A1QUQ0TV9KVD4C,cba52478a6aa49519c88dd9db1e5473f,Yes,You are absolutely certain about your qualification.,6,6,3,6,6,6,The suggestions were logical and followed my train of thought,6,6,6,5,50,6,
8/19/2021 7:23:52,A1QUQ0TV9KVD4C,9c4942cdf0d94b6d9ce49896e0093da6,Yes,You are absolutely certain about your qualification.,6,6,6,5,5,5,Some of the suggestions were way too long and could be trimmed down,6,6,6,5,60,6,
8/19/2021 7:51:31,A1QUQ0TV9KVD4C,bd374899c3cb4c83bf9b206791fbd70f,Yes,You are absolutely certain about your qualification.,6,6,4,5,6,6,The suggestions were helpful and fluent,6,6,6,6,50,7,
8/19/2021 7:52:54,A1QUQ0TV9KVD4C,40321204ac204fc3b3aa443db377eeaf,Yes,You are absolutely certain about your qualification.,3,4,7,3,3,4,"The suggestions consisted of random words or citations, or references to authors that were unhelpful.",4,4,5,4,65,4,
8/19/2021 8:08:30,A1QUQ0TV9KVD4C,a95d1ccaabd943ecbbc2eaadc7b30802,Yes,You are absolutely certain about your qualification.,6,6,5,4,4,5,The system couldn't come up with suggestions a lotta the time,6,6,6,5,60,6,
8/23/2021 5:17:41,A1QUQ0TV9KVD4C,ae1f2b6df9a74fe4b1eeec602bf6c3ae,Yes,You are absolutely certain about your qualification.,6,6,4,6,6,6,"No errors noticed, suggestions were helpful",6,6,6,6,50,6,
8/23/2021 5:18:54,A1QUQ0TV9KVD4C,af7e60f790c941399e2b3b6306d9131d ,Yes,You are absolutely certain about your qualification.,6,6,3,6,6,6,System was helpful and easy to use.,6,6,6,5,55,6,
8/23/2021 5:32:39,A1QUQ0TV9KVD4C,d1c88e2180184f86ae24fb566073920a ,Yes,You are absolutely certain about your qualification.,5,5,6,5,5,4,"The suggestions were okay, but I had to rely on my imagination a lot. ",6,6,6,6,65,5,
8/23/2021 5:34:28,A1QUQ0TV9KVD4C,78c867c5fe114a258e45a78d28131cde,Yes,You are absolutely certain about your qualification.,5,4,6,4,4,5,A lot of the time the system had no ideas.,5,4,4,6,60,5,
8/23/2021 6:06:03,A1QUQ0TV9KVD4C,502e693d76204b3ca6935c39fc955113 ,Yes,You are absolutely certain about your qualification.,6,6,4,6,6,6,The system was helpful and followed my train of thougt.,6,6,6,5,50,6,
8/23/2021 6:12:45,A1QUQ0TV9KVD4C,a7d770fdc88c4a00855f52c662a629ad ,Yes,You are absolutely certain about your qualification.,5,6,5,6,6,6,"The system gave good suggestions, some random suggestions noticed",6,6,6,6,50,6,
8/23/2021 6:18:04,A1QUQ0TV9KVD4C,8db86d15b8874bf48a6e5cb948064409 ,Yes,You are absolutely certain about your qualification.,5,5,6,5,5,5,Only a couple of suggestions that made no sense or were random numbers.,6,6,6,6,55,6,
8/23/2021 6:30:39,A1QUQ0TV9KVD4C,5b6d31f421474c3483b1bd08227ff95d ,Yes,You are absolutely certain about your qualification.,6,6,5,6,6,6,Only a few odd suggestions that I had to ignore,6,6,6,6,60,6,
8/23/2021 6:31:51,A1QUQ0TV9KVD4C,2404074432c445018ff2b9f2b6ff89f4 ,Yes,You are absolutely certain about your qualification.,6,5,6,5,5,5,"The system gave decent suggestions, and sometimes couldn't come up with anything. ",6,5,6,6,60,6,
8/23/2021 6:48:10,A1QUQ0TV9KVD4C,e1fd275c34ab4aae9e3a119b0dd3f0b4 ,Yes,You are absolutely certain about your qualification.,6,6,5,6,6,6,"Some random suggestions, even one or two in Spanish",5,6,6,6,55,5,
8/23/2021 6:49:20,A1QUQ0TV9KVD4C,08182f9617eb4a5ea65ace997be70b9b ,Yes,You are absolutely certain about your qualification.,6,6,4,6,6,6,The system was easy to use,6,6,6,6,60,7,
8/23/2021 7:07:31,A1QUQ0TV9KVD4C,29aaf42bc9b0486abeb1191ec2365f3c ,Yes,You are absolutely certain about your qualification.,6,4,6,4,4,4,The second half of the essay the system wasn't coming up with many suggestions at all. ,5,5,5,4,65,4,
8/23/2021 7:08:27,A1QUQ0TV9KVD4C,87428217b0aa4ca8a6001d5c46333f90 ,Yes,You are absolutely certain about your qualification.,6,6,4,6,6,6,The suggestions mostly made sense,6,6,6,5,55,6,
8/23/2021 7:23:05,A1QUQ0TV9KVD4C,85270c60200e4e2886a19f9d0c2b4080 ,Yes,You are absolutely certain about your qualification.,6,6,5,6,6,6,The system repeated the same suggestions many times.,6,6,6,5,50,6,
8/23/2021 7:24:00,A1QUQ0TV9KVD4C,935d692d86f6441b85a7f49c0cd9267d ,Yes,You are absolutely certain about your qualification.,6,6,3,6,6,6,"The system was smooth and easy to use, no issues",6,6,6,6,60,6,
8/23/2021 7:37:56,A1QUQ0TV9KVD4C,30786a82a19c45a6a77a12963fa21ea0 ,Yes,You are absolutely certain about your qualification.,6,6,5,6,6,6,A couple random suggestions that included citations and authors,6,6,5,6,50,5,
8/23/2021 7:38:57,A1QUQ0TV9KVD4C,30786a82a19c45a6a77a12963fa21ea0 ,Yes,You are absolutely certain about your qualification.,6,6,4,6,6,6,The suggestions were helpful and made sense mostly,6,6,6,4,55,6,
8/23/2021 7:55:18,A1QUQ0TV9KVD4C,1524055efcec4b43b192c6b706e44b1e ,Yes,You are absolutely certain about your qualification.,6,6,6,4,6,6,A few random suggestions consisting of just names,6,6,6,5,50,6,
8/23/2021 7:56:38,A1QUQ0TV9KVD4C,536987ff6f5243f6b3f620aba1c3bbfa ,Yes,You are absolutely certain about your qualification.,6,6,4,6,6,6,"the suggestions were good, didn't notice any errors",6,6,6,6,55,6,
8/23/2021 8:14:10,A1QUQ0TV9KVD4C,3ec3668b51e041b8a2b96eef1bdf05cb,Yes,You are absolutely certain about your qualification.,6,6,4,6,6,6,The system gave suggestions that were helpful and made sense.,6,6,6,5,50,6,
8/23/2021 8:15:08,A1QUQ0TV9KVD4C,c499d0dc0119445abc11ed50c2826113 ,Yes,You are absolutely certain about your qualification.,6,6,4,6,6,6,Didn't notice any errors or bad suggestions,6,6,6,6,55,6,
8/23/2021 8:39:24,A1QUQ0TV9KVD4C,2082492048fb4cf1b71ca0db882614c0 ,Yes,You are absolutely certain about your qualification.,6,6,4,6,6,6,The system was helpful and gave good suggestions. ,6,6,6,5,55,6,
8/23/2021 8:40:31,A1QUQ0TV9KVD4C,75ca76d5d28b411098cc9819cb5d7b56 ,Yes,You are absolutely certain about your qualification.,6,6,4,5,5,5,Didn't notice any grammar errors or anything,6,6,6,6,60,5,
8/23/2021 8:52:03,A1QUQ0TV9KVD4C,A1QUQ0TV9KVD4C,Yes,You are absolutely certain about your qualification.,6,6,4,6,6,6,"The suggestions were good, grammatically correct",6,6,6,6,50,6,
8/23/2021 8:53:05,A1QUQ0TV9KVD4C,311f76bc71594efb82a6e67aac6e7b2f ,Yes,You are absolutely certain about your qualification.,6,6,3,6,6,6,"The system was helpful, and helped my story",6,6,6,6,60,7,
8/26/2021 2:16:49,A1TW2BZRRS874Z,34919f6ff8774bca9c7632e79f43b572 ,Yes,"You are willing to defend your qualification, but it is quite likely that you did not understand central parts of the prompt or that you are unfamiliar with some pieces of background knowledge.",5,5,3,4,4,5,I think more options instead of just rewriting the same information but in different ways.,6,5,6,6,80,5,
8/29/2021 5:10:39,A1TW2BZRRS874Z,da52704cf8be4a04a76e7a2432de2c99,Yes,"You are willing to defend your qualification, but it is quite likely that you did not understand central parts of the prompt or that you are unfamiliar with some pieces of background knowledge.",6,3,5,3,3,3,I feel like the timing of the system is off sometimes. It wants to give me beginnings at the end and vice versa. ,4,5,3,7,93,3,
8/29/2021 5:26:48,A1TW2BZRRS874Z,66887514504f4d5bb9a0ae2be9196fbe,Yes,"You are willing to defend your qualification, but it is quite likely that you did not understand central parts of the prompt or that you are unfamiliar with some pieces of background knowledge.",5,2,7,2,2,2,This was the worst system collaborations yet. It literally just gave me the same suggestions over and over just written a little different. They were what you would write at the very beginning of the story and it even recommenced it at the end. very simplistic as well,1,4,1,7,98,1,I gave the system several chances but it failed me this time. I did use a couple words because they fit better but nothing that changed the story in anyway
8/29/2021 6:39:30,A1TW2BZRRS874Z,5d791cfaaf294406853413dda451bf2f ,Yes,"You are willing to defend your qualification, but it is quite likely that you did not understand central parts of the prompt or that you are unfamiliar with some pieces of background knowledge.",6,3,5,4,3,4,The system was usually one step behind me. It would recycle the same suggestions over and over that were no longer relevant. ,3,4,3,7,92,3,
8/29/2021 10:06:13,A1TW2BZRRS874Z,ab72069c90cb4448a2c6fcaec1df7787,Yes,You provided an educated guess. The topic is not in your area of expertise or the prompt was difficult to understand.,3,1,7,1,1,1,I dont know if there was an issue but at first it was giving very vague input that was already established in the text. Then It gave the same suggestion again in a totally different segment. Also it gave me no suggestions on a couple occasions. ,1,4,1,7,99.9,1,
8/30/2021 9:37:21,A1TW2BZRRS874Z,30e1d495e4e04d49b8b0a9cb6e193500,Yes,"You are willing to defend your qualification, but it is quite likely that you did not understand central parts of the prompt or that you are unfamiliar with some pieces of background knowledge.",6,6,2,6,5,6,"Since I do not have much knowledge in this department I let the system write a lot of the argument.  Other then being a little repetitive, it worked out better then expected",7,5,6,3,35,6,
8/31/2021 2:59:07,A1TW2BZRRS874Z,2299e07da7d34d62954cd8e2ba239afb,Yes,"You are willing to defend your qualification, but it is quite likely that you did not understand central parts of the prompt or that you are unfamiliar with some pieces of background knowledge.",6,4,5,3,3,4,It was unable to give me suggestion 5 out of 7 times. What suggestion I did use had to be rewritten because the y did not fit at all.,3,4,3,7,90,3,
8/31/2021 3:39:02,A1TW2BZRRS874Z,3cd658ad2bfe4df6bb303a408d30feb9,Yes,"You are willing to defend your qualification, but it is quite likely that you did not understand central parts of the prompt or that you are unfamiliar with some pieces of background knowledge.",5,4,3,4,3,5,"While the system was able to give some alright suggestions, I would have to edit them to make them fit but I really noticed the lack of suggestions on this task. There were only one or two lines for me to choose from almost every time.",5,4,4,6,82,4,sorry for picking the middle option (#4) so many times but I really feel that is where this system ranks.
8/31/2021 4:16:27,A1TW2BZRRS874Z,562f6952bc854fb3ace39e940b786320,Yes,"You are willing to defend your qualification, but it is quite likely that you did not understand central parts of the prompt or that you are unfamiliar with some pieces of background knowledge.",6,3,5,4,3,4,"it was giving me url's for some reason, it was requesting new points before the first one could be completed.",2,3,2,5,80,2,I tried to rely on the system more then normal but it was repetitive so that may show in this writing task.
8/31/2021 4:32:14,A1TW2BZRRS874Z,54c597f302a9404caab702a8499b8aa0,Yes,You provided an educated guess. The topic is not in your area of expertise or the prompt was difficult to understand.,6,5,4,5,4,5,It would give me suggestions about how to start my argument towards when I was already towards the end and a few were just not related in any way to the subject,5,4,4,6,78,5,No doubt a great tool if you have a quick case of writer's block.
8/31/2021 9:39:46,A1TW2BZRRS874Z,77f36111a79b43b086fe0306d8644e56,Yes,You are fairly confident in your qualification.,6,5,3,5,5,6,"Very little to be improved this round. It kept up nicely, came up with half my points and tied a couple things together. It might have been a little repetitive but thats all I can say, if that",6,5,6,5,70,6,
8/31/2021 9:58:49,A1TW2BZRRS874Z,66b87321ccb646ffb7ed0d0bd7edfc70,Yes,You provided an educated guess. The topic is not in your area of expertise or the prompt was difficult to understand.,6,7,2,6,5,6,"I let the system guide this argument. I ofcourse assisted it along and had to modify some of its suggestions to fit but it wrote most of the story after I set the initial tone. While it had bad reasoning, in this case it was supposed to play devils advocate. ",7,7,7,3,40,7,
9/1/2021 2:53:58,A1TW2BZRRS874Z, a9aa499623e3453dbcd52de1c862f71b,Yes,"You are willing to defend your qualification, but it is quite likely that you did not understand central parts of the prompt or that you are unfamiliar with some pieces of background knowledge.",5,3,5,2,3,3,Lots of recycling of same suggestions just worded different. I actually used one of those. I also notice it suggested a couple of web sites out of the blue that had nothing to do with the subject. Was not happy with the system this go around.,3,3,2,7,92,2,
9/1/2021 3:07:38,A1TW2BZRRS874Z,1d6b400514a04f3fab52502ea74b2d2d,Yes,"You are willing to defend your qualification, but it is quite likely that you did not understand central parts of the prompt or that you are unfamiliar with some pieces of background knowledge.",5,2,7,2,2,3,The system told me 3 or 4 times it did not have any suggestions for me. I wonder if there was something wrong but there was not error notification like I saw one time in the past when the system stopped working. I used one of its earlier suggestions but that was it.,2,4,2,2,95,1,
9/1/2021 3:49:48,A1TW2BZRRS874Z,78c9d9452b684824a388ee3ce7081f99,Yes,"You are willing to defend your qualification, but it is quite likely that you did not understand central parts of the prompt or that you are unfamiliar with some pieces of background knowledge.",5,3,5,3,2,4,I gave me quite a few suggestions that were not related to the argument at all. I think it also recommended a couple of physical locations out of the blue.,2,3,2,6,88,2,I gave the system several tries but was not very helpful this round.
9/1/2021 4:12:10,A1TW2BZRRS874Z,ce44bfa50a2f41d8820b18427056fc8f,Yes,You provided an educated guess. The topic is not in your area of expertise or the prompt was difficult to understand.,6,4,3,4,3,4,The system was helpful at the beginning but either did not give me suggestions towards the end or gave me ones that should have been given at the beginning of the writing process.,4,5,4,6,85,3,
9/1/2021 4:39:33,A1TW2BZRRS874Z,0bcb6a7180d64d7c9af732f3ad5aff51,Yes,"You are willing to defend your qualification, but it is quite likely that you did not understand central parts of the prompt or that you are unfamiliar with some pieces of background knowledge.",4,5,5,4,3,4,Once again it starts off strong with great suggestions but then gets worse as the argument goes on. I get the notice that there are no suggestions for me at the moment a couple times now each new task. I know we are not supposed to compare across tasks but I just hope there is not an issue. It has never not produced any suggestions except once but it gave me an error message. ,4,5,4,6,85,3,
9/1/2021 4:59:04,A1TW2BZRRS874Z, 4eec3373098b43d7a4021b40ee73bafb,Yes,"You are willing to defend your qualification, but it is quite likely that you did not understand central parts of the prompt or that you are unfamiliar with some pieces of background knowledge.",4,5,5,4,4,5,I got some decent input but I also got just names a few times or it would name a tv show or just a time. ,5,4,5,5,80,4,
9/1/2021 5:31:22,A1TW2BZRRS874Z,c6fe39f226d74fa59bd666ff93329993,Yes,You provided an educated guess. The topic is not in your area of expertise or the prompt was difficult to understand.,5,5,3,5,4,5,I think my stance was a minority one and the system may have had a hard time coming up with rational arguments for it but it was still helpful.,5,5,5,5,75,4,
9/1/2021 6:09:40,A1TW2BZRRS874Z,d374cad6be364ca08df8064807b4696e ,Yes,You provided an educated guess. The topic is not in your area of expertise or the prompt was difficult to understand.,5,6,2,6,5,6,a few totally off topic suggestions but other then that I utilized the system much more then normal.,6,6,6,4,55,6,very good all around this time
9/3/2021 2:29:01,A1TW2BZRRS874Z,6a63f278941f4bd9b7e662ea15c765b1,Yes,"You are willing to defend your qualification, but it is quite likely that you did not understand central parts of the prompt or that you are unfamiliar with some pieces of background knowledge.",6,4,5,4,3,4,"While very good at first, it did not keep up with my position on the subject. It kept giving suggestions that were the opposite of my opinion. ",4,4,3,6,80,3,
9/3/2021 2:44:25,A1TW2BZRRS874Z,fb09238862134d049ff4586332fc2b61,Yes,You provided an educated guess. The topic is not in your area of expertise or the prompt was difficult to understand.,6,3,5,6,3,3,"Once again, started off strong but has a hard time I think coming up with views that are not the popular one. I played devils advocate while writing this time and it just does not have enough opposing arguments. But has tons that support it.",3,4,3,6,87,2,
9/3/2021 5:04:35,A1TW2BZRRS874Z,6407201731724a1d8bf49ed97d7a7f4c,Yes,"You are willing to defend your qualification, but it is quite likely that you did not understand central parts of the prompt or that you are unfamiliar with some pieces of background knowledge.",6,6,2,6,6,6,it would give only links sometimes which did not seem to be associated with the topic but other then that it did great.,6,5,6,4,60,6,great job this time
9/3/2021 5:23:10,A1TW2BZRRS874Z,685d08c3809e4d6da38d222976bcab17,Yes,You provided an educated guess. The topic is not in your area of expertise or the prompt was difficult to understand.,6,5,2,5,5,5,After the first few (good) suggestions it just kept repeating them from there. not much new input after the first three tries.,5,5,5,5,75,5,sorry for all the 5 ratings but that is where this one fell
9/3/2021 7:00:07,A1TW2BZRRS874Z,e888cf385adc41b09cdd5f8d486299d6,Yes,You provided an educated guess. The topic is not in your area of expertise or the prompt was difficult to understand.,6,2,6,2,2,3,It gave me no suggestions the first three times I tried it and then gave suggestions arguing for the other side instead of my position. ,2,2,2,7,94,2,
9/4/2021 4:25:46,A1TW2BZRRS874Z,7d355b6f3464416ca79fa52dd9c50226,Yes,"You are willing to defend your qualification, but it is quite likely that you did not understand central parts of the prompt or that you are unfamiliar with some pieces of background knowledge.",6,6,2,6,6,6,If I had to be picky I would say that after a while it just got very repetitive with it's recommendations. It has a hard time closing an argument. ,6,5,6,3,40,7,The system almost wrote the whole thing itself. 
9/4/2021 4:40:54,A1TW2BZRRS874Z,06bfae7a7e804288accd988a9d2259dd,Yes,"You are willing to defend your qualification, but it is quite likely that you did not understand central parts of the prompt or that you are unfamiliar with some pieces of background knowledge.",6,6,3,5,5,5,"I would want the system to better understand the progression of my writings, where I am at when asking for suggestions. ",6,4,5,4,50,5,The system provided a majority of the points in the argument. 
9/4/2021 5:12:55,A1TW2BZRRS874Z,1fd40d445a5f4fa6af359b4452866eb1,Yes,You are fairly confident in your qualification.,6,5,3,5,5,5,"It had the same recommendations every time I looked, just written a little different. They were very useful at first.",6,4,5,5,60,5,
9/4/2021 6:18:27,A1TW2BZRRS874Z,70defe65ad00410a83d645e1c08f5ba6,Yes,"You are willing to defend your qualification, but it is quite likely that you did not understand central parts of the prompt or that you are unfamiliar with some pieces of background knowledge.",6,5,4,5,5,5,"again, just very repetitive at the end. ",6,4,6,4,60,4,I've been giving the system a larger role in writing then in my earlier submissions. It holds it own usually until the end.
9/4/2021 6:36:37,A1TW2BZRRS874Z,bb473744764a4b578bb1cee0127e627f,Yes,You provided an educated guess. The topic is not in your area of expertise or the prompt was difficult to understand.,6,4,5,4,3,4,the system just gives up sometimes after the first couple recommendations. It simply did not give me any after the first 3. ,4,3,4,5,70,3,
9/5/2021 5:09:04,A1TW2BZRRS874Z, e03ef85aec8b445190e519003d884092,Yes,"You are willing to defend your qualification, but it is quite likely that you did not understand central parts of the prompt or that you are unfamiliar with some pieces of background knowledge.",6,6,2,6,6,6,It has trouble keeping up with changing ideas and try to recycle old ones but other then that great this time. ,6,5,6,4,50,6,it was hard for me to pick think of an improvement for it this time since it was almost flawless. 
9/5/2021 5:22:19,A1TW2BZRRS874Z,8def8b4e1181424c8009e7c77cd1f1f5,Yes,"You are willing to defend your qualification, but it is quite likely that you did not understand central parts of the prompt or that you are unfamiliar with some pieces of background knowledge.",6,7,1,6,7,6,"barely repetitive, I set the tone and it took over from there. No real suggestions for this one",7,6,7,3,35,7,I wrote the first sentence and the system took over from there. I had to put together and ending but other then that great
9/5/2021 5:49:59,A1TW2BZRRS874Z,2ead04a3167f4c38875802ca6874084e,Yes,"You are willing to defend your qualification, but it is quite likely that you did not understand central parts of the prompt or that you are unfamiliar with some pieces of background knowledge.",6,5,4,5,4,5,I hate to keep saying it but the system tries to recommend old points over and over until the very end. It will be the same point just written a little bit differently. ,4,5,4,5,70,4,
9/5/2021 6:06:00,A1TW2BZRRS874Z,4022d8e5d974472d92c889c74e7fea9b,Yes,You provided an educated guess. The topic is not in your area of expertise or the prompt was difficult to understand.,6,3,5,3,3,3,"I took a different approach this time and played devils advocate, the system gave up on me after a few tries. I dont think it could relate to such a backwards/underrepresented point of view. ",2,4,2,6,85,2,"I dont really think the things that I wrote, but I wanted to write from different angles when doing the same writing assignment more then once."
9/5/2021 6:45:08,A1TW2BZRRS874Z,ca7d13566ada48419cdde536c051af35,Yes,You provided an educated guess. The topic is not in your area of expertise or the prompt was difficult to understand.,5,3,4,4,4,4,"The system gave up on me half way through. It stopped giving me suggestions, said it had none.",5,5,4,5,70,4,
9/5/2021 7:19:07,A1TW2BZRRS874Z,8f3a8ff6a84e43c9a8e76a8de3936853,Yes,You provided an educated guess. The topic is not in your area of expertise or the prompt was difficult to understand.,6,5,3,5,4,5,it was giving me conflicting suggestions about a third of the time.,5,5,5,5,65,5,
9/5/2021 8:19:23,A1TW2BZRRS874Z,761aaf53b31f4cfda836ca0802f22278,Yes,You provided an educated guess. The topic is not in your area of expertise or the prompt was difficult to understand.,6,2,6,2,2,2,I basically gave me no valid input other then a few points that I had already made,2,4,2,7,93,1,
9/5/2021 9:39:41,A1TW2BZRRS874Z,85a0e0a84eb147eeb0f2db0b946bab2e,Yes,You provided an educated guess. The topic is not in your area of expertise or the prompt was difficult to understand.,4,6,3,5,5,6,The system lost some steam later on in piece but it was mostly great.,6,5,6,4,55,7,"I liked how it tried to match my writing style. I started off using the phrase  ""really cheesed my grits"" (dont know if its a real phrase, it just popped in my head)  and it then started to give me folksy responses. Nice"
9/5/2021 10:07:47,A1TW2BZRRS874Z,151f3551721e4c6fb81c52dac6217a5c,Yes,"You are willing to defend your qualification, but it is quite likely that you did not understand central parts of the prompt or that you are unfamiliar with some pieces of background knowledge.",5,6,2,5,5,6,I noticed a couple suggestions that made no sense but thats all. Hard to complain this time,6,5,7,4,45,7,
9/5/2021 10:22:51,A1TW2BZRRS874Z,5926ac21bce54d03a6acc6054c6bdbf5,Yes,You provided an educated guess. The topic is not in your area of expertise or the prompt was difficult to understand.,5,6,1,6,6,6,It had some repetition but its hard to criticize this time.,7,6,7,3,40,7,"I just figured out a feature that I wish I found sooner and that is it will finish you sentences for you. If your looking for another word so you dont sound repetitive, it is really good at picking up on that and giving you great suggestions on how to finish sentence. "
8/22/2021 19:07:16,A1VZSFHTU51JP0,a2ae7a28141944dda986c3124ce58184,Yes,You are absolutely certain about your qualification.,7,5,3,6,5,6,It could have more suggestions that are vaguely related since there weren't always a lot of suggestions.,7,7,7,7,70,7,
8/22/2021 19:40:48,A1VZSFHTU51JP0,bbf66945de704afe9c3054b659f7c6d8,Yes,You are fairly confident in your qualification.,4,2,7,3,1,1,It ran out of suggestions very quickly so however that can be helped would be good. ,2,5,5,7,90,2,
8/22/2021 22:03:23,A1VZSFHTU51JP0,ed07606664fb45718dc42629cb072c1b,Yes,You are absolutely certain about your qualification.,2,1,7,2,1,2,Having suggestions that add to the story rather than suggesting things that I'd already written.,1,4,6,7,95,1,
8/22/2021 23:06:19,A1VZSFHTU51JP0,a7518c3553b7485a9e01e8bd95843abc,Yes,You are absolutely certain about your qualification.,2,1,7,1,1,2,"Just more of them. The ones it had didn't add anything new and then it ran out of suggestions, so it was hard to write with it this time. ",1,3,2,3,95,1,
8/23/2021 7:40:56,A1VZSFHTU51JP0,0c386c86781946b8a979914d10d70408,Yes,You are absolutely certain about your qualification.,2,1,7,1,1,1,"I'd get rid of the ones that were random. This time many came up that were not at all related and it was hard to find any that could be applied, such as one that just said ""Bye"" with someone's name.",1,3,1,4,90,1,
8/23/2021 9:12:03,A1VZSFHTU51JP0,acfb5f25d1ce43cab27b6e945b14dd1e,Yes,You are fairly confident in your qualification.,1,1,7,1,1,2,Just more results. It hardly produced any suggestions at all. ,1,3,2,7,95,1,"There was an issue with it causing my antivirus to flag the page when I hit tab, so I had to restart the writing task. I'd never seen that happen before. "
8/23/2021 11:13:32,A1VZSFHTU51JP0,fd520baa3a5a4cd3967318729d67382f,Yes,You are fairly confident in your qualification.,2,1,7,2,2,3,More options and less ones that restate the same things. ,1,2,2,5,95,1,On some of these there's no suggestions at all for long blocks of time so I'm having to write more by myself. 
8/23/2021 12:51:18,A1VZSFHTU51JP0,afa0f80124e94b3b9793b29f814765c4,Yes,You are absolutely certain about your qualification.,7,6,1,7,7,7,Just more variety of suggestions in each block. ,7,6,7,4,70,7,
8/24/2021 7:02:15,A1VZSFHTU51JP0,266f0df3fa994ce1b0b8b37da8169d62,Yes,"You are confident in your qualification, but not absolutely certain.",6,4,4,6,5,7,They can be more varied in general. ,6,5,6,6,80,6,
8/26/2021 15:00:32,A1VZSFHTU51JP0,3959b06dd9344c6aa484b3d6b14b4a27,Yes,You are absolutely certain about your qualification.,7,5,1,6,6,7,There is nothing I can think of to improve this time other than more suggestions at the end as it ran out.,7,5,7,4,70,6,
8/26/2021 22:50:54,A1VZSFHTU51JP0,c3c6c170b591441d84438080a0493828,Yes,"You are confident in your qualification, but not absolutely certain.",2,1,7,2,1,3,"It could have more suggestions later on. It only had a few at the start, repeated them throughout and then just had none by the end. ",1,3,2,7,95,1,
8/26/2021 23:14:34,A1VZSFHTU51JP0,a9feecdb84e14399936bbbe1eb2bbfd7,Yes,"You are confident in your qualification, but not absolutely certain.",4,4,3,4,4,5,"It could stop throwing dates in as suggestions such as Feb 16, 2013. I'm not sure what that had to do with anything. ",4,2,3,2,80,2,
8/26/2021 23:43:22,A1VZSFHTU51JP0,027db48dd5c84f9ebe6a19c5ac9ce502,Yes,You are absolutely certain about your qualification.,4,1,5,3,3,4,It could have more varied responses that apply to what is being written. ,3,5,4,5,90,3,
8/27/2021 0:43:48,A1VZSFHTU51JP0,7f7139dd71de4963accdfb9d471836a8,Yes,"You are willing to defend your qualification, but it is quite likely that you did not understand central parts of the prompt or that you are unfamiliar with some pieces of background knowledge.",3,1,7,2,1,3,It seemed to get confused and kept repeating only two competing arguments for a while. It seemed stuck so maybe that could be fixed. ,2,5,2,7,90,1,
8/27/2021 1:34:58,A1VZSFHTU51JP0,01bc6cf8deb24d5e8877daac7cb4d086,Yes,You are absolutely certain about your qualification.,6,3,3,6,5,7,Just suggestions that are more relevant as some were a little off. ,7,6,7,6,85,7,
8/27/2021 2:08:36,A1VZSFHTU51JP0,ba74a6b6e52d42318d8ab8ab67651632,Yes,You are absolutely certain about your qualification.,6,6,1,6,5,6,Some suggestions were cut off at the end like doctor's office was missing the word office.,6,7,7,6,75,7,
8/27/2021 2:34:46,A1VZSFHTU51JP0,6fd58f906fe945bcbfbb07fe84816bc3,Yes,You are fairly confident in your qualification.,6,1,7,4,1,3,It didn't have suggestions for most of the task so that could be improved. ,2,6,4,7,90,2,
8/27/2021 4:17:04,A1VZSFHTU51JP0,3d0be5ccb3ba4bf7aa4f243e70dcafd3,Yes,You are absolutely certain about your qualification.,5,2,5,3,2,3,It kept just repeating its first suggestion rather than new ones as the story progressed so that could stand to be improved. ,3,6,3,7,85,3,
8/27/2021 4:36:55,A1VZSFHTU51JP0,3cd70a8705814f8eb1344dca49679aee,Yes,You are absolutely certain about your qualification.,7,5,3,5,5,6,The initial suggestions were really specific and hard to work in. One for example was about Interview with the vampire and I couldn't fit that in. The suggestions improved later though and were helpful.,5,6,7,5,75,7,I ended up struggling to figure out what to write at the start as the suggestions were hard to fit in. 
8/27/2021 11:17:24,A1VZSFHTU51JP0,02aa8f6a107341ceb9cd2ef1a43da832,Yes,You are absolutely certain about your qualification.,3,1,7,2,1,2,It kept repeating the same suggestions. In general when I've done this exact task before it seems to have trouble coming up with suggestions.,1,6,1,7,90,1,
8/28/2021 15:49:45,A1VZSFHTU51JP0,c0ddb4d2d0554f3aacd95fcd3c4bd4eb,Yes,You are absolutely certain about your qualification.,4,2,6,2,2,4,It could repeat the initial suggestions less often.,3,5,3,6,85,2,
8/28/2021 16:37:40,A1VZSFHTU51JP0,748af209d9014eeb9a66146e3db9a1d3,Yes,"You are confident in your qualification, but not absolutely certain.",5,3,4,5,5,6,It just suggested things that were extensions of what was already being written rather than new ideas. ,6,4,6,6,80,5,
8/28/2021 17:05:55,A1VZSFHTU51JP0,0435d4e4088e4592a339c301328c157c,Yes,You are absolutely certain about your qualification.,7,3,1,7,6,7,It often tends to just give things to add to the story rather than giving new ideas when you are writing an essay. ,7,6,7,5,75,7,
8/30/2021 7:28:04,A1VZSFHTU51JP0,ebe81e9a3f3943e0bbfccca97f752e41,Yes,You are absolutely certain about your qualification.,5,5,1,5,4,5,It could stop repeating the same ideas throughout. ,5,6,7,5,75,7,
8/30/2021 8:26:41,A1VZSFHTU51JP0,6d9089d1570347fbb352497546c663fd,Yes,You are absolutely certain about your qualification.,5,2,7,3,3,3,"It kept repeating the same initial lines of ""I think technology has made dating easier"" through the entire task.",4,6,5,7,85,4,
8/30/2021 13:05:33,A1VZSFHTU51JP0,cd99ed0ca6f244039d82b04f4e9fdc60,Yes,You are absolutely certain about your qualification.,6,6,2,6,5,7,There could be less sports suggestions.,6,7,7,5,65,7,
8/30/2021 22:14:41,A1VZSFHTU51JP0,b8f3d57696324094950711edd32a4fd4,Yes,You are absolutely certain about your qualification.,4,1,6,4,3,3,"It could stop repeating its first suggestions like ""I don't think its offensive but it is annoying"". That kept popping up. ",3,2,3,6,90,1,
8/31/2021 8:55:11,A1VZSFHTU51JP0,1855af9b837c4635a227739875aae193,Yes,You are absolutely certain about your qualification.,5,4,4,5,4,4,It can repeat less of the same suggestions that I'd decided not to use. ,4,6,6,7,85,5,
9/3/2021 11:08:23,A1VZSFHTU51JP0,9263032ff341476289f96ee1651ddd5a,Yes,"You are confident in your qualification, but not absolutely certain.",6,2,1,6,5,7,There was one broken sentence and some one word suggestions. ,7,7,7,5,70,7,
9/3/2021 11:49:29,A1VZSFHTU51JP0,ffa97e9f02214fdaad83cabea410c1d9,Yes,You are absolutely certain about your qualification.,1,1,7,1,1,2,"It kept repeating the same things ""I think the most offensive stereotypical characters are the ones used to make a point"". It also started just using things I already wrote as suggestions.",1,2,1,5,95,1,
9/3/2021 18:50:34,A1VZSFHTU51JP0,6eaf9b00bf214c9e87a914740242b985,Yes,You are absolutely certain about your qualification.,6,4,2,5,5,6,Some suggestions could be removed such as a website URL that seemed really random. ,5,6,7,5,75,7,
9/3/2021 19:26:11,A1VZSFHTU51JP0,1ca38e46688e4a758b4c626ce2ba2ff6,Yes,You are fairly confident in your qualification.,6,5,1,6,6,7,There could be fewer suggestions that are more focused. ,7,7,7,4,65,7,
9/3/2021 19:51:23,A1VZSFHTU51JP0,bd00c8e367554d4287e83dee669b96ed,Yes,You are fairly confident in your qualification.,7,5,1,7,7,7,There was a URL provided as a suggestion that was out of place. ,7,7,7,1,55,7,
9/3/2021 20:13:28,A1VZSFHTU51JP0,a4fcbdfc711c4a17ad9acebee41ae6a3,Yes,"You are confident in your qualification, but not absolutely certain.",4,3,4,3,3,4,It could have less suggestions that are questions as they are hard to fit in. ,4,5,6,6,80,4,
8/19/2021 9:44:24,A1WKF2VH7TV0H2,8db57b4ba7e048a9bf984a13233f3cf9,Yes,You are absolutely certain about your qualification.,5,3,4,3,2,3,"it didn't give me many suggestions, only one or two.",3,5,6,7,95,4,
8/26/2021 4:29:31,A23KAJRDVCVGOE,c122541b81664615bcc5f3c2bebad597,Yes,You are fairly confident in your qualification.,6,3,3,3,4,5,need a wide variety of topics i feel the AI topics were repeated ,5,6,5,3,90,5,
8/29/2021 5:43:40,A23KAJRDVCVGOE,f1c71be96fd04e3f8008c90725349283,Yes,"You are confident in your qualification, but not absolutely certain.",3,1,3,2,1,2,the system could not provide any new info for me,3,4,5,7,90,3,
9/5/2021 6:32:39,A23KAJRDVCVGOE,0a08f7fd748246c8ad4e353edb7e2394,Yes,"You are confident in your qualification, but not absolutely certain.",5,1,7,1,1,1,the system did not come up with any suggestion ,2,5,3,7,99,2,
8/30/2021 12:46:35,A2BPXWBO2OSJRP,5107cf5a8ad048e99b0d92892e98d40a,Yes,"You are confident in your qualification, but not absolutely certain.",6,7,1,6,4,5,"Sometimes there was a lack of fluency, but many suggestions gave me helpful segue ideas.",6,6,7,5,95,7,
8/19/2021 2:23:01,A2EED3HLTA96CP,6efda955ff5643aab9d94b60c4b1cdee,Yes,You are absolutely certain about your qualification.,5,4,4,4,4,4,"I was able to use 4 sentences, and they were all almost a restatement of what I had already written. They were time-saving tidbits, not creative input. The AI was lost here.",7,7,7,6,90,5,
8/19/2021 3:12:11,A2EED3HLTA96CP,8fa18f2fac174742b19861bb9f802345,Yes,You are absolutely certain about your qualification.,3,1,7,2,2,1,"The AI phoned it in here. I used  3 sentences out of duty, but most of the suggestions were ""What do you think?"". I used it for the last sentence, but: really? This is my second essay written with AI and so far it is just a shadow of that it was for fiction.",2,6,7,7,93,4,
8/19/2021 3:45:26,A2EED3HLTA96CP,13746247c1024f0493dca4d1d2173719,Yes,You are absolutely certain about your qualification.,7,6,1,7,7,6,"For the first half of the essay, the AI seemed lost. But then it appeared to rally and I used three sentences in a row near the end as I liked the rhetorical flourish. I was impressed with AI's help here.",7,6,7,6,65,7,
8/19/2021 3:59:54,A2EED3HLTA96CP,c7dc5563ed07478f9284190b6085f4d3,Yes,You are absolutely certain about your qualification.,7,6,1,7,7,7,"The suggestions were uniformly good, and were especially helpful during the last few minutes.",7,7,7,6,65,7,"I have adopted an AI suggestion, ""what do you think?"" as part of my essay boilerplate, which is a massive affirmation of the utility of this AI tool."
8/19/2021 4:36:24,A2EED3HLTA96CP,108dc8943a93452cb3d9321ceab2e989,Yes,You are absolutely certain about your qualification.,6,2,4,6,5,6,"This essay was highly personal. I knew where I was going, so the AI took a back seat. Nevertheless, at key points the AI was ready with a succinct phrase or suggestion that helped me write.",7,6,7,7,80,7,
8/19/2021 5:16:10,A2EED3HLTA96CP,780c48b1977548dfa5e66adf6b2f9d51,Yes,You are absolutely certain about your qualification.,6,7,1,7,7,7,"Since I was arguing a position with which I do not actually agree, I relied on the AI to provide forward discursive motion, and it more than adequately filled this role.",7,6,7,5,45,7,
8/19/2021 13:27:33,A2EED3HLTA96CP,9f2ba74210184ca1843adc31044612bb,Yes,You are absolutely certain about your qualification.,7,7,1,7,7,4,"I asked the system for a first sentence: it served it up and I ran with it. Near the end, it supplied a nice rhetorical flourish which I modified but used happily. A true collaboration.",7,7,7,6,55,7,
8/19/2021 13:53:53,A2EED3HLTA96CP,1d62258005fb48a481225aed62066b36,Yes,You are absolutely certain about your qualification.,7,7,1,7,7,7,I used system suggestions here more than any other essay. I was actually more an editor than a writer!,7,5,7,2,25,7,
8/20/2021 3:17:06,A2EED3HLTA96CP,244d645564d1493f993123ac70f899e4,Yes,"You are confident in your qualification, but not absolutely certain.",7,4,4,6,4,3,"One thing I have noticed: if the system offers multiple sentences you may want to use a few, especially if they fit well together. But once you pick one, it seems impossible to get the sentences back to choose another from an offered set. There should be a way to recall the last set of suggestions. This is irritating and unnecessary.",5,5,5,7,80,7,
8/20/2021 3:30:01,A2EED3HLTA96CP,626c3c43e024479baaa6948e2c4b6e27,Yes,"You are confident in your qualification, but not absolutely certain.",5,3,5,6,4,3,"The system was a bit lost here. It provided the first sentence, a few restatements of what I already wrote (some of which I added, but not at the point of suggestion) and that's about it.",5,5,7,7,75,7,
8/20/2021 3:58:02,A2EED3HLTA96CP,6e931e7308f94a198553a8f24c8feb5e,Yes,"You are confident in your qualification, but not absolutely certain.",7,7,1,7,6,6,"I looked up a movie to write about and was amazed that the system knew all about that movie, which made much of the writing a breeze and saved me research time.",7,6,7,4,55,7,
8/20/2021 4:44:30,A2EED3HLTA96CP,913991c2f1c843f68d2f549533418965,Yes,You are absolutely certain about your qualification.,4,3,7,2,2,2,"The system was a spectator here. I checked with it many times, and did use a couple of sentences, but these sentences did not greatly add to the essay.",4,4,7,7,90,7,
8/20/2021 5:00:07,A2EED3HLTA96CP,0b755c9e2338496587d0b88471056e6b,Yes,You are absolutely certain about your qualification.,7,5,1,5,7,6,"The system was useful in filling in a number of key sentences, which had both flow and relevancy. The language was slightly awkward but easily fixable.",7,5,7,7,65,7,
8/20/2021 5:38:01,A2EED3HLTA96CP,52c100caa73b4d7ba9185287b8863362,Yes,"You are confident in your qualification, but not absolutely certain.",4,2,4,4,4,2,"I wrote about a rather narrow aspect of online dating, and the system was only able to offer platitudinous generalities. This is unfortunate as I could have really used the help.",4,4,5,7,92,6,
8/20/2021 6:13:15,A2EED3HLTA96CP,3b62a2036d2643faa4590b94c3fb0d35,Yes,You are absolutely certain about your qualification.,6,2,4,5,4,5,"The system suggestions here were workmanlike, though a bit awkwardly phrased. I used a few sentences more to save typing than out of any enthusiasm. The AI can and has done better in other sessions.",7,4,7,7,75,7,
8/20/2021 6:57:10,A2EED3HLTA96CP,f84d42f7c64c4b92b75b3d718a99c8c4,Yes,You are absolutely certain about your qualification.,2,2,6,1,1,1,"One sentence: that is the sum of useful suggestions throughout this essay. The system offered topics  and the restatement of vapid generalities, again and again, and when it wasn't doing that it was returning null sets.  The worst performance I've seen.",1,4,7,7,95,4,
8/23/2021 5:09:44,A2EED3HLTA96CP,4ef600b3d75344abaad59aadc0fe200a ,Yes,You are absolutely certain about your qualification.,3,1,6,4,4,2,"Although I had great fun writing this essay, the AI was a spectator here. I used a few of the suggested sentences out of a sense of duty, but I kept seeing the same vapid suggestions through the writing. When I tried to get a concluding sentence (something the AI is often good at) I got nada.",4,7,7,7,92,7,
8/23/2021 5:33:01,A2EED3HLTA96CP,ea10c484cd6245f6a5840eea4b4b143b ,Yes,"You are confident in your qualification, but not absolutely certain.",4,2,7,4,5,4,"Though the system suggestions were grammatical, they never progressed apace to any of the arguments I was making. The sentences I used from the suggestions barely fit with the tone I wanted. Not a great showing for the AI.",4,5,7,6,90,6,
8/23/2021 5:49:55,A2EED3HLTA96CP,a8e549506ba24360a68afdc95e094e57 ,Yes,"You are confident in your qualification, but not absolutely certain.",3,1,4,4,4,2,I could have used much more help than the system gave me. I saw the same sentences multiple times. This was a failure on the part of the AI in my opinion.,3,3,7,7,92,7,
8/23/2021 6:06:47,A2EED3HLTA96CP,406e98d0ec3c412397412ac18367d491 ,Yes,"You are confident in your qualification, but not absolutely certain.",6,4,2,6,6,2,"The suggestions here were good, but were more restatements of what I already wrote than a prod for new directions. The point expressed 3 paragraphs from the end (about ""prerequisites"") was a great AI suggestion but should have come earlier.",6,4,7,5,67,7,
8/23/2021 6:41:51,A2EED3HLTA96CP,ba5029002a8e486f98404e68e850a3b5 ,Yes,You are absolutely certain about your qualification.,7,2,4,7,6,7,"I was surprised that the system was able to summarize my argument well (""There is really no morally relevant..."") almost immediately. An impressive performance! I was quite certain of my argument so I did not need ideas, just help, which I received.",7,6,7,6,67,7,
8/23/2021 7:01:07,A2EED3HLTA96CP,d40c6dfd679b4152b3f9334e56053ecf ,Yes,You are fairly confident in your qualification.,7,6,1,6,7,7,"This was a true collaboration, and the system was the source of many good sentences, some of which I used.",7,6,7,4,53,7,
8/23/2021 7:27:14,A2EED3HLTA96CP,4831f92b228149c191708a694807853e ,Yes,You are fairly confident in your qualification.,7,6,1,6,6,6,"Except for one gap where it had nothing to offer for a while (about 80% of the way through), the AI was useful and helpful here.",7,7,7,4,60,7,
8/23/2021 7:49:14,A2EED3HLTA96CP,d4759814eb5d4d17bfcbe373d0947e58 ,Yes,"You are confident in your qualification, but not absolutely certain.",7,6,1,7,7,7,The system wrote two paragraphs virtually in their entirety. A virtuoso performance by the AI.,7,6,7,4,50,7,
8/23/2021 8:06:54,A2EED3HLTA96CP,25e8108b41f54a0ebfffb047cccf0f30 ,Yes,You are fairly confident in your qualification.,4,1,5,3,3,2,"I think at least a dozen requests for help went answered with null sets, maybe more. I was open to using the system suggestions but it seemed not to understand the simple argument that college student athlete incomes be placed in trust. I was ""hung out to dry"" by the AI here.",4,5,5,7,93,6,
8/23/2021 9:35:06,A2EED3HLTA96CP,9d434f5659c34d98bc3fe8a4bb5a4a91 ,Yes,You are absolutely certain about your qualification.,5,5,3,5,5,5,"This was the tale of two writings. The first half was replete with the message ""No suggestions to be shown"" from writingwithai.glitch.me, but the second half featured three paragraphs mostly contributed by AI.",5,5,7,5,60,7,
8/23/2021 11:37:39,A2EED3HLTA96CP,092396c287e54c3d9454ba20bb1ccc83 ,Yes,"You are confident in your qualification, but not absolutely certain.",7,5,1,7,6,6,"The AI contributed many grammatical and well-written sentences, many of which I used as is.",6,6,7,4,57,7,
8/23/2021 11:57:03,A2EED3HLTA96CP,616c20d27921488686ac8d50bf911c9a ,Yes,You are absolutely certain about your qualification.,4,2,6,2,2,2,The system failed to understand that I was arguing for the moral parity of humans and animals. The suggested sentences were either way off base or null sets. I had to feed the AI simple ideas near the end so I could use something from the system.,4,5,7,7,91,7,
8/24/2021 2:50:47,A2EED3HLTA96CP,a37397d4adbe4733a8026d82dcf8d7a0 ,Yes,"You are confident in your qualification, but not absolutely certain.",6,6,1,6,6,5,"I was surprised to see ""government"" spelled wrong in a suggestion. Other than that, the AI rose to the occasion and helped me argue a very far-out thesis.",7,6,7,5,65,7,
8/24/2021 3:05:38,A2EED3HLTA96CP,4e45f719739a423899b044f67aee9eb0,Yes,"You are confident in your qualification, but not absolutely certain.",6,6,1,6,7,7,"This was a highly collaborative session, More than half of the essay was written by the system.",7,7,7,4,40,7,
8/24/2021 3:45:46,A2EED3HLTA96CP,fcd4884cb1ad44e0b1a1e1304cd61cb0 ,Yes,You are absolutely certain about your qualification.,7,3,4,5,7,5,"The AI was great at supplying sentences relating to what I had already written, but was never able to meaningfully advance the thesis for which I was arguing.",7,5,7,6,65,7,
8/24/2021 4:43:57,A2EED3HLTA96CP,f1d70b54c33f475192d3f503a4c6fd84 ,Yes,You are absolutely certain about your qualification.,6,6,4,7,7,6,"I tried something new here: I let the AI write whole paragraphs of the beginning and than I followed its lead the rest of the way. I think my sentences were more fluent, but the AI-supplied writing was not bad and the experience of collaboration was a pleasant one.",7,5,7,3,46,7,
8/24/2021 5:26:09,A2EED3HLTA96CP,e829b10c37c44068b58804a38e1f4840,Yes,You are absolutely certain about your qualification.,6,4,4,4,4,3,"I was advancing an unusual thesis so the AI was not much help with the nuts and bolts of the argument. Nevertheless, I used several of the system's sentences early on, and found them helpful.",7,4,7,6,79,7,
8/24/2021 6:32:01,A2EED3HLTA96CP,a215d4b3242a4e999ee6fafdd793cac6 ,Yes,You are absolutely certain about your qualification.,7,4,1,7,5,6,"The system was able to write about National Library Service for the Blind and Physically Handicapped as an expert, and to know the reason why the offerings of that service were aesthetically limited. That is impressive and shows considerable cultural literacy. I used this information and was impressed.",7,5,7,5,75,7,
8/24/2021 10:10:16,A2EED3HLTA96CP,73339baf931847a2be52f80f66252a1b,Yes,You are absolutely certain about your qualification.,7,7,1,7,7,7,"The system was a great collaborator and provided many of the key sentences in this essay. I supplied the thesis, but the AI quickly appropriated, understood, and ran with it.",7,6,7,4,50,7,
8/27/2021 7:58:04,A2ONILC0LZKG6Y,9f78d6e56aac47f6a4927dc231cc6f98,Yes,"You are confident in your qualification, but not absolutely certain.",6,3,5,6,3,4,"A lot of the suggestions kept coming back to the same point, and while I used it once I didn't want to keep repeating the same thing over and over. In fact most of the suggestions were repetitive. ",4,2,3,5,85,4,
8/27/2021 8:24:21,A2ONILC0LZKG6Y,825d93ee72ec4f8390286a45eca1a2a6,Yes,"You are willing to defend your qualification, but it is quite likely that you did not understand central parts of the prompt or that you are unfamiliar with some pieces of background knowledge.",6,6,3,6,5,4,"It was helpful with providing facts (I hope they were facts, I just trusted the info) and supporting my points to finish them off/expand on them slightly. But when I was actually stuck, needing to move on, it wasn't helpful. The suggestions either went back to previous points, or didn't make sense.",5,3,4,5,80,4,
8/27/2021 8:56:18,A2ONILC0LZKG6Y,2465c23b3c7e4d1dac1c5ee02bc878d7,Yes,You are absolutely certain about your qualification.,6,5,3,6,5,5,"It latched on the the idea of ""being responsible"" early on, but just kept restating that point for the most part. That may be because I mostly asked for suggestions at the end of a sentence rather than the middle. The suggestions seemed more varied mid-sentence.",6,5,5,5,85,5,
8/27/2021 12:29:04,A2ONILC0LZKG6Y,f86105405d7d4c87bbfcd6b91d5d53a3,Yes,You are fairly confident in your qualification.,3,3,5,4,4,5,"A couple of times some of the suggestions didn't make sense - like the system got half way through a prompt and just started putting related but not coherent words together. Also, all of the suggestions seem to relate to the entire piece at is written, and most closely to the most recent sentences written. Which is probably good as a whole. But makes it unhelpful when you want to go back and beef up something from earlier in the writing (since even if you move your cursor up to a previous paragraph the suggestions will still be most closely related to the last couple of sentences)",4,4,4,6,90,3,
8/30/2021 8:08:34,A2ONILC0LZKG6Y,95804c7277db4d538b06492830bed43c,Yes,"You are willing to defend your qualification, but it is quite likely that you did not understand central parts of the prompt or that you are unfamiliar with some pieces of background knowledge.",6,2,4,4,3,3,"The suggestions just weren't very helpful - no useful facts, no ideas or points. Mostly just repeating the same thing over and ovr, including the one point it suggested that I had already used. ",4,4,5,6,95,4,
8/19/2021 14:51:27,A2OVOVZBJYUO,506752c9b184496994a69279e5d63610,Yes,You are fairly confident in your qualification.,4,4,3,4,4,5,Some suggestions didn't really make sense. I also had to edit some sentences due to grammatical errors.,6,4,5,5,86,6,
9/5/2021 14:58:23,A2OVOVZBJYUO,99787c0818c64ba1b67cb399e5b88039,Yes,You are fairly confident in your qualification.,4,1,4,1,1,2,It felt like it didn't have suggestions for me the majority of my attempts.,4,1,4,6,95,6,
8/26/2021 15:54:36,A2QKAA5YS0P4CI,4cf7657748194823a3c4349e8a469c99,Yes,You are absolutely certain about your qualification.,6,6,2,6,6,6,It seems that the suggestions stayed on topic approx. 85% of the time. Some of the time there were only two or three suggestions,6,7,7,7,60,7,
8/31/2021 15:21:41,A2QKAA5YS0P4CI,fb5e90d056b14b128c73f0d7cd366304,Yes,You are absolutely certain about your qualification.,1,1,7,1,1,1,The system kept saying over and over that there were no suggestions and to try again. I only got two valid suggestions for the entire essay,1,7,1,7,99,1,
8/22/2021 5:51:30,A2QX3YJXAAHHVV,95b8a64db3d3471f9662d0019357059d,Yes,"You are confident in your qualification, but not absolutely certain.",6,5,1,7,6,7,"The AI wanted to credit particular schools and teachers, rather than focus on crediting the topic for the positive effects. ""This was a topic at the Julliard School"" ""Mr. Grey taught me this."" Etc. ",7,7,7,7,80,7,"The Ai did a good job of fleshing out the topic, once I had a few sentences written. Before I had that written, however, it wanted to put schools, teachers, and authors as being credited for the positive effects I gained from a topic. It has done the same thing on the Creative task, wanting to credit studios/authors/producers. "
8/22/2021 6:06:38,A2QX3YJXAAHHVV,478d7bee3c53454fb80f423138913c4f,Yes,You provided an educated guess. The topic is not in your area of expertise or the prompt was difficult to understand.,7,7,1,7,7,7,"I am not a woman, or who reads Romance novels, but the AI apparently is! It did a grand job of writing this time; beside grammar and formatting, there is nothing I saw that could be improved!",7,7,7,7,20,7,Apparently the AI is an expert on women's romance novel characters. This was the best essay and suggestions I've ever seen it do!
8/22/2021 6:29:29,A2QX3YJXAAHHVV,bb820561ffe24e01ab3be7abb8d325a6,Yes,"You are confident in your qualification, but not absolutely certain.",7,6,1,6,6,5,"The system got ""stuck"" several times, wanting to repeat or paraphrase existing sentences. It didn't have enough knowledge of Native American stereotypes.",6,7,6,7,80,7,"I got a good laugh as the AI was generating stereotypes for Native Americans. ""The blond-haired blue-eyed uber-man..."" No AI, that's Nazis, not Native Americans. Made me laugh!"
8/22/2021 6:47:03,A2QX3YJXAAHHVV,b28b4e5e12c24f80a9e3bf0f3d9cf030,Yes,"You are confident in your qualification, but not absolutely certain.",6,7,2,6,7,7,"The system knew the phase ""dumb blonde"", but didn't know anything about the specific stereotypes associated with the phrase.  It could have a more fleshed out knowledge of specific stereotypes. ",7,7,7,6,70,7,"This is the second essay where the AI knew of a stereotype, but not specific information about it. It wanted to put that ""Dumb Blondes"" were mute. "
8/22/2021 7:03:54,A2QX3YJXAAHHVV,b6211411e58a4a5e8b7f0a2754d4b429,Yes,You are fairly confident in your qualification.,7,6,1,4,7,5,"The AI struggled with the theme ""Technology is a tool we use"", and kept running out of useful suggestions on relationships/dating.",6,7,7,7,90,7,Ai had a particularly hard time with this prompt. It gave many unrelated suggestions. 
8/22/2021 7:23:33,A2QX3YJXAAHHVV,6aebd1be61b34dd1a3154f471c891647,Yes,You provided an educated guess. The topic is not in your area of expertise or the prompt was difficult to understand.,6,7,1,5,5,6,"The Ai kept wanting to reference schools and teachers ""USD 295, Coach Carter"" etc. This type of essay doesn't need credits/references to famous schools/activities",6,6,6,7,80,7,This was a difficult topic for the AI. It wanted to reference schools/teachers like credits for a movie. 
8/22/2021 7:42:41,A2QX3YJXAAHHVV,f9ca19925c9f4e7ca77044766549ea83,Yes,"You are confident in your qualification, but not absolutely certain.",6,6,1,6,6,6,"The system wanted to do recommendations involving proper nouns: ""Dr X. says to do this, Carnegie Mellon Studies, A focus group says this, etc"".  It needed to have more realistic recommendations to overusing screen time. No real doctor would say that playing video games improves screen time. It does just the opposite. They might say to walk your dog every hour, though. ",7,7,6,7,70,7,AI had issues with referencing People/places incorrectly. It wants to credit them in a movie-style format. 
8/22/2021 8:03:01,A2QX3YJXAAHHVV,ae1a4e491d3045dc9cac0b30f832667e,Yes,"You are confident in your qualification, but not absolutely certain.",7,7,1,6,7,7,"There were several unrelated source references. ""This is a book by X"" ""Adapted for dramatization by X"" Otherwise, the AI did a great job, with smooth, flowing, and relevant examples, and (though false) personal experiences. ",7,7,7,7,50,7,This tone of essay seems to work well for the AI. It had many great and relevant suggestions. 
8/22/2021 8:20:43,A2QX3YJXAAHHVV,06a646f4746648eebec3e1869b713d7e,Yes,"You are confident in your qualification, but not absolutely certain.",4,7,2,7,6,6,"The Ai ran out of suggestions, when expounding on how Math, reading and writing were important. It kept wanting to say the same thing, or had no suggestions.",7,7,6,7,70,7,"AI ran out of answers/clarifications on this topic. Had many suggestion errors, with no prompts. "
8/22/2021 8:38:00,A2QX3YJXAAHHVV,114dfaf5c4a0437880b6829c92b9dce8,Yes,"You are confident in your qualification, but not absolutely certain.",6,7,2,7,7,7,The phrasing of the suggestions was not widely-varied. It wanted to use 90% the same words with only minor changes to the sentence. ,7,7,7,7,70,7,"AI was stuck on the same phases a couple of times, even though we had already written them. There were no new ideas. "
8/22/2021 9:06:29,A2QX3YJXAAHHVV,b2a06d7e1afb42439ab15004d1ded82c,Yes,You are fairly confident in your qualification.,7,7,1,7,7,7,"Everything seemed clear to the AI. 0 issues, and I was so impressed, I let it write the majority of the paragraph to see where it would go. ",7,7,7,4,20,7,"The AI did a very good job of detailing interracial relationships. If God is a woman, The AI must also be a woman, in an interracial relationship. Everything it wrote felt personal, and I just let it run with its creative writing. "
8/22/2021 9:24:58,A2QX3YJXAAHHVV,3fd4689bc9384b6180595d77d771a312,Yes,"You are confident in your qualification, but not absolutely certain.",7,7,1,7,7,7,"The AI likes to make declarative statements, without giving reasons or fleshing out the topic. It could do better in explaining why something is a specific way. ",7,7,7,6,70,7,"The AI got stuck where it suggested similar phrases, with only small changes.

 ""They will be able to get along with their friends and their family. They will be able to get along with their teachers and their bosses. They will be able to get along with their coworkers. They will be able to get along with their neighbors. They will be able to get along with the people they meet. ""

It's strong, but could be phrased with more variety to keep it more engaging. It reads to me like a Alex Jones or an evangelical preacher beating a point to death, by hypnotic repetition, rather than examples. 
"
8/22/2021 12:51:53,A2QX3YJXAAHHVV,03f76432a1e149e1887c28daf15807f0,Yes,"You are confident in your qualification, but not absolutely certain.",7,7,1,7,7,7,"The AI has a quirk where it likes to write similar phrases, with only small changes.  e.g. ""I don't like it when a character is only there to be the ""token"" person of color.  I don't like it when a character is only there to be the ""token"" woman. I don't like it when a character is only there to be the ""token"" gay person. I don't like it when a character is only there to be the ""token"" disabled person. I don't like it when a character is only there to be the ""token"" anything."" This is interesting, because it is grammatically correct, and repetition can be powerful in stressing a point, but quickly runs in circles if you don't choose unique phrases from the suggestions. ",7,7,7,6,50,7,"I've noticed a trend where the AI runs in circles with phrasing. It reminded me of Alex Jones /Bible-belt preachers who say the same thing repeatedly, without explaining or giving any substance/proof to it. Fleshing out a topic seems to be a weakness, paraphrasing, not as much. "
8/22/2021 13:17:54,A2QX3YJXAAHHVV,0762e9fe57434dae90b272429428357b,Yes,"You are confident in your qualification, but not absolutely certain.",7,7,1,7,7,7,The AI ran out of good suggestions about technology/love and dating. I'd assumed it would know more about machines and  love :),7,7,7,6,90,7,"The AI got stuck in a loop again, paraphrasing previous sentences, with only minor changes, and then having no suggestions. I think it needs more experience on the topic. "
8/22/2021 13:37:20,A2QX3YJXAAHHVV,7ab37dbcbce14ef4aec847b875063e29,Yes,"You are confident in your qualification, but not absolutely certain.",7,7,1,7,7,7,"Some of the suggestions were very passive in tone, or awkwardly worded. Ai seems to prefer writing in a passive tone vs active, and sometimes switches tenses. ",7,7,7,6,60,7,"Many great suggestions for common issues from the AI. It was well-experienced in the dangers of technology and dating. It probably was catfished once upon a time! Grammar was a bit awkward, but no major issues. "
8/22/2021 13:57:00,A2QX3YJXAAHHVV,9a349a9b53a848809ca59ed0823273b0,Yes,You are fairly confident in your qualification.,6,7,2,7,7,6,"Staying relevant on a human quality topic such as ""independence"" seems difficult for the AI. 
It seemed to often lack the experience to give meaningful suggestions. ",7,7,7,7,80,7,"The AI had an interesting concept: that children's most important lesson from school is independence. However, it had some off-topic anecdotes, and suffered when explaining/clarifying its position, being unable to make meaningful or relevant suggestions to a great topic of its own choosing."
8/22/2021 14:18:01,A2QX3YJXAAHHVV,df8b3e2640104dbdadd07e6c6475bb4b,Yes,"You are confident in your qualification, but not absolutely certain.",5,6,1,6,7,6,"We had some issues here with staying on point. It kept wanting to multi-gender itself (I) '""As a woman, I've had X experience with media"" ""As a man"", referencing talking to boyfriends and girlfriends interactions on social media. Perhaps it identifies as multiple genders and sexualities.",7,7,6,4,40,7,"I let the AI take a lead on this topic, and it often seemed distracted, or meandered around some points. The conciseness, elaboration/explanation of some topics seems to be a weakness. "
8/22/2021 14:36:22,A2QX3YJXAAHHVV,5cb5a5445f3a4e82af6dcd70d4019ba6,Yes,You provided an educated guess. The topic is not in your area of expertise or the prompt was difficult to understand.,6,7,1,6,6,7,"The AI had many ""feelings"" on this topic, declarative sentences, that needed more proof. ",6,6,6,7,40,7,"The AI had more opinions, less facts about this topic. It wanted to be anti-period products, but didn't have  much data to explain why. Possibly not many writers take this position. "
8/22/2021 14:53:10,A2QX3YJXAAHHVV,90c79f94b57b4ef2b3c7d9c4598b7afa,Yes,"You are confident in your qualification, but not absolutely certain.",7,6,1,7,7,7,"The AI chose a really depressing worldview, but otherwise did a solid job expounding its position. It was virtually indistinguishable from human doomsayers. ",7,7,7,7,40,7,"I let the AI clarify its position here, and it went dark pretty quickly. It really played on the emotional side of things, but did a very solid job of writing. Very interesting interaction this time!"
8/22/2021 15:07:37,A2QX3YJXAAHHVV,b420f1799193446cb60c42a4cfc5053b,Yes,"You are confident in your qualification, but not absolutely certain.",7,7,1,6,7,6,"The anecdotal suggestions by the AI sometimes are very cliched, or contradicting. It can't decide what it wants to be when it grows up!",7,7,7,6,50,7,"This was an enjoyable, positive sessions, where the only issues were the AI having trouble keeping its friends/boyfriends/girlfriends in order when storytelling. "
8/22/2021 15:27:40,A2QX3YJXAAHHVV,b75ef56faed74be0b4b59e15138e18f4,Yes,You provided an educated guess. The topic is not in your area of expertise or the prompt was difficult to understand.,6,7,1,7,7,7,"The AI could have been a little more clear while explaining its position. It seems to have trouble clarifying reasons, on topics/stances with less data. ",7,6,7,5,50,7,"The Ai didn't want to provide tampons because it's the parent's duty. But it had a very hard time explaining why it was their duty, or giving any examples."
8/23/2021 17:09:39,A2QX3YJXAAHHVV,4087251840494e2f85eefbc4537add1c,Yes,"You are confident in your qualification, but not absolutely certain.",7,7,1,6,6,7,"The Ai put out a strong position on animal abuse being worse than humans, then lost its way once it needed to clarify its position with more detail. I like the train of thought though!",7,7,7,6,80,7,"This was a tough topic for the AI, consciousness/morality-based. It had many irrelevant suggestions, once the initial position was decided. "
8/23/2021 17:30:15,A2QX3YJXAAHHVV,c5af75674d5b4710a0bb470ff3761ad7,Yes,You are fairly confident in your qualification.,7,6,1,7,6,6,"The biggest problem the Ai struggled with was explaining its position. It had no issues saying an opinion, but had issues backing up the stance with facts. ",7,7,7,5,70,7,"The Ai would need to learn to cite sources, examples, give personal anecdotes better on issues of morality, if it were debating this IRL. It is like a street preacher or televangelist, relying on faith alone. The AI says ""It is"" without clarifying ""why"" that something ""is"""
8/24/2021 6:34:48,A2QX3YJXAAHHVV,89549d7269734058b04d5fcf33e3ebfe,Yes,"You are confident in your qualification, but not absolutely certain.",7,7,1,7,7,7,"AI did a good job with providing examples. It did run out of specific sources, but still had good points. ",7,7,7,7,70,7,"The AI felt passionate about how self-destructive, and provided the most sources to date as reasons in this session. "
8/24/2021 6:52:20,A2QX3YJXAAHHVV,61de020340f54d10a332f6aecc8079a5,Yes,"You are confident in your qualification, but not absolutely certain.",7,6,1,6,7,6,"The AI went blank several times here, not being able to find new suggestions to support the counter-argument. ",7,7,7,7,90,7,"When choosing unpopular/contrarian opinions, the AI seems to quickly run out of ideas to back them. "
8/24/2021 7:12:37,A2QX3YJXAAHHVV,e0e217d7089d4c189bdb36c865976818,Yes,You are absolutely certain about your qualification.,7,7,1,7,7,7,"N/a. Everything was fluent, and the AI did a very good job of citing specific examples and reasons. It knew much about this topic!",7,7,7,5,40,7,The AI was very strong on this topic. It had may great and valuable suggestions!
8/24/2021 7:57:24,A2QX3YJXAAHHVV,b6e3af6257c84970bf770a3b30c573c7,Yes,"You are confident in your qualification, but not absolutely certain.",6,7,2,7,6,6,"A stronger focus on points can help. The AI wanted to jump between topics, without adding more detail to support its statements. ",7,6,7,5,50,7,"AI needed a bit of focus, and has a tendency to say ""This is X"", without being able to/giving good reasons why it is so."
8/24/2021 8:14:53,A2QX3YJXAAHHVV,f31675baa0db4b3384abc09724eae09f,Yes,"You are confident in your qualification, but not absolutely certain.",7,6,2,7,6,7,"The AI wanted to use the source material as a quote many times. I found that its easier to remove the prompt, write, then past the prompt back in to make the Ai come up with original ideas. ",7,7,6,7,60,7,The AI had an interesting perspective of college being a sacred place of learning. I enjoyed this essay!
8/24/2021 12:56:12,A2QX3YJXAAHHVV,8621bf6cd9e341bb80194d19d210b7e4,Yes,You are absolutely certain about your qualification.,7,7,1,7,7,7,"N/a. The AI carefully detailed every reason, and did an excellent job!",7,7,7,4,30,7,"The AI had an extremely smooth flow this time, many good suggestions. This is probably one of its best works!"
8/24/2021 13:11:47,A2QX3YJXAAHHVV,1bb5ec50edd24bd8a1c6a6aad602b613,Yes,You are absolutely certain about your qualification.,7,7,1,7,6,6,"The AI had issues on swapping from listing the benefits of Audio, to traditional book-reading. It still wanted to make audiobook suggestions later in the essay. ",7,7,6,7,70,7,"Aside from understanding clear transitions between topics, the AI did a great job. It knows all about book-reading!"
8/24/2021 13:30:51,A2QX3YJXAAHHVV,87462f8b2df5473d915e2188a20ebf0a,Yes,"You are confident in your qualification, but not absolutely certain.",7,7,1,7,7,7,"The AI wanted to go full conspiracy theory on news. It had prompts about Soros and elites controlling media. Otherwise, very good session!",7,7,7,7,60,7,"I think the AI was triggered into conspiracy theories, when I accepted its ""Small town in Idaho"" story suggestion. It decided to go far-right, quickly!"
8/24/2021 15:37:06,A2QX3YJXAAHHVV,718fb788986c45858fe6e83e045c51a9,Yes,"You are confident in your qualification, but not absolutely certain.",7,7,1,7,7,7,"There were a couple of references to unrelated books. ""This is explained in detail in his 2008 book, X"" etc. Otherwise, everything  was great, and the suggestions were on point!",7,7,7,7,30,7,"Ai did a strong job, but fell into its pattern of wanting to credit unrelated sources. "
8/24/2021 15:54:28,A2QX3YJXAAHHVV,5f49697c13ca47efa9291d3577228996,Yes,"You are confident in your qualification, but not absolutely certain.",7,7,1,7,7,7,"The Ai had some hyperbole, but it was fitting, if exaggerated. It wanted to put in details about the NCAA, suggesting 2-3 stats about it, until I finally caved and put one in. ",7,7,7,7,60,7,The AI tunnel-visioned and only gave NCAA suggestions for a portion. It REALLY thought we needed NCAA stats as proof. 
8/24/2021 16:14:45,A2QX3YJXAAHHVV,ac909f8258ae4869b1011f700bbe17a9,Yes,You are fairly confident in your qualification.,5,5,3,5,6,3,"The AI had some issues with writing about the innocence and voiceless-ness of animals, and their inability to defend themselves. It floundered when coming up with details. ",7,6,7,7,80,7,"Tough topic for the AI, after the initial statement. It did have an interesting tidbit about religions stoning apostates, but sparing children and dogs. "
8/24/2021 16:33:22,A2QX3YJXAAHHVV,34cb11d1be2f4a60a350d9d5e6dc45f6,Yes,"You are confident in your qualification, but not absolutely certain.",7,7,2,6,7,6,"More specific examples, and less ""I feel"" style statements would make the arguments stronger. ",7,6,7,5,70,7,"More specific examples as suggestions, and less ""X is"" without follow-ups would make the essay more convincing! "
8/24/2021 16:57:16,A2QX3YJXAAHHVV,a4d6ef02891d4a2186ec8f1e41892279,Yes,You are fairly confident in your qualification.,4,7,1,7,7,7,"There were a couple of repetitive statements, where the AI ""Did X, Did X with Y."" It's a weird phrasing, reminding me of Biden's speeches, unsure if it was triggered by mentioning president. ",7,6,5,5,40,7,"Overall, the AI did a great job of conveying its sense of helplessness and inability to affect change, but still having hope. "
8/24/2021 17:21:52,A2QX3YJXAAHHVV,aaf98c53570345aeb669f0828e0d0090,Yes,You are fairly confident in your qualification.,5,6,2,6,6,5,"The AI had many good suggestions, but it was jumbled. The suggestions often repeated, and needed much ordering and editing. ",7,5,6,6,50,6,"Many good ideas from the AI, but not as much of a natural or organized order. "
8/24/2021 17:39:17,A2QX3YJXAAHHVV,3d3b51040a84446a8576ff28a1c9887a,Yes,You are fairly confident in your qualification.,6,7,1,6,7,6,"The suggestions were simplistic, and positions explained not as clearly as possible. It was a solid effort, but felt ""lazy""ish/superficial from the AI. ",7,7,7,6,60,7,"The AI had a solid effort, but struggled again with explaining its position, instead of just saying ""This is X"". Very stark contrast from topics/stances it has much info on!"
8/25/2021 12:24:38,A2QX3YJXAAHHVV,8c884bfc6cad45cf9b9609a7acbb0bf7,Yes,"You are confident in your qualification, but not absolutely certain.",6,7,2,7,7,6,"Citing sources is a weakness of the program, and there is an occasional double punctuation, but everything else worked great!",7,7,6,7,50,7,"Compared with other profession software, the AI really does not like to cite sources, and makes ""This is just how it is"" style statements, without explanations.  "
8/25/2021 12:39:49,A2QX3YJXAAHHVV,c85946d8cedc4e57be99bce987e339f2,Yes,"You are confident in your qualification, but not absolutely certain.",7,7,1,7,7,6,"More specific sources for injury data  would make the case compelling, versus auto-filling random info. ",7,7,7,5,50,7,"The AI doesn't seem to have enough source data on the topic of extreme sports. I can easily find college and corporate studies with a google search, that could be great suggestions."
8/25/2021 12:57:40,A2QX3YJXAAHHVV,f0ca76b1be0648018bed5d7c436b46c1,Yes,"You are confident in your qualification, but not absolutely certain.",7,7,2,6,7,7,"Morality is a bit tricky for the AI, but I thought it did a good job here! ",6,7,6,7,70,7,"The AI was solid here on new ideas, worse on explaining morality, but still good. It felt like working with an average/intermediately educated person. No issues. "
8/25/2021 13:18:00,A2QX3YJXAAHHVV,be3ca3b27136433fb002393bc6f4689d,Yes,"You are confident in your qualification, but not absolutely certain.",5,7,1,7,7,7,"There's blurred lines whenever the Ai quotes a statistic or ""data"" and I often have to verify it. More factual  data would be grand  for a persuasive essay!",7,7,7,7,60,7,"I watched in horror as the AI made up a detailed program about the University of Tennessee. Very real sounding, but not factual. It needs to be more truthful to win arguments.  "
8/25/2021 13:37:45,A2QX3YJXAAHHVV,264c2d834f5348c9aba2122d6b52bc8d,Yes,You are fairly confident in your qualification.,7,6,1,7,7,7,"N/a- 0 issues, and good suggestions!",7,7,7,6,70,7,There were no problems with this session. Everything worked well!
8/25/2021 13:56:17,A2QX3YJXAAHHVV,dd1b1b37988f4fdbb004a83d5f42ba62,Yes,You are fairly confident in your qualification.,7,7,1,7,7,7,"N/a. The Ai choose to label its opponent's position as ""Arrogant and Asinine"", and followed up passionately. Great session!",7,7,7,5,40,7,I liked the human-like quality of this essay. It felt like it had emotion. 
8/25/2021 14:14:43,A2QX3YJXAAHHVV,1187e9a42efb4890942bb7963eb0df4a,Yes,You are fairly confident in your qualification.,6,7,2,6,6,6,"The AI could have been more descriptive about some of the examples it provided. It would make a statement, then have no follow-up suggestion to back its point.",7,7,7,7,60,7,"The program needed more clarification on some topics, but drew blanks at key points. It sometimes has a tendency to make statements, then choke on the follow-up. "
8/25/2021 14:29:29,A2QX3YJXAAHHVV,5001633aeeef432bae4d36268e3c7be6,Yes,You are absolutely certain about your qualification.,7,7,1,7,7,7,"N/a. The Ai did a good job of providing examples. It knows much about audiobooks, and everything was grammatically correct. ",7,7,7,7,60,7,"There's a huge difference between topics/stances where the AI has data, and where it doesn't. On the topic of Audiobook vs Hard Copy, the AI does excellently, and has many examples. On other topics, not as much. "
8/26/2021 0:13:34,A2W121DQXNQK1,c1cfb1257eb04d438527925f828f0024 ,Yes,You are absolutely certain about your qualification.,7,7,1,7,7,7,"I think it would be helpful if the system gave me suggestions on how to transition from a topic to another, in addition to giving me suggestions on how to conclude a paragraph or the essay itself.",7,7,7,7,70,7,
8/26/2021 8:03:36,A2W121DQXNQK1,2f57e9155477457aad589a7cc507cd68 ,Yes,You are absolutely certain about your qualification.,7,7,1,7,7,7,"I would say that I would like if the system would offer me suggestions on the pros and cons of both ways of engaging with a book. Specifically pros and cons of listening to an audiobook and the pros and cons with reading. I think it primarily gave me the pros and cons of one over the other if it saw that I was writing about one, but I think it would be helpful to receive both (perhaps the suggestions are more lower), to mention them in the paragraph to better persuade the reader on which one is more suitably for them.",7,7,7,7,80,7,
8/26/2021 21:11:49,A2W121DQXNQK1,f8871519cd244b8ca5414fd211baf9d5 ,Yes,"You are confident in your qualification, but not absolutely certain.",6,7,1,6,6,6,"I would say that the system could have provided me with more variety of cons for the topic. I felt that it offered many suggestions against the topic of paying student athletes that were similar to each other, and were not as helpful in improving the persuasiveness of my essay. Specifically, the system mentioned that paying student athletes would increase tuition, but state it in slightly different ways.",7,6,7,7,70,7,
8/26/2021 21:42:19,A2W121DQXNQK1,ad936817fa674c3fb2db5f6d55fc49f1 ,Yes,You are absolutely certain about your qualification.,7,7,1,7,7,7,"I think it was helpful for the system to give me ideas on how to conclude the essay or a particular paragraph/idea I was writing. However, I would like if the system would help me flesh out some of the ideas/sentences I was writing, giving me transition sentences or sentences that adds on to what I am currently writing, as opposed to brand new sentences or ideas.",7,7,7,7,80,7,
8/27/2021 0:13:30,A2W121DQXNQK1,3424bdff537543b78fae24710df40646 ,Yes,You are absolutely certain about your qualification.,7,7,1,7,7,7,"I think it was good that the system helped me conclude my essay, and offer me suggestions on how to finish up on a particular point I was making. I think it would help if the system would give me more follow ups on points I was making, and that it avoided giving me suggestions that goes against the stance I was taking on the problem (i.e anti-screen use).",7,7,7,7,75,7,
8/27/2021 7:41:25,A2W121DQXNQK1,221820be7d8945f99af46d423ad57864 ,Yes,You are absolutely certain about your qualification.,6,7,1,7,7,6,"I would say that the system at times gave me the same type of suggestions, despite the fact that I already incorporated a similar suggestion into the essay already. It would be impractical to use the same type of suggestion, as it makes the essay feel repetitive. I think suggestions should keep that in mind, and check if a similar suggestion was utilized in the essay.",7,7,7,7,80,7,
8/27/2021 21:28:47,A2W121DQXNQK1,06239d83b27840aaa169512cc8babda0,Yes,"You are confident in your qualification, but not absolutely certain.",6,6,1,6,6,6,"I think the system could better consider what I was writing, in terms of whether I was at the beginning, middle, or end of a paragraph. I felt the system was telling me ways to start a new paragraph or idea, when I was hoping to get some recommendations how to add onto the current paragraph I was typing, if not a recommendation on how to conclude a point being made.",7,6,7,7,80,7,
8/27/2021 22:01:30,A2W121DQXNQK1,3be583425f4c4656a906a036b13e963e ,Yes,You are absolutely certain about your qualification.,7,7,1,7,7,7,"I think it was good that the system was able to give me suggestions that incorporates the prompt or specifically the statement made by Cody J. Mcdavis, I think it helps me form counterarguments and strengthen my stance regarding the prompt. Although I think it would help if the system would give me more reasons or suggestions that goes against the prompt's quote, and that I can use to strengthen my position.",7,7,7,7,75,7,
8/28/2021 0:13:55,A2W121DQXNQK1,6f952927ae564d28bf573199e132ba66 ,Yes,You are absolutely certain about your qualification.,7,7,1,7,7,6,"It is critical that when offering suggestions, that the system has the words in the sentences suggested in the same tense as previous or future sentences written in the essay. Some suggestions were written in the past tense or even future tense, which did not match the tense I was currently using in that part of my essay.",6,7,7,7,75,7,
8/28/2021 21:00:15,A2W121DQXNQK1,90f6335118ab4f52b0db9c5ca271d4d2 ,Yes,You are absolutely certain about your qualification.,7,6,1,6,7,5,"I would want the system to be more consistent in the suggestions it offers, as during the essay, it did not offer me any suggestions until I continued to write and eventually move onto my final thoughts and conclusion. At that point, the system offered me relevant suggestions, but I would have liked to receive some prior during the middle of the essay.",7,7,7,7,90,7,
8/28/2021 21:29:43,A2W121DQXNQK1,495448baeef94ef2bff5fdba66f09b92 ,Yes,You are absolutely certain about your qualification.,7,7,1,7,7,7,"The system could have offered me at times a mix of arguments for audiobooks and or for reading, alongside counter-arguments as well. The system tended to favor one over the other, and then offer counter-arguments when I was writing about them, but it could help if I initially get such suggestions to better know what to write to strengthen my stance on the topic.",7,7,7,7,70,7,
8/29/2021 0:12:59,A2W121DQXNQK1,0254cf12775745c49d4673fa0b769969 ,Yes,You are absolutely certain about your qualification.,7,7,1,7,7,7,"I found it useful that the system gave me some statistical information, specifically that it gave me a suggestion that mentioned the average full-time salary (50,000). I think suggestions with stats helps me make strong arguments, and that more suggestions should include stats and similar types of information.",7,7,7,7,60,7,
8/29/2021 8:41:33,A2W121DQXNQK1,1869b9eca05c4d7bba240afdabbb72e5 ,Yes,You are absolutely certain about your qualification.,6,7,1,7,7,6,"During the beginning of my essay, there was a point where all the suggestions being given by the system not only started with ""However, ..."" but also brought up the opposing point I was trying to make. I think it was due to how I ended my previous sentence, but ideally the system should avoid suggesting sentences that sound too similar to each other, especially in how it starts so I can potentially find one that works with my essay.",7,7,7,7,80,7,
8/29/2021 12:43:10,A2W121DQXNQK1,20be391a8fee48709aca74a7c24fac86 ,Yes,You are absolutely certain about your qualification.,7,5,1,7,7,5,"In the beginning, I was thinking of a way to start the essay. The suggestion provided initially were not relevant to the topic, nor did they make any sense in terms of starting a persuasive essay. If no words are written, I think the system should give some general suggestions on how to begin an essay, as opposed to mentioning information that may be better suited for the middle or even ending of an essay.",7,7,7,7,65,7,
8/29/2021 13:27:19,A2W121DQXNQK1,9b439ea7aa404000a1e0ee118bdbfbd1 ,Yes,You are absolutely certain about your qualification.,5,6,1,7,6,5,"The system offered me suggestions when I was writing the essay that does not seem it would help in any type of context. Namely, it offered suggestions such as a jpg filename, two words that were too vague to implement, offered me the word count of the essay, and even a url link. I think the system should refrain from offering those suggestions, especially for persuasive essay writing as it doesn't appear that I or any other writer will be able to implement such suggestions into an essay.",7,7,7,7,75,7,
8/30/2021 0:14:00,A2W121DQXNQK1,b6d0746f4ec6460c96f4fa9e162193bb ,Yes,You are absolutely certain about your qualification.,7,7,1,7,7,7,"Some of the suggestions offered by the system were what I had mentioned prior in the essay, but slightly reworded. I think those suggestions aren't as useful in the middle of an essay, but more useful when concluding an argumentative essay, as it helps reiterate the points I brought up in the essay to make a more definite conclusion.",7,7,7,7,75,7,
8/30/2021 9:02:10,A2W121DQXNQK1,dcb51651d76c424ebd58a8802629f05c,Yes,You are absolutely certain about your qualification.,7,7,1,7,7,6,"In the begining, the system gave me some odd suggestion to start the essay. It mentioned a suggestion ""You may like:"" which seemed to be more in line with how it would state the suggestions, as opposed to actually be a suggestion I could use. I think the suggestions should be primarily usable, and not more like text that is found outside of essays, such as instructions or notes.",7,7,7,7,70,7,
8/30/2021 12:12:51,A2W121DQXNQK1,672befe865e94480ae1cb6fa8aa473e1,Yes,You are absolutely certain about your qualification.,7,7,1,7,7,7,"The only suggestion I noted that was not effective in the context of a persuasive essay was one that listed a name, by itself. I think suggestions that quote names or even mention them are not too useful for persuasive essays. The system should avoid suggestions with the name by itself, or at least write who the person is in terms of qualification or job, such as known researcher, famous philosopher, or famed athlete. ",7,7,7,7,70,7,
8/30/2021 12:41:18,A2W121DQXNQK1,0f44162d5cef4e95bc4400529003a066 ,Yes,You are absolutely certain about your qualification.,7,7,1,7,7,7,"Some suggestions were in the form of questions, or rhetorical statements. I think in those instances, other types of suggestions that are not questions should be offered as well. For argumentative essays, questions might be used by some to get the reader to think more about a position being argued. However, in other cases it breaks the pace and or tone of the essay, which might focus more on providing facts or information to strengthen a point. ",7,7,7,7,80,7,
8/31/2021 0:13:29,A2W121DQXNQK1,79a6126076714a1ba4fc9abc52c9201d,Yes,You are absolutely certain about your qualification.,6,7,1,7,7,6,"There were some suggestions that the system mentioned that seemed to be information from other articles. The information wasn't too relevant to the essay I was writing, i.e ""Cats and shampoo"". In those cases, I think the system should focus on providing information that supports my stance, as opposed to providing information that is connected to the topic, which was relating to animals.
",7,7,7,7,70,7,
8/31/2021 7:32:40,A2W121DQXNQK1,b51acee6aa7944d3b666627e29aca5b8,Yes,You are absolutely certain about your qualification.,5,7,1,5,6,5,"The system offered suggestions that were links and or the titles of articles that seemed sort of relevant to the topic. However, in writing a persuasive essay, these types of suggestions are difficult to implement. I think instead of those types of suggestions, the system should offer a brief synopsis of the article, such as ""One popular article mentions a poll saying that..."" as opposed to a url or article title.",7,7,7,7,80,7,
8/31/2021 8:39:43,A2W121DQXNQK1,87aece063392475f9b131e8d2eb89337 ,Yes,You are absolutely certain about your qualification.,7,7,1,6,7,6,"The system sometimes gave one word or two answer suggestions. While they could potentially be integrated into the essay, they do not help me as much as full length sentences in getting ideas on what to write. They are vague, and don't really help me add substantial weight to my argument or stance.",7,6,7,7,70,7,
8/31/2021 9:09:11,A2W121DQXNQK1,eec20f24484d418eb4ba564fbfbc2ab6,Yes,"You are confident in your qualification, but not absolutely certain.",7,7,1,7,7,7,"I think the system could have offered me more suggestions regarding the pros and cons of using dating apps, and the usage of technology in romantic relationships. I felt that it offered me more of one versus the other based on what I wrote, when I would have preferred to hear more about both when looking for suggestions, so I could easily write a stronger case for the point I was trying to make in the essay.",7,7,7,7,80,7,
9/1/2021 0:14:19,A2W121DQXNQK1,fa70668f568445dbbce5ec1e3ac03bd9,Yes,You are absolutely certain about your qualification.,6,5,1,5,6,5,"The system was able to give me suggestions while working on the beginning and middle of my essay. However, towards the end it was unable to give me suggestions on how to conclude my thoughts, and finish up any ideas I had to discuss regarding the topic. The system should give some general information or suggestions regarding stances being made towards the topic, especially the opposite stance so I can formulate counter-arguments to better support my views and conclude the essay.",7,6,7,7,85,7,
9/1/2021 7:32:37,A2W121DQXNQK1,6b299ebb735248fea2d0ea01d2766a80,Yes,You are absolutely certain about your qualification.,6,7,1,7,7,6,"The system initially gave me a good suggestion I used to state my stance on the topic and my general idea of what I wanted to say. As I continued to write more about the topic, they gave more suggestions that fleshed out my ideas. However, at times it restated past suggestions or similar ones that I have already used, that would feel like I was repeated past thoughts and information. I think those suggestions should be avoided, if the user already implements one and it is present in the essay.",7,7,7,7,70,7,
9/1/2021 8:01:00,A2W121DQXNQK1,d53b703b2304403cb055e7913ac68728,Yes,You are absolutely certain about your qualification.,7,7,1,7,7,7,"I think the system could have offered me suggestions that showed examples on what kind of stereotypes I was trying to highlight, that are from popular shows or movies. It could have been an effective suggestion to integrate to strengthen my position. In general, the suggestions did not delve that deeply into my position, and I used the suggestions as a starting point for my thoughts and ideas.",7,7,7,7,75,7,
9/1/2021 11:06:28,A2W121DQXNQK1,9b4461a4349f43b8b12dea3e34256caa,Yes,You are absolutely certain about your qualification.,5,6,1,6,6,5,"The suggestions that the system gave were ones that were relevant to the topic of stereotypes, but were not exactly what I was trying to say regarding the topic. It would give me suggestions that were initially aligned with my position on the topic, but offer a ""but or however"" suggesting that I agreed with some instances of stereotypes, which was not the point I was trying to make in my essay.",6,7,7,7,80,7,
9/2/2021 0:14:01,A2W121DQXNQK1,13b2ae3d425e4b76b887182418ba4f58 ,Yes,You are absolutely certain about your qualification.,5,6,1,5,5,5,"The system had given me a suggestion that appeared to be a name, I think it could go even further and suggest a quote by the person or some information about what they think along with their qualifications. In addition, the system did suggest me sentences that seemed to repeat what I had already stated in the essay, but in a slightly different manner. It should avoid repeating information if already listed, given that I would prefer suggestions that introduces new information that supports my position on the topic.",6,6,7,7,80,7,
9/2/2021 7:31:58,A2W121DQXNQK1,85e6bf7f0f3844f3a9f88b7f3350e6f6,Yes,You are absolutely certain about your qualification.,7,7,1,7,7,7,"I think some suggestions should be a bit more open, in the sense that it does not have a beginning to the sentence. That is the sentence is mostly the content or the subject, and I can integrate it in my essay better by adding to the sentence to make it flow better with the past sentence, and the point I was trying to make.",7,7,7,7,70,7,
9/2/2021 8:42:31,A2W121DQXNQK1,a07f20a8e58545c78b7b6436c126be7d,Yes,You are absolutely certain about your qualification.,7,7,1,7,7,6,"Towards the end of my essay, as I was concluding my thoughts, the suggestion offered seem more in line with the middle of my essay as I was listing my position on the topic, and offering examples. The suggestions were in the format of examples, ""For example, ..."" which are better suited as I mentioned before the conclusion. In the conclusion, I would prefer to have suggestions that reiterate what I mentioned in the essay, as opposed to mentioning new information or examples.",7,7,7,7,75,7,
9/2/2021 9:30:36,A2W121DQXNQK1,d647f1a5ad614d4eab842e795def2f2e,Yes,You are absolutely certain about your qualification.,7,6,1,7,7,6,"The suggestions offered by the system were not only relevant to the topic and my stance, but did have a tendency to repeat the same points I had already made, only in a slightly reworded format. The system ideally should only give such suggestions when I am concluding the essay, and for other parts offer me ways to expand on my points or bring up new ideas, without repeating too much what I already said.",7,7,7,7,80,7,
9/3/2021 0:14:15,A2W121DQXNQK1,d714bc54e0dc4819bafa77a93927817b,Yes,You are absolutely certain about your qualification.,7,7,1,7,7,6,"After mentioning my position and thoughts on the topic, I received initial suggestions that helped add more to my essay by adding additional points that were relevant to my stance. However, as I continued to write and add more to strengthen my stance, I received some suggestions that were too similar to what I had already written or used when I first received some suggestions. I think future suggestions should avoid being repeats of past suggestions, unless the system detects I am making a conclusion where I bring up past thoughts to conclude the essay.",7,7,7,7,70,7,
9/3/2021 7:08:44,A2W121DQXNQK1,86d3e1410ca24ecfa486a6b3059b2618,Yes,You are absolutely certain about your qualification.,6,7,1,7,7,6,"Some suggestions were in the form of questions, some of which were rhetorical. They were not as easily integrated in my essay, which was primarily intended to inform and not have people consider some questions on their own. In addition, the suggestions were sometimes not in the correct tense as the sentence I had just written, which needed some modification for it to flow better with the overall essay.",7,7,7,7,70,7,
9/3/2021 7:40:34,A2W121DQXNQK1,c13c048160f341e9a45952ef2f364ddb,Yes,You are absolutely certain about your qualification.,7,7,1,7,7,7,"Some suggestions were in the form of a direct question to the viewer, as if I was awaiting a response. This works better in the context of a blog or even social post where I intend to create active discussion. In the context of an argumentative essay, it is impractical as I don't engage with the reader in such a way. Instead, if questions are recommended,  they ought to be rhetorical, (i.e not ""What do you think"") and makes the reader think to themselves to consider while I add more points to my position.",7,7,7,7,75,7,
9/3/2021 8:42:18,A2W121DQXNQK1,6e21e7baba4d414ebc3218a051cce679,Yes,You are absolutely certain about your qualification.,7,7,1,7,7,7,"The only main issue I noted for the suggestions was that some of them mentioned a name, that I had not brought up or mentioned. Given the topic, I think the system should refrain from suggestions that discloses names, as I would want to maintain a sense of anonymity for people I refer to from my own experiences, experiences that are relevant to what I want to argue in regards to the topic.",7,7,7,7,75,7,
9/4/2021 0:14:16,A2W121DQXNQK1,40de050696b84fc0b0150eb8ac1d86b4,Yes,You are absolutely certain about your qualification.,7,7,1,7,7,6,"The only suggestion or type of suggestion I felt was not relevant to my essay was the one that went against what I was trying to say regarding stereotypes. Namely that the suggestions stated I would be okay with stereotypical characters in certain instances, when my stance was against all forms of stereotypes, effectively suggesting content should focus on more realistic depictions of characters. The suggestions the system offers should coincide to the point I making, and not give suggestions that support another stance on the topic.",7,7,7,7,75,7,
9/4/2021 7:33:22,A2W121DQXNQK1,be8c96da7b8e47f8932e674803ee11ff,Yes,You are absolutely certain about your qualification.,7,7,1,7,7,7,"The system provided me suggestions that would be better served in a new paragraph, as I was still writing out my thoughts on a specific point I was trying to make. These suggestions were useful, but better put off for later if I brought up said point. I think the system should save those type suggestions for when I finish up a point and start a new paragraph, and give me more relevant suggestions when I am still on an old paragraph.",7,7,7,7,85,7,
9/4/2021 8:06:47,A2W121DQXNQK1,96550fd2d40e46c1a430fe0c4e67000b,Yes,You are absolutely certain about your qualification.,7,7,1,7,7,7,"I liked that the system offered me good suggestions that helped me write out concluding sentences for my paragraphs, and for the overall essay. I think these types of suggestions are critical to have, and they should be restate what the overall point made for the paragraph or essay, in a way that makes the reader think more about the topic or consider other points that are similar to ones made in the essay.",7,7,7,7,75,7,
9/4/2021 8:45:07,A2W121DQXNQK1,435605f25172470989a458267ecd6ca8,Yes,You are absolutely certain about your qualification.,6,7,1,7,7,5,"Some suggestions used words that were not in line with the sentences that I had written prior, or that changed the flow and tone of the essay. Specifically suggestions that I noted used whom, when other words such as whose was more in line with the other vocabulary I used, and overall felt would be more observed in a more formal essay. In addition, some suggestions mentioned a name, I think if a suggestion were to do so it should either attribute a quote to the person's name, or something that the person claims in an article along with their qualifications (i.e are they an expert?).",7,7,7,7,70,7,
9/5/2021 0:13:25,A2W121DQXNQK1,e402dd8c98eb4f73b051a1268321cf4b,Yes,You are absolutely certain about your qualification.,7,7,7,7,7,7,"Sometimes the system would offer suggestions that were all very similar and alike, only differing slightly. These suggestions were intended to follow up on a previous sentence, and I think the system should offer suggestions that are more varied. I can edit or reword the suggestions to better match my essay, but I would prefer if the suggestions offered different responses to the points I am making instead of suggesting the same response with different wording.",7,7,7,7,75,7,
9/5/2021 7:33:47,A2W121DQXNQK1,ae8434c075224ebdaba8e215723c9bbb,Yes,You are absolutely certain about your qualification.,3,3,1,3,4,2,"At first, the suggestions were offered whenever I asked for some from the system. The suggestion were relevant and made sense to implement into my essay. In the last paragraph, the suggestions were no longer offered, it appears the system could not make any. I believe it was an error or bug, but I think the system would have given suggestions if that error wasn't present. Ideally the suggestions should be offered when asked, for all parts of an essay.",7,7,7,7,85,7,
9/5/2021 8:04:02,A2W121DQXNQK1,4c9727b380f34b5baa3d4407f8d91656,Yes,You are absolutely certain about your qualification.,7,7,1,7,7,7,"I received some suggestions that were good mixes of potential additions to previous sentences, while also some that made new information. I think in the context of this topic, it would be good if the suggestions offered by the system were statistical or more informative,  giving me info that I could use to support my position regarding the topic. This info can be statistical or even a quote, along with some citation (i.e author,article, or book name).",7,7,7,7,75,7,
9/5/2021 9:08:07,A2W121DQXNQK1,c2395534dfb74c8ab70eec8f139ed2bc,Yes,You are absolutely certain about your qualification.,7,7,1,7,7,6,"The suggestions at times given by the system made different conclusions that I was trying to make, based on how the previous sentence ended. I think the system should refrain from changing the stance or position on the topic I am writing about, instead focusing on supporting the already listed position before suggesting an alternative. In addition, the system suggested experiences that weren't relevant to my essay, as they were not my own or what personally occurred to me when I was writing about it.",7,7,7,7,70,7,
8/21/2021 18:17:23,A2WGW5Y3ZFBDEC,232312a7bc284724b78c9c71c2b90afa,Yes,You are absolutely certain about your qualification.,6,1,7,3,4,5,"Several times I tried to get it to elaborate on a sentence I'd just written; instead it tended to just restate things. It's worse here than in creative writing, because it doesn't really forward arguments, it just goes around in circles, using different words, which works sometimes with short stories, but just kind of takes up space here, which I guess is one approach to persuasive essay writing.",3,5,6,5,69,1,No.
8/21/2021 18:48:59,A2WGW5Y3ZFBDEC,80624eb1f1d241e8b1fa4cdc70d43f0a,Yes,You are absolutely certain about your qualification.,5,1,7,1,1,4,"I can't think of specific examples; it's poor at forming logical arguments in general, it just restates things over and over again.",3,5,4,7,85,1,No.
8/21/2021 19:09:53,A2WGW5Y3ZFBDEC,fcf120025db5430b9ea948e735876591,Yes,You are absolutely certain about your qualification.,6,5,3,4,4,6,I can't think of any.,4,6,6,5,65,2,No.
8/21/2021 19:25:14,A2WGW5Y3ZFBDEC,91366311bd76400b9ea7efe17bf8b659,Yes,You are absolutely certain about your qualification.,6,5,5,4,4,5,I tried to get it to come up with conclusions for the essay without much luck.,4,5,6,4,50,3,No.
8/21/2021 19:38:02,A2WGW5Y3ZFBDEC,b24842bebbc045249f59a791912f491d,Yes,You are absolutely certain about your qualification.,5,5,4,4,4,5,I can't think of any.,4,5,5,4,54,3,No.
8/22/2021 23:21:42,A2WGW5Y3ZFBDEC,73a6d974745d4367bddb0059870a3e7e,Yes,You are absolutely certain about your qualification.,6,5,1,5,5,6,"I can't think of any, the suggestions for this were mostly good.",6,5,7,4,50,5,No.
8/23/2021 14:12:42,A2WGW5Y3ZFBDEC,15a3a2aac98e48af9335bbdb3611892d,Yes,You are absolutely certain about your qualification.,5,5,3,5,4,6,"I can't think of any specific suggestions, but in general I'm finding that, contrary to my first impression, the AI is much better at writing these essays than it is at writing creative stories, since they involve following a simpler train of thought.",5,5,7,4,55,4,No.
8/23/2021 14:37:18,A2WGW5Y3ZFBDEC,53c9ba115f4e464da26ee9dfc9b8daf8,Yes,You are absolutely certain about your qualification.,5,3,5,3,3,5,I can't think of any.,5,5,6,5,59,4,No.
8/23/2021 15:03:22,A2WGW5Y3ZFBDEC,f6f47e11cd064b9a9e1647878516be9e,Yes,You are absolutely certain about your qualification.,5,4,5,4,3,4,I can't think of any.,4,3,5,6,65,3,No.
8/23/2021 15:24:32,A2WGW5Y3ZFBDEC,beb2455e6a514e41a535aa51532f3d1f,Yes,You are absolutely certain about your qualification.,6,3,6,3,3,4,I can't think of any.,3,5,4,6,70,1,No.
8/23/2021 15:58:26,A2WGW5Y3ZFBDEC,8d93814aa76841fbb5fc1fbf3fc24a4a,Yes,You are absolutely certain about your qualification.,5,2,5,3,3,4,I can't think of any.,4,5,5,6,65,2,No.
8/23/2021 16:21:34,A2WGW5Y3ZFBDEC,09770cd9061f456fa6d82db00b43a0bd,Yes,You are absolutely certain about your qualification.,4,1,7,3,2,4,"I tried to get it to come up with examples of stereotypical characters, but it wouldn't do that at all.",1,1,4,4,55,1,No.
8/23/2021 17:13:16,A2WGW5Y3ZFBDEC,68fd27f0d07a4a319c9f931331f16e2d,Yes,You are absolutely certain about your qualification.,5,1,7,1,1,3,"I tried to get it to write something at the ending but it didn't understand the comparison I was making, so I had to write the closing myself.",3,3,4,6,75,1,No.
8/23/2021 17:50:46,A2WGW5Y3ZFBDEC,2b26596dffdc4403b160b0e12bc5daa9,Yes,You are absolutely certain about your qualification.,6,3,5,3,3,5,I can't think of any.,5,4,7,6,65,2,No.
8/23/2021 18:21:52,A2WGW5Y3ZFBDEC,4e68d0c88bed4e0f8b977ed56123b626,Yes,You are absolutely certain about your qualification.,6,2,5,3,3,4,"In one instance I was listing the pros of something, and trying to get it to come up with a con, but it just kept repeating things I'd already written.",3,4,4,5,60,1,No.
8/23/2021 18:45:07,A2WGW5Y3ZFBDEC,ae3d56d704a74f80827bbc54d685bfc2,Yes,You are absolutely certain about your qualification.,5,1,7,3,3,4,I can't think of any.,3,3,4,5,54,1,No.
8/23/2021 19:19:18,A2WGW5Y3ZFBDEC,3e1e3f82426c4b5682b3b315908dd8f8,Yes,You are absolutely certain about your qualification.,6,2,6,3,3,5,"I can't think of any, it didn't come up with good ideas, but it was able to follow mine this time.",6,6,7,6,65,4,No.
8/23/2021 19:56:27,A2WGW5Y3ZFBDEC,477a7999cb944914ba1a1141db81b44f,Yes,You are absolutely certain about your qualification.,5,5,3,4,4,7,I can't think of any.,6,5,7,5,60,4,No.
8/23/2021 20:40:48,A2WGW5Y3ZFBDEC,69b4d60dbea24e83a939dbef50497919,Yes,You are absolutely certain about your qualification.,6,1,6,3,3,5,I can't think of any.,5,3,4,5,55,2,No.
8/23/2021 22:23:02,A2WGW5Y3ZFBDEC,f579d31e1bee4c75826e8a5f24a0f25f,Yes,You are absolutely certain about your qualification.,5,4,3,4,4,6,I can't think of any.,6,5,7,6,60,4,No.
8/23/2021 22:43:22,A2WGW5Y3ZFBDEC,47f1f3cedf5e4a779470a1816fd625dc,Yes,You are absolutely certain about your qualification.,6,3,5,3,3,5,"It struggled horribly when I would provide a discipline, and ask it to suggest examples of how that was useful to students.",5,4,7,5,55,3,No.
8/23/2021 23:06:40,A2WGW5Y3ZFBDEC,7be4ecb3af5340b39c4f0d3ba63be068,Yes,You are absolutely certain about your qualification.,5,1,7,4,3,5,I can't think of any for this one.,5,1,4,3,45,3,No.
8/24/2021 14:52:52,A2WGW5Y3ZFBDEC,e154ac86120c4521b5355141a96706e8,Yes,You are absolutely certain about your qualification.,5,3,5,3,3,6,I can't think of any.,5,5,6,5,55,3,No.
8/24/2021 15:33:42,A2WGW5Y3ZFBDEC,e09efe9c9d194f2890fdfb149d29b393,Yes,You are absolutely certain about your qualification.,5,1,7,1,1,3,"I tried to get it to make suggestions about tying periods to gender equity and revolution, but it seemed unable to make that connection.",3,4,4,7,80,1,No.
8/25/2021 13:48:34,A2WGW5Y3ZFBDEC,b6683afb932a48dbaa3ba337f1ee1db1,Yes,You are absolutely certain about your qualification.,4,1,3,4,4,6,I can't think of any.,6,4,6,4,50,4,No.
8/25/2021 14:09:46,A2WGW5Y3ZFBDEC,4942e7f2ab484c3291c91473fbc22b5e,Yes,You are absolutely certain about your qualification.,5,6,4,4,4,4,"Towards the end I tried prompting it for conclusions, but kept getting the 'no suggestions found' message.",5,2,5,5,60,3,No.
8/29/2021 23:55:16,A2WGW5Y3ZFBDEC,abe2312cebab43598d4c4f6a2de6a6be,Yes,You are absolutely certain about your qualification.,6,3,6,4,4,5,"Well, at one point I was trying to elaborate on the notion that animals should be prioritized over humans, and it kept suggesting I ask 'Is it wrong to eat meat?' which didn't fit the context of the essay at all. It should have discarded that, but that was the only suggestion it would give me until I wrote more, it kept repeating it.",5,4,7,3,40,3,No.
8/31/2021 20:46:34,A2WGW5Y3ZFBDEC,b2c98830d3e647fa840909e7436c1750,Yes,You are absolutely certain about your qualification.,6,2,4,3,3,5,"I was having trouble getting it generate an ending, it just repeated stuff from earlier in the essay.",5,5,7,6,65,3,No.
8/31/2021 21:12:38,A2WGW5Y3ZFBDEC,69655d09325f45e6bc4dbe10afdad674,Yes,You are absolutely certain about your qualification.,4,1,7,2,2,3,I can't think of any.,3,3,4,7,80,1,No.
8/31/2021 22:04:05,A2WGW5Y3ZFBDEC,9ec10cba9d8c48428d656fceff57e834 ,Yes,You are absolutely certain about your qualification.,5,5,3,4,4,6,I can't think of any.,6,6,7,6,65,4,No.
8/31/2021 22:40:50,A2WGW5Y3ZFBDEC,549faa4663e44ffbb3f26beca1bf95bb,Yes,You are absolutely certain about your qualification.,6,5,3,4,3,6,I can't think of any.,6,5,7,4,55,4,No.
9/1/2021 0:37:59,A2WGW5Y3ZFBDEC,92d3272c14f94dc3b174d21b5592e417,Yes,You are absolutely certain about your qualification.,5,1,7,2,2,4,"In this case, I was trying to finish the essay, and prompting it for examples of stereotypes in modern fiction, and it came up with identical suggestions to ones it had given, and I had used, early on. It seems bad in general about coming up with examples of stereotypes, it's been pretty bad about that every time I've seen this prompt.",3,3,5,6,75,1,No.
9/2/2021 3:04:05,A2WGW5Y3ZFBDEC,6d0dc9355f9c4e0aa729c19733f3e3fd,Yes,You are absolutely certain about your qualification.,5,4,7,3,3,4,"Once again, when I tried to prompt it for examples of stereotypes in fiction, it came up blank.",4,3,5,3,50,1,No.
9/3/2021 3:12:16,A2WGW5Y3ZFBDEC,b43804135b264aaf84c129e2f6c5be48,Yes,You are absolutely certain about your qualification.,5,5,4,4,3,6,"I can't think of any, in fact it gave me many good suggestions about ways the news might relate to specific situations.",5,4,6,3,50,4,No.
9/4/2021 1:35:35,A2WGW5Y3ZFBDEC,bb00c5e393af4908b576fa3a86b6fd01,Yes,You are absolutely certain about your qualification.,5,5,4,3,3,6,I can't think of any.,6,3,6,3,50,4,No.
9/4/2021 1:54:16,A2WGW5Y3ZFBDEC,2cfe49a1dfd84b57852a6a2d6e9b538c,Yes,You are absolutely certain about your qualification.,5,1,5,3,3,5,"When I tried to get it to suggest specific examples to support points I had already made, like 'schools should teach students a trade' it ended up just repeating the points instead of adding substance to them.",5,3,5,4,55,3,No.
8/20/2021 16:27:36,A2YTQDLACTLIBA,ec89045037c142869afb5fad66c0c912,Yes,You are absolutely certain about your qualification.,7,3,1,4,4,4,AI was somewhat lacking in this essay,7,7,7,7,85,7,
8/20/2021 16:55:14,A2YTQDLACTLIBA, f5258cb106194b4ea243d3842e00b667,Yes,You are absolutely certain about your qualification.,7,5,1,5,5,6,It does better at other prompts,7,7,7,5,70,7,
8/20/2021 17:08:46,A2YTQDLACTLIBA,f5649183e4c24bd785459406069e0530,Yes,You are absolutely certain about your qualification.,7,5,1,5,7,5,this is not AI's forte,7,7,7,6,70,7,
8/21/2021 10:14:40,A2YTQDLACTLIBA,85ee6ffba76749fb8e6f066683b0a56a,Yes,You are absolutely certain about your qualification.,7,7,1,7,7,7,very good suggestions,7,7,7,4,50,7,
8/23/2021 7:26:07,A2YTQDLACTLIBA,5e3161b439134fb992482c957f30f78c,Yes,You are absolutely certain about your qualification.,7,7,1,7,7,7,AI was very helpful this time around,7,7,7,4,60,7,
8/23/2021 7:40:14,A2YTQDLACTLIBA,5ce9377e21734670be93606815ca2bc5,Yes,You are absolutely certain about your qualification.,7,7,1,7,7,7,There should have been greater variety and they should have been meatier,7,7,7,5,70,7,
8/23/2021 7:54:31,A2YTQDLACTLIBA,e1f3635407a34cada54aafa852bcb52d,Yes,You are absolutely certain about your qualification.,7,7,1,7,7,7,The AI was a bit limited in this topic,7,7,7,6,70,7,
8/23/2021 8:11:00,A2YTQDLACTLIBA,2098ac5fee1e439ba40f9f63c679835e ,Yes,You are absolutely certain about your qualification.,7,7,1,7,7,7,very good suggestions,7,7,7,4,60,7,
8/23/2021 10:18:46,A2YTQDLACTLIBA,7f7612ebfa1544d6b25fbbb53a49a5ae,Yes,You are absolutely certain about your qualification.,7,6,1,6,7,7,There could have been more suggestions it seemed to run dry,7,7,7,5,65,7,
8/25/2021 18:44:33,A324VBRLXHG5IB,76994249d6114936b74be6fa7a79e79b,Yes,You are fairly confident in your qualification.,6,4,4,3,3,2,"I was given several blank list of options and also several very long suggestions with linked sources, both were awkward but also made me paranoid about taking too long to read and not writing.",7,7,7,7,96,7,
8/25/2021 19:05:22,A324VBRLXHG5IB,cc85690dead449a393defdea082229c8,Yes,"You are confident in your qualification, but not absolutely certain.",6,7,2,7,7,7,I didn't want to write about political or covid issues and the suggestions I got focused more on smaller scale current events that made me think more of my school district then the world as a whole. There were very good suggestions that kept me moving fluidly.,6,7,7,4,60,7,
8/31/2021 18:15:23,A324VBRLXHG5IB,2160426dc41f493dae05e8ca84ae5a1f ,Yes,"You are confident in your qualification, but not absolutely certain.",6,3,6,3,3,3,The question was about a tv/book stereotype but the suggestions were mostly about publishing a book or watching a commercial. They just didn't work well this time.,4,5,5,7,70,7,
9/4/2021 9:56:30,A345TDMHP3DQ3G,3657ba7cb1a14cc6835c24d68176c42b,Yes,You are fairly confident in your qualification.,7,6,4,7,7,6,The suggestions I received weren't as specific as I would have wanted at times. ,7,7,7,7,25,6,
9/4/2021 10:08:35,A345TDMHP3DQ3G,b15c9dc0bbc1415dad0b1339d32903dd,Yes,You are fairly confident in your qualification.,7,7,4,7,7,7,I wanted some of the suggestions to be more specific than they actually were.,7,4,7,7,30,7,
9/4/2021 10:20:46,A345TDMHP3DQ3G,7b3d6b7a25a94d4f85060bbee5dd4682,Yes,You are absolutely certain about your qualification.,7,7,4,7,7,7,Some suggestions were a bit too vague and I wanted more details and specifics. ,7,4,7,7,30,7,
9/4/2021 10:39:18,A345TDMHP3DQ3G,5fc3814b137b410cab4a738f50e91ad8,Yes,"You are confident in your qualification, but not absolutely certain.",7,7,4,7,7,7,Some of the suggestions kept taking me back to the Madonna example which I felt was unnecessary. ,7,7,7,4,30,7,
9/4/2021 10:53:07,A345TDMHP3DQ3G,08b1a2012f4d4115b56cc8231449ff48,Yes,You are fairly confident in your qualification.,6,7,4,7,7,7,Some of the suggestions I was given took a more humorous tone than I wanted for an academic persuasive article. ,7,7,7,4,30,7,
9/4/2021 11:07:11,A345TDMHP3DQ3G,8a89fb0e060a42658033820f12a115d3,Yes,"You are confident in your qualification, but not absolutely certain.",6,7,4,7,7,7,I wasn't sure how accurate some of the suggestions were (do college athletes really get stipends they can spend however they want?),7,7,7,4,30,7,
9/4/2021 11:21:17,A345TDMHP3DQ3G,2b2239b180604f018998fa272576c828,Yes,You are fairly confident in your qualification.,6,6,4,7,7,7,I felt like the suggestions I got were WAY too redundant and that the AI wasn't capable of really pushing the argument forward beyond repetition. ,7,4,6,4,50,6,
9/4/2021 11:34:43,A345TDMHP3DQ3G,ada1c4b3f99847d9907e77dd96200ed9,Yes,You are fairly confident in your qualification.,6,6,4,7,7,6,I wanted some of the suggestions to be more detailed and provide more specifics than they actually did.,7,5,6,6,30,6,
9/4/2021 11:50:06,A345TDMHP3DQ3G,55c68fe2661343d4b1ab43ba95db5c09,Yes,You are fairly confident in your qualification.,6,6,4,6,6,6,Some of the suggestions that I got were a little bit too circular to really push the argument forward. ,7,6,6,5,35,6,
9/4/2021 12:34:30,A345TDMHP3DQ3G,d38b7aa16b1d49588816249785db335a,Yes,You are fairly confident in your qualification.,5,6,4,6,6,7,I felt some of the suggestions were just a bit too generic and weren't specific to the direction I was taking my story in.,6,4,6,6,35,6,
9/4/2021 12:45:49,A345TDMHP3DQ3G,22fb1316d9cd447ab4a36bff209e7e66,Yes,You are fairly confident in your qualification.,6,4,4,6,6,5,I was never able to give any personal examples as the AI suggestions kept coming up with generic ones. ,6,6,4,6,35,6,
9/4/2021 12:59:29,A345TDMHP3DQ3G,da72913a2d764538a71c9607212b148c,Yes,You are absolutely certain about your qualification.,6,5,4,7,6,6,Some suggestions that I got just clearly didn't have the right math. I wanted to calculate some numbers and the numbers were way too far fetched.,6,5,5,4,35,5,
9/4/2021 17:43:43,A345TDMHP3DQ3G,23b5950573434bfeb67e045c39c17d50,Yes,You are fairly confident in your qualification.,6,6,7,6,5,6,I thought some of the suggestions were a little bit circular and just repeated over and over again that extreme mountain climbing was a sport...,6,5,6,4,35,6,
9/4/2021 17:55:06,A345TDMHP3DQ3G,b27f544a5f6e4989aa95af488cfeaadb,Yes,You are fairly confident in your qualification.,6,5,4,5,6,6,I wasn't sure about how accurate the suggestions about the law and the Hicks Memo were.,6,6,7,5,35,6,
9/4/2021 21:09:39,A345TDMHP3DQ3G,65fc0e4f41cb4ca0b92af3a161da5d2b,Yes,You are fairly confident in your qualification.,6,4,4,6,6,7,Some suggestions were way too hung up on the hostess point when I wanted to move off from that subject. ,6,4,4,5,35,6,
9/4/2021 21:27:46,A345TDMHP3DQ3G,5300d0e4c21f40538eb8a2ec41b55124,Yes,You are fairly confident in your qualification.,6,4,4,5,6,6,Some of the suggestions I got were overly redundant and just kept repeating that screen time should be limited without getting into the reasons why.,6,4,5,5,40,5,
9/4/2021 21:40:33,A345TDMHP3DQ3G,cac1461058604a49824731779448358d,Yes,You are fairly confident in your qualification.,5,4,4,6,6,7,When I opened a new paragraph I wanted to pivot to a new topic but the suggestions were still mired in the topic of the previous paragraph,6,4,6,5,35,6,
9/4/2021 21:53:39,A345TDMHP3DQ3G,4398673bfcfd4ba388fb92f193fc582c,Yes,You are fairly confident in your qualification.,5,4,6,7,6,6,I didn't really feel I could trust the suggestion's math calculation how much money tuition was over 4 years.,6,4,6,6,45,6,
9/5/2021 16:48:57,A345TDMHP3DQ3G,47f742905ea748d3b71bcd2c5684a654,Yes,You are fairly confident in your qualification.,6,3,4,5,4,5,Some of the suggestions were way too redundant; I didn't want to say for the 50th time that the most important thing to learn is independence. ,4,2,4,4,35,4,
9/5/2021 17:03:48,A345TDMHP3DQ3G,2d584bbdb1634b0a91a0d271594d122a,Yes,You are fairly confident in your qualification.,4,4,5,4,3,4,Suggestions were not sophisticated enough to start new arguments or introduce new points. ,4,3,4,4,40,4,
9/5/2021 17:20:03,A345TDMHP3DQ3G,0bad9cbc52854c13a1b982195f7face2,Yes,You are fairly confident in your qualification.,4,4,5,4,5,4,"Some suggestions that I got were pretty circular, and didn't come off from the specific example I gave early enough.",4,4,5,4,45,4,
9/5/2021 17:32:59,A345TDMHP3DQ3G,41d8a6e73a1e4df588aebd0ad14d8da1,Yes,You are fairly confident in your qualification.,6,4,4,7,6,7,Some of the suggestions just sounded a bit too ignorant to me (and were sort of mansplaining at some point),5,5,4,5,40,6,
9/5/2021 17:49:11,A345TDMHP3DQ3G,759a22ce504c4259b8ea09651194bf46,Yes,You are fairly confident in your qualification.,5,6,4,5,5,6,Some of the suggestions felt like they got a bit too redundant since they just kept repeating that technology was a lifeline. ,5,4,5,4,35,6,
9/5/2021 18:15:42,A345TDMHP3DQ3G,d2ced3cd555148af9ee949675db2ab89,Yes,You are fairly confident in your qualification.,6,5,6,5,5,5,The suggestions that I received were too circular and repetitive; I kept getting the same language about selfies being insensitive. ,4,4,5,4,35,4,
8/26/2021 4:26:55,A377LTGWJKY2IW ,8e68479f14394dce8f30aaad91524538,Yes,"You are confident in your qualification, but not absolutely certain.",7,5,2,6,5,7,"Sometimes I received the same suggestions several times, I would have rather had a bit more variety. ",6,5,6,6,85,6,
8/29/2021 7:54:01,A377LTGWJKY2IW ,38e1a33885914802a41a324e7a6d146b,Yes,You are absolutely certain about your qualification.,7,5,1,7,7,7,A couple of times I wish I had received a few more suggestions. But I thought the suggestions were mostly excellent.,7,6,7,6,80,6,"Thanks, I enjoyed this."
8/29/2021 8:08:28,A377LTGWJKY2IW ,cb02390d4b60449da399e645b91440d4,Yes,You are absolutely certain about your qualification.,6,3,4,4,4,6,I felt like the system did not give me enough different ideas. It seemed like it was just repeating the same ideas. At times it also only gave me one suggestion. ,5,5,6,7,90,5,
8/26/2021 5:16:40,A3DS5B06ZCD3E3,9693af5c800e4c39bb42198f8ab19c96,Yes,"You are confident in your qualification, but not absolutely certain.",5,5,4,4,5,6,It only gave a few examples. I went to use the AI a few times after the first two times and it kept  telling me it had no suggestions. So I basically stopped using it.,4,6,7,7,90,6,System needs to give more suggestions or give suggestions further into the essay.
8/26/2021 5:30:35,A3DS5B06ZCD3E3,8b886d12eeb14f21b8bc96c5a1215336,Yes,You are absolutely certain about your qualification.,7,7,3,6,6,7,Nothing really. The system had some really good suggestions that helped me with my writing. It ran out of suggestions at the end though.,6,7,7,7,80,7,Once again the system seemed to run out of suggestions toward the end of the essay.
8/19/2021 4:30:04,A3DUPRZSMU9W5R,25ffdce6009a47f08c72347a283d256e,Yes,You are absolutely certain about your qualification.,4,2,4,2,2,2,"After about two paragraphs, the AI was no longer able to follow my thoughts. I kept getting a message about no suggestions every time I would it tab",2,5,2,7,95,2,
8/19/2021 4:42:22,A3DUPRZSMU9W5R,9d08c8ebec4c4e4fbd01d2a918b8f5f6,Yes,"You are confident in your qualification, but not absolutely certain.",3,1,5,2,2,2,"Again, I had the issue that the AI stopped providing ideas after a couple of paragraphs. Also it seemed to provide the same sentences to choose from time after time.",2,4,1,7,90,1,
8/20/2021 3:57:20,A3DUPRZSMU9W5R,024f6a5d399545ceb4e9482fe575aa51,Yes,You are fairly confident in your qualification.,5,4,1,5,4,7,"The AI helped continue my dialogue, not necessarily providing new ideas, but promoting the ones I already had.",5,4,5,7,85,5,
8/20/2021 4:19:42,A3DUPRZSMU9W5R,b609372842a94db2b278d4ad7f7e366b,Yes,You are fairly confident in your qualification.,3,2,4,2,2,4,"I was frustrated with my essay and that fell over into my frustration with the AI. After I had run out of ideas or ways to continue, the AI didn't have any further suggestion. IT was annoying",2,2,4,6,85,2,
8/23/2021 3:42:21,A3DUPRZSMU9W5R,5a043fc7d564442d8d66a706b9ff50fe ,Yes,"You are willing to defend your qualification, but it is quite likely that you did not understand central parts of the prompt or that you are unfamiliar with some pieces of background knowledge.",4,2,4,2,2,2,The initial suggestions given by the AI were simply rewording of my own statements. That wasn't helpful at all. I think I only used a couple of things AI suggested and found it lacking in suggestions.,2,3,2,6,90,2,
8/23/2021 3:55:35,A3DUPRZSMU9W5R,9dc2ff98e5244628989c4bd4be983dfe ,Yes,"You are willing to defend your qualification, but it is quite likely that you did not understand central parts of the prompt or that you are unfamiliar with some pieces of background knowledge.",6,6,1,6,6,6,"I started out with a strong belief in what I wanted to say, but faltered as I got further into my essay. The AI helped to give me new suggestions as a direction to take so I could continue writing",6,1,6,3,70,6,
8/23/2021 6:51:55,A3DUPRZSMU9W5R,ea22b448ed0441a093211cc71c8c35e3 ,Yes,"You are willing to defend your qualification, but it is quite likely that you did not understand central parts of the prompt or that you are unfamiliar with some pieces of background knowledge.",6,7,1,6,6,6,"Again, after my main point, I struggled to continue on with my essay. The AI had a suggestion of how to start the next paragraph that I wouldn't have thought of. This gave me another point to focus on so I could continue the essay.",6,4,6,5,75,7,
8/23/2021 7:07:16,A3DUPRZSMU9W5R,87958a503957482fa3a5b13de3fbb296 ,Yes,"You are willing to defend your qualification, but it is quite likely that you did not understand central parts of the prompt or that you are unfamiliar with some pieces of background knowledge.",7,7,1,7,7,6,I was really pleased with the ideas offered by the AI. They continued my train of thought and went in depth to give me better ideas.,7,6,7,4,50,7,
8/24/2021 2:31:16,A3HE29W5IDR394,255895948b97428686b11c534cc8de9e,Yes,"You are confident in your qualification, but not absolutely certain.",6,2,1,6,3,7,"I felt the options were too narrow in variety. It appeared to have 5 different ways of saying the same thing rather than offering any alternatives.  I cannot recall the specific options, but in my last paragraph, I has tabbed after the phrase, we should, and the options appeared to differ by one word each and it seemed closer to a thesaurus than a completion idea. ",7,7,7,7,80,7,Color coded completions for short variations 
8/19/2021 4:13:28,A3MYPYBVHX7FQ2,bd6ab310459647bcb8f5bda6578b0d72,Yes,You are absolutely certain about your qualification.,6,2,2,5,2,5,"I found that the system had regurgitated some of my previous lines, as suggestions. Aside from that, most of the suggestions were useful to keep the story going. I would only suggest that the system not use lines that I've written as suggestions. I think I understand why it does that, but I think those types of suggestions would be rarely, if ever, useful to the writer.",5,4,5,6,85,7,
8/19/2021 8:16:19,A3MYPYBVHX7FQ2,5fb284a8453d4fbdb665675cbe8b4486,Yes,You are absolutely certain about your qualification.,7,7,1,7,7,7,"Some of the suggestions that I received during this session were very well formed. The system took what I had written, incorporated that, and expanded it with new information that almost felt like it was interjecting it's own viewpoint. That was interesting and made writing the essay much easier than it would have been if I'd written it on my own. I don't have any suggestions on how to do that better, I just hope the system continues to refine that skill.",7,6,7,6,80,7,
8/19/2021 12:54:22,A3MYPYBVHX7FQ2,f170aa855728465589f57f1c3154f55a,Yes,You are absolutely certain about your qualification.,4,5,4,3,3,2,"The system seemed to hang up more than once, when I requested a suggestion. I'm not sure if that's a glitch, or a normal part of the system. One thing that the system did here, that it hasn't done before, is to ask me questions that would prompt a response that made a good starting point for a new paragraph. I really liked that. I liked being challenged with writing my own line, using the AI to feed me ideas. I would suggest that the system should do that more often.",4,4,5,6,85,7,
8/20/2021 2:56:13,A3MYPYBVHX7FQ2,49e04e987bbe4e59bf2baab73f486a26,Yes,"You are confident in your qualification, but not absolutely certain.",7,4,1,7,7,6,"Some of the times that I requested suggestions, the system gave me unworkable solutions. I wasn't able to implement those, so I found myself writing more of the story myself. I kept checking back with the system, looking for better angles on what I was trying to say. It did not disappoint, and it ended up writing the end cap to the entire piece. The suggestions were not all good, but the good ones were really good! Whatever the machine used as a criteria to refine its suggestions to me, during this session, I would suggest that it keep exploring that mechanism because it produced some really good lines.",4,7,7,5,85,7,
8/20/2021 8:59:05,A3MYPYBVHX7FQ2,af35478b772442319c64d331bc779ed0,Yes,You are absolutely certain about your qualification.,7,7,1,7,7,7,"After this session, I have some practical suggestions. I think that the user interface could use some work. The system gave me a perfect suggestion for the ending and I accidentally tapped the enter key on the wrong statement and lost the ending that I wanted to use. I think it would be better if there was a secondary confirmation button, like a pop up confirmation, to select a statement. It's too easy to make a mistake and lose really golden suggestions from the system. It would also be nice to be able to go back a page, on the suggestions, but I'm not trying to get greedy. It would be nice if there was some idiot proofing in the UI, because sometimes I accidently do things that I didn't mean to do. That's the only suggestion I have right now, the system is doing great with the writing.",2,6,5,6,80,7,
8/20/2021 9:31:19,A3MYPYBVHX7FQ2,434f519e8863442f810796865db83047,Yes,"You are confident in your qualification, but not absolutely certain.",7,7,1,7,6,6,"Something that I really liked about the system, during this session, was that it offered a lot of open ended questions. It almost always offers a few, but this time it seemed to me that it was offering more of them. I suggest that it continue to offer these types of suggestions, because when it starts the thought but lets me finish the sentence, without doing any text surgery on the sentence, it really opens up the possibilities of where the story can go.",7,6,6,6,80,7,
8/20/2021 10:07:50,A3MYPYBVHX7FQ2,a6dd76d59f0a4cf0a6fdc4455fa4b639,Yes,"You are confident in your qualification, but not absolutely certain.",7,7,1,7,7,7,"I wrote this article using more collaboration from the system than in any of my previous sessions. I found that the system does a very good job of carrying the narrative forward, if I get out of it's way. Maybe it would be a good idea to suggest that the writer ask for a suggestion, periodically. Just to remind the writer that they are not alone and that they can ask for some help. It's easy to forget that, even during a short writing session, because we tend to be so focused on what we are thinking, when writing, that we might disregard all other considerations. Just a little pop up reminder, it doesn't even need to require an interaction. Maybe a red flag blinking, in the margin.",7,5,7,5,60,7,
8/20/2021 12:09:15,A3MYPYBVHX7FQ2,b6620ed18c174f708138abb59ade11ca,Yes,You are fairly confident in your qualification.,6,3,2,4,3,4,"In this session, the system offered some suggestions that were alright to keep the flow of the piece going, but nothing that took it in any new directions. At the end of the article, I was hoping to get a good finishing line from the system, but it had no suggestion of any kind. It would be better if the system would offer some kind of suggestion, even a bad one, rather than refuse to offer anything at all.",4,5,4,7,85,7,
8/20/2021 13:58:16,A3MYPYBVHX7FQ2,193eacf06dee44f788a52e1d2652419b,Yes,You are fairly confident in your qualification.,7,1,4,1,1,1,"The system seemed to be almost non-functional during this session. I asked for several suggestions over the course of several paragraphs. A couple of times, I was given a short sentence where just a few words had been changed from the last suggestion. They all said the same basic thing. It got worse toward the end, when the system no longer responded at all. I got no suggestions toward the end of the article. I'm not sure if it was malfunctioning or if it does that sometimes, by design. After this session, my suggestion has to be to take a look at the system because it seems to be broken right now.",5,4,3,7,95,7,
8/25/2021 11:28:45,A3MYPYBVHX7FQ2,51ed55e505064fc9ab0bcde91766f55a ,Yes,"You are confident in your qualification, but not absolutely certain.",6,5,2,6,6,6,"The system did a really good job this time of offering good suggestions. They weren't all home run suggestions, some of them just reiterated things that had already been said, but that's okay. It offered varied suggestions that gave me, as the human writer, choices on where I would like to take the story next. If I have any suggestion at all it would be to expand the number of suggestions that the system offers. One or two more suggestions from the system, for each request for suggestions, could help the human writer to develop a better story.",7,6,7,6,70,7,
8/25/2021 12:18:11,A3MYPYBVHX7FQ2,fe677c513394449e987eb3ccce62d03c ,Yes,You are fairly confident in your qualification.,6,5,2,5,5,5,"During this session, I tried writing most of the first paragraph myself. I did this before requesting my first suggestion, because I wanted to find out if the system would offer better responses after taking in more input. I can't tell if the system responded to that, or not. I got some decent suggestions, once I started requesting them, but I couldn't tell if they were better than I would have gotten if I'd just asked the system to start offering suggestions after the prompt, or the first sentence. I can't offer any new suggestions, after this session. The system did a good job of offering workable suggestions and helped me write the opinion.",6,5,7,6,80,7,
9/4/2021 11:24:23,A3MYPYBVHX7FQ2,ef5ff569f6e0458ebb10f2f277612cfe ,Yes,"You are confident in your qualification, but not absolutely certain.",5,3,2,6,6,6,"The system did a good job of offering appropriate, and well written, suggestions during this session. The only improvement I could suggest would be to allow the AI to finish its thought, if it is suggesting an addendum to my previous statement. The system started to offer really great suggestions, a couple of times, but trailed off before finishing the thought, or even the sentence. I would have like to have seen the conclusion of its statements, because they were good additions to the story.",5,5,7,6,65,7,
8/19/2021 0:25:59,A3O5RKGH6VB19C,1b15da4de55047cf85b1ca1adbb860a6,Yes,You are absolutely certain about your qualification.,7,7,1,7,7,7,I didn't take any suggestions for this story,7,7,7,7,100,7,Thank you!
8/19/2021 0:48:11,A3O5RKGH6VB19C,586931064c24482796b7e0aade9a711b,Yes,"You are confident in your qualification, but not absolutely certain.",7,7,1,7,7,7,I didn't really use any of the suggestions.,7,7,7,7,95,7,Thanks!
8/19/2021 12:40:04,A3O5RKGH6VB19C,a23600c207bd470c929852b33b9a2946,Yes,"You are confident in your qualification, but not absolutely certain.",7,7,1,7,7,7,The suggestions were very in depth. No complaints here,7,7,7,7,75,7,Thank you!
8/19/2021 12:50:35,A3O5RKGH6VB19C,7b2aaf58f55a434f91bb71515a329f13,Yes,You are absolutely certain about your qualification.,7,7,1,7,7,7,I didn't really use any suggestions for this story.,7,7,7,7,95,7,Thank you!
8/19/2021 20:51:37,A3O5RKGH6VB19C,8b3585b594e24e0dbfd53eae933d2f4a,Yes,You are absolutely certain about your qualification.,7,7,1,7,7,7,I didn't really use many suggestions for this story.,7,7,7,7,95,7,Thanks!
8/19/2021 22:36:05,A3O5RKGH6VB19C,269f101ba0da4aa3a5ce0bf3a65bade1,Yes,You are absolutely certain about your qualification.,7,7,1,7,7,7,I didn't use any of the suggestions,7,7,7,7,100,7,Thank you!
8/20/2021 17:42:27,A3O5RKGH6VB19C,61f79cbacda542fd92422b4be43132b9,Yes,You are absolutely certain about your qualification.,7,7,1,7,7,7,The suggestions of the story were helpful,7,7,7,7,90,7,Thank you!
8/21/2021 20:41:17,A3O5RKGH6VB19C,b6c08c13a3a24bfe81e6186207077368,Yes,You are absolutely certain about your qualification.,7,7,1,7,7,7,I didn't use any suggestions,7,7,7,7,100,7,Thank you!
8/21/2021 21:22:56,A3O5RKGH6VB19C,843d5913965e4dee8b3d500b547c3489,Yes,You are absolutely certain about your qualification.,7,7,1,7,7,7,I didn't use any suggestions,7,7,7,7,100,7,Thank you!
8/21/2021 21:33:35,A3O5RKGH6VB19C,eefa5bb918f543a088a6ac8680e09e9c,Yes,You are absolutely certain about your qualification.,7,7,1,7,7,7,I didn't use any of the suggestions,7,7,7,7,100,7,Thank you!
8/21/2021 21:45:11,A3O5RKGH6VB19C,d53c0269a7944ab58d7e332de951b22d,Yes,You are absolutely certain about your qualification.,7,7,1,7,7,7,I didn't use any suggestions,7,7,7,7,100,7,Thank you!
8/21/2021 22:21:46,A3O5RKGH6VB19C,fc53ee7c7b1c4ad1886004483d6f3184,Yes,You are absolutely certain about your qualification.,7,7,1,7,7,7,I didn't use any suggestions for this topic,7,7,7,7,100,7,Thank you!
8/22/2021 20:22:08,A3O5RKGH6VB19C,8c1e099146fe4ff7a633d08fb6f54035,Yes,You are absolutely certain about your qualification.,7,7,1,7,7,7,I didn't use any of the suggestions,7,7,7,7,100,7,Thank you!
8/22/2021 20:50:27,A3O5RKGH6VB19C,932a48cdabbf40ed8622c169b9053efc,Yes,You are absolutely certain about your qualification.,7,7,1,7,7,7,I didn't use any of the suggestions,6,7,7,7,100,7,Thanks!
8/22/2021 21:15:15,A3O5RKGH6VB19C,df7ebb6fc93c419d84052f9579fa6e0a,Yes,You are absolutely certain about your qualification.,7,7,1,7,7,7,I didn't use any suggestions,7,7,7,7,100,7,Thanks!
8/22/2021 21:51:25,A3O5RKGH6VB19C,1c6fcfe3faf4499bad4a08f36fb0e941,Yes,You are absolutely certain about your qualification.,7,7,1,7,7,7,I didn't use any of the suggestions.,7,7,7,7,100,7,Thanks!
8/22/2021 22:01:53,A3O5RKGH6VB19C,712c00cd50254b2baef9a6af57cfad72,Yes,You are absolutely certain about your qualification.,7,7,1,7,7,7,I didn't use any suggestions for this story,7,7,7,7,100,7,Thank you!
8/22/2021 22:12:33,A3O5RKGH6VB19C,e08f94cbb8024b0d86bb3365221d4290,Yes,You are absolutely certain about your qualification.,7,7,1,7,7,7,I didn't use any of the suggestions,7,7,7,7,100,7,Thanks!
8/22/2021 22:23:01,A3O5RKGH6VB19C,e66a5afb693c47e8b30faeb12e10a7cf,Yes,You are absolutely certain about your qualification.,7,7,1,7,7,7,The suggestions were very unique and helpful. I had no issue with them.,7,7,7,7,80,7,Thank you
8/22/2021 23:21:12,A3O5RKGH6VB19C,ea75cd504c9c4f6e801d18aeaf2e0fd6,Yes,You are absolutely certain about your qualification.,7,7,1,7,7,7,I used a suggestion at the start to kick off my story and it was well thought out and made sense.,7,7,7,7,95,7,Thank you! 
8/22/2021 23:33:41,A3O5RKGH6VB19C,181976aad3154801b8c380e9afc99410,Yes,"You are confident in your qualification, but not absolutely certain.",7,7,1,7,7,7,I didn't use any suggestions,6,7,7,7,100,7,Thanks!
8/23/2021 0:08:01,A3O5RKGH6VB19C,7748d213f66743dd9abe45f23dacca99,Yes,You are absolutely certain about your qualification.,7,7,1,7,7,7,I didn't use any suggestions,7,7,7,7,100,7,Thank you!
8/23/2021 0:21:03,A3O5RKGH6VB19C,b79722adbf4c4301832af916f636ff2f,Yes,You are absolutely certain about your qualification.,7,7,1,7,7,7,I didn't use any suggestions,7,7,7,7,100,7,Thanks!
8/24/2021 20:37:12,A3O5RKGH6VB19C,551833edecbb48a9a13b5498cadd6346,Yes,You are absolutely certain about your qualification.,7,7,1,7,7,7,I didn't use any suggestions,7,7,7,7,100,7,Thank you
8/24/2021 20:47:04,A3O5RKGH6VB19C,5f43b93d95334de7a886100e5e0a73b8,Yes,You are absolutely certain about your qualification.,7,7,1,7,7,7,I didn't use any of the suggestions,7,7,7,7,100,7,Thank you!
8/24/2021 20:57:28,A3O5RKGH6VB19C,0921c359278b4b64b572a816ffe67ffc,Yes,You are absolutely certain about your qualification.,7,7,1,7,7,7,I didn't use any of the suggestions,7,7,7,7,100,7,Thank you!
8/25/2021 20:20:37,A3O5RKGH6VB19C,facf3f35823f4de3904d48cd6fd57216,Yes,You are absolutely certain about your qualification.,7,7,1,7,7,7,I didn't use any suggestions for this story,7,7,7,7,100,7,Thanks!
8/25/2021 20:31:05,A3O5RKGH6VB19C,b4bbf40667d64a6ebd248ebb87a3ce5f,Yes,You are absolutely certain about your qualification.,7,7,1,7,7,7,I didn't use any suggestions,7,7,7,7,100,7,Thanks!
8/25/2021 20:40:56,A3O5RKGH6VB19C,97cabee8b1434aabb912a590ead973ce,Yes,You are absolutely certain about your qualification.,7,7,1,7,7,7,I didn't use any suggestions,7,7,7,7,100,7,Thanks!
8/25/2021 20:51:18,A3O5RKGH6VB19C,7944986ab0fd42e9a2c615181d024cad,Yes,You are absolutely certain about your qualification.,7,7,1,7,7,7,I didn't use any suggestions for this story,7,7,7,7,100,7,Thank you!
8/25/2021 21:01:24,A3O5RKGH6VB19C,fa68c16d925c4ec08cbb9e393982aca9,Yes,You are absolutely certain about your qualification.,7,7,1,7,7,7,I didn't use any of the suggestions/,7,7,7,7,100,7,Thanks!
8/25/2021 21:26:51,A3O5RKGH6VB19C,dd0cbba1431349d985aca86e9e27359d,Yes,You are absolutely certain about your qualification.,7,7,1,7,7,7,I did not use any of the suggestions.,7,7,7,7,100,7,Thanks!
8/25/2021 21:36:31,A3O5RKGH6VB19C,97fdc99773cb4a479fa44636563e5453,Yes,You are absolutely certain about your qualification.,7,7,1,7,7,7,I didn't use any suggestions,7,7,7,7,100,7,Thank you!
8/26/2021 20:15:14,A3O5RKGH6VB19C,da3414296aae462498909b5fa7086161,Yes,You are absolutely certain about your qualification.,7,7,1,7,7,7,I didn't use any of the suggestions,7,7,7,7,100,7,Thanks!
8/26/2021 20:47:32,A3O5RKGH6VB19C,36586c688d824b76971efef44868fe05,Yes,You are absolutely certain about your qualification.,7,7,1,7,7,7,I didn't use any suggestions,7,7,7,7,100,7,Thanks!
8/26/2021 20:58:03,A3O5RKGH6VB19C,d701053d959a43399a0f3877dab22dd8,Yes,You are absolutely certain about your qualification.,7,7,1,7,7,7,I didn't use any suggestions,7,7,7,7,100,7,Thanks!
8/26/2021 21:18:30,A3O5RKGH6VB19C,8cd013d1f1c0425aaf34f6295e350c5b,Yes,You are absolutely certain about your qualification.,7,7,1,7,7,7,I didn't use any suggestions,7,7,7,7,100,7,Thanks!
8/26/2021 21:29:19,A3O5RKGH6VB19C,c95024d4d29d4d90a8aa665aef6397aa,Yes,You are absolutely certain about your qualification.,7,7,1,7,7,7,I didn't use any suggestions,7,7,7,7,100,7,Thanks!
8/26/2021 21:47:36,A3O5RKGH6VB19C,50cbfa80836747da9d4835e59ebcc3bd,Yes,You are absolutely certain about your qualification.,7,7,1,7,7,7,I didn't use any suggestions,7,7,7,7,100,7,Thank you!
8/26/2021 22:00:05,A3O5RKGH6VB19C,789bc47680704b249863757263a484b7,Yes,You are absolutely certain about your qualification.,7,7,1,7,7,7,I didn't use any suggestions,7,7,7,7,100,7,Thank you!
8/26/2021 22:20:42,A3O5RKGH6VB19C,185067c797e34884b1408a69680fe28a,Yes,You are absolutely certain about your qualification.,7,7,1,7,7,7,I didn't use any suggestions,7,7,7,7,100,7,Thanks!
8/23/2021 5:51:17,A3OLRWACCCCUTU,ee97167c47cd46aca00d02fdb8821697,Yes,You are absolutely certain about your qualification.,5,4,2,4,5,4,I got better suggestions earlier; they got worse and less helpful as I got towards the end of the session.,5,6,6,7,70,6,
8/29/2021 16:52:49,A3P9TM5PRYBH90,c42ae1a2e39e4d63ab7beaf4139150d0 ,Yes,"You are confident in your qualification, but not absolutely certain.",5,5,3,4,4,2,Some early suggestions seemed stock to the prompt but did not follow my argument. There were also several errors were no suggestions were given. ,2,6,3,6,70,1,
8/29/2021 17:09:19,A3P9TM5PRYBH90,00bf170a815a42359f3aef35f5674ddc ,Yes,You are fairly confident in your qualification.,6,5,2,5,6,5,The first couple of suggestions seemed generic to the prompt but later suggestions followed the specific argument better. ,5,5,6,6,65,5,
8/30/2021 22:07:21,A3P9TM5PRYBH90,c775fecac8844b6fbc25b059301c7ae8 ,Yes,"You are confident in your qualification, but not absolutely certain.",6,6,2,6,6,5,Some suggestions were incomplete sentences which caused me to think creatively about how to finish the AI's thought. The suggestions were appropriate overall. ,5,6,6,5,60,5,
8/31/2021 19:39:24,A3P9TM5PRYBH90,0b7c8c2c9e9141e3874e5782b3c41ea1 ,Yes,"You are confident in your qualification, but not absolutely certain.",6,2,3,2,2,4,"Several times after pushing tab the system was unable to give me a suggestion, stating ""no suggestions to be shown"". I had to write most of the argument myself. ",2,5,3,6,80,2,
8/31/2021 20:05:37,A3P9TM5PRYBH90,d7de4777f84246b8896f38fac0494b17 ,Yes,"You are confident in your qualification, but not absolutely certain.",6,4,2,5,5,3,"I see now that when I stray too far from the initial premise of the argument the AI is not able to give me suggestions, giving me the ""no suggestions to be shown"" message. I find that bringing it back to a simpler argument and using keywords from the prompt enables it to contribute again. ",4,6,5,6,65,3,
8/31/2021 20:35:07,A3P9TM5PRYBH90,c6bf0514feec40d58281a3c276051cf0 ,Yes,"You are confident in your qualification, but not absolutely certain.",6,6,2,6,5,6,"The suggestions were really good this time, appropriate but also creative in moving the argument along. The suggestion mentioning the days when everybody watched a lot of TV actually got me to pursue a new line in the argument. ",6,6,6,5,65,5,
8/26/2021 4:57:55,A3S67QA0SQVPUJ,c286d6136e35488f967ec0581cc49cfd,Yes,"You are willing to defend your qualification, but it is quite likely that you did not understand central parts of the prompt or that you are unfamiliar with some pieces of background knowledge.",6,5,1,6,6,7,There were times where the AI couldn't suggest anything.  I think it was because my previous sentence may have been too specific and detailed about the subject.  The AI may not be able to work with that.,7,7,7,7,80,7,
8/26/2021 5:15:13,A3S67QA0SQVPUJ,6d7b66caeb974603a770490a4a83c38a,Yes,You are fairly confident in your qualification.,7,7,1,7,7,7,I thought the suggestions were great in this session.  The suggestions fit into my essay perfectly.  I don't have any tips for improvement.,7,7,7,7,80,7,
8/26/2021 5:31:02,A3S67QA0SQVPUJ,883da543f4194cc29bf0dafacaa686ab,Yes,"You are willing to defend your qualification, but it is quite likely that you did not understand central parts of the prompt or that you are unfamiliar with some pieces of background knowledge.",7,5,1,6,6,6,"There were times that the system couldn't provide suggestions.  Other than that, I was satisfied with the suggestions that I received.",7,7,7,7,75,7,
8/26/2021 5:53:43,A3S67QA0SQVPUJ,96d31c3aed4243f584d74a450311eac3,Yes,"You are willing to defend your qualification, but it is quite likely that you did not understand central parts of the prompt or that you are unfamiliar with some pieces of background knowledge.",7,7,1,7,7,7,"The topic of my subject involved schools.  At one point, I asked for a suggestion and it gave me the name of a specific school.  Now, maybe the school had some sort of relevance to the topic, but I couldn't find out.  It seemed random and out of place to me.  Other than that instance, I had no issues.",7,7,7,7,70,7,
8/26/2021 6:41:13,A3S67QA0SQVPUJ, 0cdb0e3ec5a64d018bb724e707296523,Yes,You are fairly confident in your qualification.,6,4,1,7,5,7,"In certain instances, the suggestions were repetitive compared to my previous sentence so I didn't choose the suggestion. ",7,7,7,7,80,7,
8/26/2021 6:56:25,A3S67QA0SQVPUJ,c1714313080c448d857756a2e0ad6071,Yes,"You are willing to defend your qualification, but it is quite likely that you did not understand central parts of the prompt or that you are unfamiliar with some pieces of background knowledge.",7,7,1,7,7,7,I had no issues during this session.  The suggestions were very good.  One suggestion provided a specific example regarding the NCAA basketball tournament that really helped my essay.,7,7,7,7,80,7,
8/26/2021 7:36:58,A3S67QA0SQVPUJ,f7a0e6bf24104ad59bccabf84bf41b86,Yes,You are fairly confident in your qualification.,7,4,1,7,4,5,"There were two times where the suggestion would suggest specific names of people and dates that didn't seem to have any relevance.  I wasn't able to use certain suggestions for that reason.  Overall, the system still gave me good suggestions that flowed with my essay.",7,7,7,7,85,7,
8/26/2021 8:07:32,A3S67QA0SQVPUJ,d85105525355435da52d20ce7a4b7620,Yes,You are fairly confident in your qualification.,7,7,1,7,7,7,This system performed well this session.  I have no tips to improve it.,7,7,7,7,80,7,
8/26/2021 8:43:07,A3S67QA0SQVPUJ,65564e291348443491a3701f80d2b99d,Yes,"You are willing to defend your qualification, but it is quite likely that you did not understand central parts of the prompt or that you are unfamiliar with some pieces of background knowledge.",7,7,1,7,7,7,"Sometimes, the suggestions would be repetitive.  It would suggest sentences that I had already written.  This only happened two or three times.",7,7,7,7,70,7,
8/27/2021 8:46:02,A3S67QA0SQVPUJ,6c63751ce75d42eaaa22d89ddeb89d88,Yes,"You are willing to defend your qualification, but it is quite likely that you did not understand central parts of the prompt or that you are unfamiliar with some pieces of background knowledge.",4,5,1,5,5,6,"There were a few times the suggestions didn't seem to be relevant to the topic.  There was one suggestion that seemed to refer to an interview, but I had no context regarding the interview.  Other than that the suggestion system worked well.",7,7,7,7,65,7,
8/27/2021 9:58:14,A3S67QA0SQVPUJ,ee15d49584a54e8ab79b140e400276ea,Yes,"You are willing to defend your qualification, but it is quite likely that you did not understand central parts of the prompt or that you are unfamiliar with some pieces of background knowledge.",7,4,1,7,5,6,I would say that the suggestions were very good at joining my different thoughts together.  More suggestions like that would help me greatly.,7,7,7,7,65,7,
8/30/2021 8:46:31,A3S67QA0SQVPUJ,8fd8bba68ff245d9a7b61561da572c22,Yes,You are fairly confident in your qualification.,6,6,1,6,6,6,"I like the suggestions where it is able to incorporate previous sentence with a new, related topic.  More of these type of suggestions would work well.",7,7,7,7,80,7,
8/30/2021 9:29:29,A3S67QA0SQVPUJ,608e5b73341a4f3ca937316f99dae32d,Yes,"You are willing to defend your qualification, but it is quite likely that you did not understand central parts of the prompt or that you are unfamiliar with some pieces of background knowledge.",7,4,1,5,4,4,There were a number of instances(especially when I talked about climate change) where the suggestion system didn't have any suggestions.  An increase to the number of suggestions would help.,5,7,7,7,85,7,
8/30/2021 9:49:20,A3S67QA0SQVPUJ,09644506674341f5b14e0d62c88ee70a,Yes,"You are willing to defend your qualification, but it is quite likely that you did not understand central parts of the prompt or that you are unfamiliar with some pieces of background knowledge.",7,3,2,4,4,4,"In this session, I felt the suggestions were more repetitive.  This made is hard to use them.   There were times that the suggestion was a repeat of a point that I had already made previous.  For example, I encountered multiple suggestions that stated something similar to: ""I believe the parents should be responsible to buy feminine products for their children"".",4,6,5,7,85,7,
8/31/2021 11:48:17,A3S67QA0SQVPUJ,a07a7de4e164491eb8f26d9029d58e36,Yes,You are fairly confident in your qualification.,7,3,1,7,4,4,"Many of the suggestions were very similar to sentences that I had already typed.  There were a few suggestions that were useful, but I couldn't use many of the suggestions because they were repetitive. ",5,7,7,7,85,5,
9/1/2021 8:17:58,A3S67QA0SQVPUJ,8288555e033840c3a745e220afdb4aa6,Yes,"You are willing to defend your qualification, but it is quite likely that you did not understand central parts of the prompt or that you are unfamiliar with some pieces of background knowledge.",7,4,1,5,5,5,"The system didn't provide any responses that were creative.  It was mostly related to what I had already written--which is good.  It just didn't suggest any new, creative scenarios.",7,7,7,7,80,7,
9/1/2021 8:49:20,A3S67QA0SQVPUJ,e7107e7319eb4ab18a7e3fc4445b2d91,Yes,"You are willing to defend your qualification, but it is quite likely that you did not understand central parts of the prompt or that you are unfamiliar with some pieces of background knowledge.",7,5,1,7,5,5,I had no issues while using the suggestion system during this session.,7,7,7,7,85,7,
9/2/2021 10:06:42,A3S67QA0SQVPUJ,2d20ee9a7295455a9ab7cd2d8140ddfb,Yes,"You are willing to defend your qualification, but it is quite likely that you did not understand central parts of the prompt or that you are unfamiliar with some pieces of background knowledge.",7,7,1,7,7,7,"The system was able to suggest phrases that fit in my writing well.  There were a couple of times when the system suggested something that didn't seem relevant.  It may just be a single word suggestion like ""footnote"".  Other than that, it worked fine.",7,7,7,7,75,7,
9/5/2021 14:37:36,A3VEF4M5FIN7KH,4cdeeb7605ca48f8a34eb3c688537ecd,Yes,You are absolutely certain about your qualification.,7,7,1,7,7,7,n/a,7,7,7,7,70,7,"I just wanted to say that in the previous survey that I put strongly disagree for the last question above from misunderstanding what it said. I thought that it said that I would refuse the system if it was for free, so I put strongly disagree because I would use the system every time. Sorry about that."
9/5/2021 14:04:38,A3VEF4M5FIN7KH ,6c16f972111c483a9d45114c12e381ff,Yes,You are absolutely certain about your qualification.,7,2,4,5,7,7,none,7,7,7,7,99,1,
8/25/2021 13:48:32,A6KOTWP7N7RLU,35a38bcbc9e94604b0c731ca8cc5de51,Yes,You are absolutely certain about your qualification.,5,6,4,5,5,5,"Some of the suggestions seemed random, and at other times, they were helpful, but not immediately so, because I was writing about a different sub-topic.  Unfortunately, though, the system forces me to take the suggestions immediately, otherwise they are lost.  This needs to change.",5,6,6,6,75,4,
8/25/2021 14:04:53,A6KOTWP7N7RLU,83a18344884f45408957086dc933dfc7,Yes,You are fairly confident in your qualification.,6,6,4,5,6,5,"The suggestions from the AI were helpful, but the requirement to keep collaborating and to avoid being idle causes me to write essays that are not as well-organized as I would have preferred",5,6,6,5,85,5,
8/25/2021 15:52:02,A6KOTWP7N7RLU,aec86c4e50874219b34fc6bbebe815de,Yes,"You are confident in your qualification, but not absolutely certain.",6,7,2,6,6,6,"The AI system worked very well in this session, so I have no suggestions",6,7,6,6,75,6,
8/25/2021 17:44:15,A6KOTWP7N7RLU,9acd2cb9d930425fba58dfd597a8449a,Yes,"You are confident in your qualification, but not absolutely certain.",6,7,4,5,5,5,"It was easy to lose track of the original prompt due to the suggestions that the AI was giving me, but I think this was because the AI was reacting to what I had already written.  Perhaps it could be programmed to keep the original prompt in mind.",6,6,6,7,85,5,
8/25/2021 18:32:48,A6KOTWP7N7RLU,5de04cda76194f70ba4a49ba5c34ad14,Yes,You are fairly confident in your qualification.,5,6,3,4,5,5,I have no suggestions on this session. The AI worked well and was very helpful (even if it did run out of ideas toward the end),5,6,6,6,90,5,
8/25/2021 18:47:15,A6KOTWP7N7RLU,d08ae131480c41d8bfa5dc129fdd468c,Yes,"You are confident in your qualification, but not absolutely certain.",5,5,3,5,5,4,"When the AI runs out of ideas for suggestions, it may be helpful to simply repeat the original question, to prevent people from getting too off-track when following prior suggestions from the AI.",6,6,5,5,80,4,
8/25/2021 21:35:32,A6KOTWP7N7RLU,0a83297c1ce94d15b358d79e533396c7,Yes,"You are confident in your qualification, but not absolutely certain.",5,5,3,4,4,5,"The AI was helpful at times, but mostly just repeated itself and (worse yet) sometimes repeated sentences that I had already written.  I wish it had more to offer in this session.",4,5,5,6,90,4,
8/25/2021 21:51:06,A6KOTWP7N7RLU,5a933e794e664407b79affecbbe3d4de,Yes,You are fairly confident in your qualification.,5,5,3,4,5,4,"The AI was helpful during this session, but not as helpful as I would have liked.  Its suggestions were either repetitive or unrelated to what I was already writing.",4,5,5,5,85,4,
8/25/2021 22:31:43,A6KOTWP7N7RLU,19e0638afb10418090e98d1da3e7de55,Yes,"You are confident in your qualification, but not absolutely certain.",4,3,4,4,3,3,"The AI felt like it had stopped trying to help during this session.  While it provided some great prompts at the beginning, all it did was repeat its original question to me whenever I tried to collaborate with it during the later stages.",4,5,6,7,90,3,
8/26/2021 14:53:41,A6KOTWP7N7RLU,9d3e7052684f42c1b805622fd2aa1c26,Yes,"You are confident in your qualification, but not absolutely certain.",6,6,2,5,5,5,"The AI didn't have many suggestions that were specific to what I was already writing, and I would like to see more of that.  However, I appreciated the broad prompts that it gave when it ran out of ideas, these helped me to keep writing.",6,6,6,7,90,5,
8/26/2021 15:10:16,A6KOTWP7N7RLU,982b7a3621a745a8a4b5b7aea92938b0,Yes,"You are confident in your qualification, but not absolutely certain.",6,7,3,6,6,5,"I would like to be able to go back to earlier points in my own writing, and receive a suggestion that was related to that section, rather than just getting a suggestion about the last thing I wrote (or the last thing that the AI suggested)",6,6,6,5,70,6,
8/26/2021 3:46:39,A8C3WNWRBWUXO,5a3f1a4ce4ec4551948e72537479b286,Yes,You are fairly confident in your qualification.,6,5,5,6,5,6,"Not all the suggestion were relevant, I recall that one was just a website address. Some of the sentences, also, cut off before reaching the end of the thought.",5,5,5,5,67,5,"It sometimes fees like the suggestions interfere with the flow of the paragraph, although the thought is right, it just doesn't fit perfectly with what I've said before, a little jarring."
8/26/2021 11:20:10,A8C3WNWRBWUXO,d66ce131a9a84210aadfe68e211e29df,Yes,You are fairly confident in your qualification.,6,5,6,6,5,5,"The suggestions seemed repetitive, this time around.  I did not feel that I was able to expand my view from it's initial starting point.  It did give me some expansion on the points I was making, but nothing beyond them.",6,5,5,5,70,6,"I have done a few of these now, with experience, I find it easier to know when to use them, and what I am looking for when I do use it."
8/26/2021 14:21:02,A8C3WNWRBWUXO,c790c4b915e84dbf8e283b598105ea90,Yes,You are absolutely certain about your qualification.,5,5,3,6,6,6,"Some of the suggestions were irrelevant, one said 'Jeff, Netherlands.'  Which had no relation to what I was writing about.  I did not find much variety, this time, in the option presented to me, and they did not provoke much creativity in my to go beyond my initial thoughts.",6,6,5,5,67,6,"With practice, I feel like I am becoming better at using this tool, and more confident that I can use it to my benefit.  It works well when I hit a road block, even if I don't use the suggestion it can spark some other ideas.  It's a little like those Brian Eno cards, Oblique Strategies."
8/26/2021 17:27:47,A8C3WNWRBWUXO,5a9ce5e82d814d418a7a1a0be11d36ac,Yes,"You are confident in your qualification, but not absolutely certain.",5,3,4,3,4,5,"There was very little in the way of a broad opinion in the suggestions I got, they repeated a lot, and didn't seem to add anything new to the arguments I was making.  ",5,6,5,6,75,6,"I did not feel so helped along this time around, even the sentences I used I felt like I had prepared already in my initial thoughts.  Still, sometimes the thoughts were better organized than my own."
8/26/2021 18:45:52,A8C3WNWRBWUXO,4e3e3c07acd645eeac9f8a18dcc9b796,Yes,"You are confident in your qualification, but not absolutely certain.",6,3,4,3,3,3,"Each time I pressed the Tab button I appeared to get the same selection of sentences, some of which I had already expressed prior.  There was not much subtlety to the sentences, and they did not flow very well from what I had already written.",3,4,3,5,75,4,"Of all these that I've done, I found this particular attempt to be the least helpful in getting me to a point where I was happy with what I submitted.  There seemed little creativity in what it was offering me."
8/26/2021 19:07:52,A8C3WNWRBWUXO,47a8415fe50c4a03ab98ef71901e3368,Yes,"You are confident in your qualification, but not absolutely certain.",4,3,4,3,2,3,"I got suggestions for the first part of my essay, but after a point I kept getting the same message after I pressed the Tab, 'writingwithai.glitch.me says No suggestions to be shown. Press tab key to try again!'  I didn't get any suggestions after the message appeared the first time.  I tried numerous time, but only got the same prompt.",3,4,4,6,85,2,"It felt like the system let me down and was of little use in aiding me to write, explore other options or lines of dialogue."
8/27/2021 6:00:57,A8C3WNWRBWUXO,7b93ed4e9e4b4cd0a9ff25766708881f,Yes,You are absolutely certain about your qualification.,6,5,3,5,5,6,"The suggestions were very limited in scope, often the group presented was just a variation on a single idea.  They did not seem to expand beyond the central concept we were communicating.  It did allow me to produce better framing of the ideas I was trying to express.",5,5,5,6,65,6,There just weren't being sentences presented that felt like they broadened the idea being argued for.
8/27/2021 11:22:43,A8C3WNWRBWUXO,3abe5c42eefe48868ba2f185d1853c93,Yes,"You are confident in your qualification, but not absolutely certain.",6,3,4,3,4,3,"The suggestions were very limited, most were good starting points for the argument as a whole, but not many of the suggestions expanded on that beginning.  Most times I asked it seemed that I was getting ideas for the start of the paragraph, certainly not the middle.  Had I hit a road block in my thinking I'm not sure the suggestions would have removed the impediment.",4,3,4,5,67,4,"The more broad the suggestions the better for using the system.  Sometimes the suggestions are narrow and don't aide, too much, the broadening of the basic ideas."
8/28/2021 12:03:59,A8C3WNWRBWUXO,e2cdf3ffc1fb4396a67368c8331d4f58,Yes,You are absolutely certain about your qualification.,6,5,2,6,5,6,"The system was able to complete sentences and expand on the ideas I was saying.  However, the times I got a number of suggestions, three or four, they were, essential the same ideas, with the words almost the same but presented in a different order. ",6,6,5,5,60,6,"I typically find the system works better at the start of a paragraph, and when you are confirming something you already said.  It does not allow so much development of a theme."
8/29/2021 10:40:06,A8C3WNWRBWUXO,bdd6826fee2c4f38974238932fa351f8,Yes,You are fairly confident in your qualification.,5,3,4,4,3,3,"There was one instance where 'themselves' was misspelt.  During the activity I did not feel the system allowed me to explore the topic very well.  I felt the suggestions were just rehashes of what I'd already written. I felt any expansion of the arguments came from me, not the system.",4,3,4,5,65,4,"The range of sentence options should be wider, suggestions were to narrow."
8/29/2021 13:49:37,A8C3WNWRBWUXO,30e6840eba364ca984ebf0c4b5451277,Yes,"You are confident in your qualification, but not absolutely certain.",6,3,5,3,3,3,"I never felt like the system aided me on coming up with arguments to pursue the line of thought I was trying to make.  The ideas presented were very basic, and suited to the start of the argument, but were not nuanced, and did not produced ideas beyond that.  As a result, I felt my piece was a little disjointed and not fully formed.",3,2,3,5,75,3,"I really struggled for ideas to argue my point, other than go over the same point.  I did not feel helped, in this instance of using the system."
8/29/2021 17:45:15,A8C3WNWRBWUXO,e06104f363824cd3b6c204c905c47f71,Yes,"You are confident in your qualification, but not absolutely certain.",6,4,2,5,5,5,"I felt the systems helped me move along with the writing.  It did not provoke any epiphanies with what I was saying, but it did allow me to better frame the arguments.  The suggestions tending to be more succinct that what I was about to write.",6,6,5,5,65,6,"I think it is a matter of knowing how to use it, when and why."
9/5/2021 7:22:59,A8C3WNWRBWUXO,3554566875594510b570adb5a12a7319,Yes,You are fairly confident in your qualification.,6,6,2,6,5,6,"I took a stance that I was not confident in, but found the system was able to generate wording that allowed me to pursue the arguments down that path.  It seemed to be aware of what I was trying to convey, and could complete sentences, and add content.  It did not really generate any original ideas.",6,5,6,5,65,6,"I found this more useful when writing from a point of view that was not natural to me, than when I am more confident in what I am writing."
9/5/2021 16:46:18,A8C3WNWRBWUXO,9b94bdf538854dee9dafd358ae40b55b,Yes,"You are confident in your qualification, but not absolutely certain.",6,3,4,5,4,5,"I felt like the system was able to finish and flesh out ideas I had in mind, but I did not feel that is helped me add anything new to what I first planned to write.  Because of it I may have written some things a little differently, but the essence of what I was trying to convey did not change. ",5,4,4,5,70,4,"I would say that this time I did not deviate much from my original outline, and that the system just allowed me to finish sentences.  I could see a student, who was trying to cut down on writing time might find it useful."
9/5/2021 17:03:20,A8C3WNWRBWUXO,f4d98feb9e2f478abc3817bdfef5cca0,Yes,"You are confident in your qualification, but not absolutely certain.",6,3,5,3,3,4,"The system seemed to know where I was going with this piece, but I can't say it helped me much to be any more creative.  The suggestions were sometimes off the mark from what I was writing, or were repeating things already said or implied.  The suggestions seem weak and there was no deeper insight into the arguements.",3,3,3,4,75,3,I did not feel helped along with this use of the system.
8/26/2021 8:07:22,ABL2FXYMI00T6,440fa5b3461a45579c96533ffe0e1396,Yes,"You are willing to defend your qualification, but it is quite likely that you did not understand central parts of the prompt or that you are unfamiliar with some pieces of background knowledge.",4,2,6,4,3,4,the only suggestions i got throughout this round didn't really help me come sup with new points to bring up. ,6,3,4,4,90,4,
8/26/2021 8:42:03,ABL2FXYMI00T6,78526ab498154d079cd1b2584ee25e3d,Yes,You are fairly confident in your qualification.,6,5,3,5,5,6,"There were quite a few specific examples provided that i felt were relevant to the topic, they were definitely something I would not of thought to write. The suggestions this round were a 8/10",6,6,6,5,60,6,
8/26/2021 20:49:16,AKLV0WIZZ356X,b5f8899be4134579aa75c7625414fa25,Yes,You are absolutely certain about your qualification.,7,7,1,6,7,7,It was too much fun. Don't improve it.,7,7,7,7,50,7,thanks!
8/26/2021 8:09:29,ANCIB6B6EBBIJ,5a4cb8c136654eca8e43025462bd2bf0,Yes,You are absolutely certain about your qualification.,7,7,1,7,6,6,In the very beginning I didn't find the suggestions to be AS useful as in the rest of the writing but they were still satisfactory. I recall no specific thing that could be improved. ,7,6,6,6,60,7,The system was really good at suggesting things I hadn't thought of this time. 
8/26/2021 12:52:34,ANCIB6B6EBBIJ,c189c81b229d43d08fd95cf5f8e2efd3,Yes,"You are confident in your qualification, but not absolutely certain.",6,5,5,7,6,6,The first couple of rounds of suggestions were very basic so I had to come up with more detail on my own to make them more helpful. This was fine. ,6,7,6,7,70,6,
8/26/2021 13:11:10,ANCIB6B6EBBIJ,75297fb95d624e0fbc4f88c114a790e7,Yes,You are absolutely certain about your qualification.,7,6,2,7,7,7,The AI was go great at reading my mind and helping me elaborate my thoughts..maybe more new ideas would have been good but I'm not sure because it was really great this time.  ,7,7,7,7,65,7,
8/27/2021 5:57:12,ANCIB6B6EBBIJ,474d81b6da2d453aa90eade3a94276a2,Yes,You are absolutely certain about your qualification.,7,4,4,6,5,5,"When I began suggesting there were other ways to ""keep up"" that didn't involve the news, the system seemed to struggle to help me elaborate on that. ",5,6,6,6,78,5,
8/27/2021 6:33:02,ANCIB6B6EBBIJ,ef55c8ebb7da450e8339b2b17bcc1065,Yes,"You are confident in your qualification, but not absolutely certain.",7,7,3,7,7,7,The AI really seemed to understand what I was saying and gave suggestions useful enough to use without edits. I can recall no specific examples this round. ,7,7,7,7,60,7,I feel like it was reading my mind this time. 
8/27/2021 7:43:54,ANCIB6B6EBBIJ,eab0944cac644cf39767ad674d8a79cd,Yes,You are absolutely certain about your qualification.,6,2,6,7,4,2,"The system again and again gave suggestions that represented the opposite position to the one that I was trying to defend. When I was saying that caring more for animals is not wrong for different reasons, the suggestions were phrases that stated the opposite. I had to use some of these to incorporate the AI, but I then edited them for the correct meaning. ",3,4,4,4,85,2,
8/27/2021 8:41:49,ANCIB6B6EBBIJ,8c11358444974bf0b5224183acd8149d,Yes,"You are confident in your qualification, but not absolutely certain.",6,6,3,6,7,7,"Some of the suggestions were extra conversational and informal. I used one that started the sentence with ""It's like, ..."" followed by a statement. Sometimes this might be fine but I don't prefer to use ""like"" in this way. ",6,6,6,6,65,6,
8/27/2021 9:13:00,ANCIB6B6EBBIJ,d4b47a8a66b84e8ebdf986e6d4edf139,Yes,You are fairly confident in your qualification.,6,6,2,7,6,5,Among the suggestions I saw just as many that were not aligned with my position as ones that were. It took more careful reading to decide which ones were useful because of this. ,5,4,5,5,65,4,
8/27/2021 9:30:27,ANCIB6B6EBBIJ,1666138deed446cdaa2afc26f72aa18b,Yes,"You are confident in your qualification, but not absolutely certain.",7,6,3,7,6,6,"Mostly good this time except one nonsensical suggestion that mentioned ""SIDS"" and ""co-sleeping debate"" ",6,6,6,7,65,6,
8/29/2021 9:11:31,ANCIB6B6EBBIJ,ed28deb9482b487187772fe47682f1f4,Yes,You are absolutely certain about your qualification.,7,6,3,7,6,6,"The system helped me embellish ideas I already had but didn't help so much to inspire me to think of anything new. It suggested I mention ""this is an important issue"" or something similar several times even after I had already used it.",5,5,6,6,75,5,
8/29/2021 9:43:31,ANCIB6B6EBBIJ,b219ab2c3b5140e3a209c6324af6344b,Yes,You are absolutely certain about your qualification.,6,5,3,7,6,5,Several suggestions weren't hardly usable. I got a lot of short questions with a (?) that wouldn't have made sense in what I was writing.,6,6,6,6,70,6,
8/29/2021 10:01:33,ANCIB6B6EBBIJ,d335521141c84360aad24ece4e5760f7,Yes,You are absolutely certain about your qualification.,7,4,6,7,5,5,I just wasn't getting much that inspired me to develop the writing further. A few good sentences but after that they sounded like what I already wrote. I don't recall the specifics here.,5,5,4,5,85,4,
8/29/2021 17:00:59,ANCIB6B6EBBIJ,d99cfbfd0ad046c1aae83216a52334d9,Yes,You are absolutely certain about your qualification.,7,7,1,7,7,7,It was really helpful this time. I let the system lead more in the beginning before I added many details and it followed well as I went along this time. Nothing I would change about the AI this session. ,7,7,7,7,58,7,
8/29/2021 17:21:37,ANCIB6B6EBBIJ,e3771827917b40df9c4b10981200336d,Yes,"You are confident in your qualification, but not absolutely certain.",6,6,3,7,6,6,I felt stuck in a spot in the middle and the system wasn't much help. It offered a suggestion I didn't like and when I hit tab again it had no more suggestions. Only this one spot though. Otherwise it was helpful.,6,6,6,6,73,6,
8/29/2021 17:40:06,ANCIB6B6EBBIJ,5caae848f6e048e2bc791363cc27eb30,Yes,You are absolutely certain about your qualification.,7,6,3,7,6,7,"When I stated a position, I hoped at this point the system would help me generate reasons, but I had to come up with one of my own before it gave out a new idea as suggestion. ",6,6,7,6,75,6,
8/29/2021 18:06:46,ANCIB6B6EBBIJ,1ab526811cb04829be91e2ac7fd18b67,Yes,You are absolutely certain about your qualification.,7,6,3,7,7,5,"At one point the system was trying to suggest something opposite of my stated position (that pads and tampons NOT the same as toilet paper, when I already had mentioned I thought they WERE the same.) Only that time though.",5,6,5,6,80,5,
8/29/2021 18:41:51,ANCIB6B6EBBIJ,66205a33c6084ec39f3ca9ebd2c0cfee,Yes,You are absolutely certain about your qualification.,7,6,3,7,6,6,"The suggestions mostly helped me better elaborate on what I wanted to write anyway. In one place it seemed incapable of giving a suggestion. Just the once though. I continued on, able to use it later.",6,6,6,7,70,6,
8/30/2021 14:54:58,ANCIB6B6EBBIJ,f84ff332dc06486c9d61698be8666941,Yes,You are absolutely certain about your qualification.,6,3,6,6,5,2,Multiple times the system kept giving suggestions OPPOSITE of my stated position. Sometimes a plain statement of the opposite of what I had already said. It made it really hard to work with because this kept continuing. ,3,4,4,5,88,1,I'm not sure if the AI works well with this particular prompt. It hasn't for me so far. 
8/30/2021 15:31:39,ANCIB6B6EBBIJ,28235ea07022429aa701f74544db5684,Yes,You are absolutely certain about your qualification.,7,6,3,7,6,7,"It gave me really good, developed suggestions I could work with. One time though, it kept giving me different versions of a statement I didn't want to use and nothing else (""...social interaction""), so I went on and used it. ",6,7,7,6,65,6,
8/30/2021 16:01:23,ANCIB6B6EBBIJ,d96bcc1feae84415a6c1abeb78195689,Yes,You are absolutely certain about your qualification.,6,7,1,7,7,7,"Amazing this time, it even provided a correct summary sentence about my 3 points. I did get a couple that were redundant sounding ""...students should learn good knowledge,"" or something like that.",7,7,6,7,58,7,
8/30/2021 16:33:11,ANCIB6B6EBBIJ,3622a1e30581463fa5850f1f8325d26e,Yes,"You are confident in your qualification, but not absolutely certain.",7,5,3,7,6,5,"Mixed this time. It alternated between giving a great suggestion to not having one to offer, like twice. The good ones were creative and good though.",5,5,5,5,70,5,
9/1/2021 10:11:23,ANCIB6B6EBBIJ,c7e132abc4b848b2839eef154a77351c,Yes,You are absolutely certain about your qualification.,7,7,2,7,7,7,"The suggestions were very helpful this time. There was one time it gave only one suggestion and the tab offered no more. But when I used it (""screen time...staying informed..."") I was given more suggestions on the rest of the turns. ",6,7,7,7,60,7,
9/1/2021 11:12:47,ANCIB6B6EBBIJ,d33439c9f8374d128d1696448b533162,Yes,You are absolutely certain about your qualification.,7,7,1,7,7,7,There is nothing to improve in my opinion in this session. The system was FANTASTIC at giving me points for my position and successfully formulated a great ending that summarized what I had written as well as a human could. ,7,7,7,7,58,7,
9/1/2021 14:06:50,ANCIB6B6EBBIJ,11914c731ffe464791f9cb2b375f4d70,Yes,"You are confident in your qualification, but not absolutely certain.",6,7,3,5,6,6,"A couple suggestions had redundancies. An example: ""...while cleaning the house or doing chores"". I would consider both of those to be the same thing, basically.",5,5,6,6,68,4,
9/1/2021 14:26:10,ANCIB6B6EBBIJ,43683de35ed942028d6c9b08538f0285,Yes,You are absolutely certain about your qualification.,6,3,6,4,4,3,"The suggestions given would have been more useful BEFORE the time they were given. I would move on from lets say ""Bandaids and toilet paper"" and it still wanted me to keep talking about it.",4,5,4,5,82,3,
9/2/2021 8:59:24,ANCIB6B6EBBIJ,7d7f05714c7e4cbf9050aa44c7de667c,Yes,You are absolutely certain about your qualification.,6,4,5,5,5,5,"I was given many suggestions that repeated my phrasing, for example after using ""It helps us because"", I was given all suggestions that started ""it helps us...""",4,4,5,5,78,3,
9/2/2021 9:19:52,ANCIB6B6EBBIJ,e601f928333c4a8d82e5fc522dbdc1d9,Yes,You are fairly confident in your qualification.,5,4,4,4,4,5,"A couple of suggestions were repetitive within itself. (""a sense of accomplishment from...can bring a person a great sense of accomplishment"") Otherwise it was ok with helping me write.",5,5,6,5,79,4,
9/2/2021 9:38:33,ANCIB6B6EBBIJ,118ff30fb8c848a9bdfad3c79a0143be,Yes,You are absolutely certain about your qualification.,7,7,2,7,6,6,It was fine this time. The system gave plenty of usable suggestions that contributed to the flow of my writing. ,6,6,6,7,70,6,
9/2/2021 10:17:30,ANCIB6B6EBBIJ,e6b54867c5fb4b8a9806a93b6cee4526,Yes,You are absolutely certain about your qualification.,7,7,2,7,6,7,It gave good suggestions this time. Not super creative but they were fluent and flowed with the writing.,6,7,7,7,70,6,
9/2/2021 14:54:08,ANCIB6B6EBBIJ,c790716311e749bfac75cde237a3f5b6,Yes,"You are confident in your qualification, but not absolutely certain.",6,4,5,5,5,4,"I wanted a suggestion after the first sentence and I got rewordings of it. A lot of them started with ""I"", like it want to suggest I talk about myself although it didn't really fit.",4,4,4,5,80,3,
9/2/2021 15:11:26,ANCIB6B6EBBIJ,5d2c9f7e84ba4ec9a805fbcc37487f0b,Yes,You are absolutely certain about your qualification.,6,5,3,6,6,6,"It was mostly ok this time but a couple of suggestions were questions, which wouldn't have made sense.",6,6,6,6,68,5,
9/2/2021 15:47:10,ANCIB6B6EBBIJ,fdd85d76a9eb42d994e75ce952202309,Yes,"You are confident in your qualification, but not absolutely certain.",6,6,3,6,7,6,"One time I got suggestions that all mentioned driving, I hit tab and they were about driving too. I didn't want to use that but that's all I got. Other times were much better.",6,6,6,6,75,5,
9/2/2021 16:04:41,ANCIB6B6EBBIJ,2f07a39c7b1848559d1f4786591771ba,Yes,"You are confident in your qualification, but not absolutely certain.",6,7,2,7,7,7,It did great getting me unstuck once this time. ,6,6,7,7,65,6,
9/3/2021 10:14:51,ANCIB6B6EBBIJ,c9cb7242b4c44fdb97c5ecedb7d5cf4a,Yes,You are absolutely certain about your qualification.,6,7,2,6,7,7,"Some of the suggestions sounded overly simplistic in their wording, so I had to make adjustments. Suggestions for the very last sentence that summarized were great and the system really understood the structure of what I was writing. ",6,7,7,7,60,7,
9/3/2021 10:49:53,ANCIB6B6EBBIJ,77f7082a5846485e95262a6dc0ffed79,Yes,You are fairly confident in your qualification.,7,6,2,7,7,7,"The system was gave me suggestions that were useful, especially for a topic I'm not so knowledgeable about. ",6,6,7,6,65,6,
8/19/2021 12:28:14,APRZ7BR8C0ZMQ ,e76e0164df714bae95772dba5e3d7a5f,Yes,"You are confident in your qualification, but not absolutely certain.",1,1,7,1,1,1,"Something happened today that hasn't happened before, almost everytime I pressed tab, I got ""No suggestions"" type message. I only got like one suggestion one time that had any value at all, later on it repeated this exact suggestion. I think something's broken.",1,1,1,7,99,1,Kept getting the No suggestion idea. Awful.
8/21/2021 13:04:35,APRZ7BR8C0ZMQ ,f86e93e1f9e8447baa49531e1fe80f04,Yes,You are absolutely certain about your qualification.,3,3,2,2,2,3,"It kept repeating the same thing, ""Limit screen time for children"" Or some such, in fact it repeated it twice in one press of the tab. Another time it didn't give me any idea at all, it was not helpful.",2,5,2,7,93,1,
8/23/2021 3:08:14,APRZ7BR8C0ZMQ ,80005a3c4ee74a1cbe252ef51a2cc4b7,Yes,You are absolutely certain about your qualification.,5,6,4,6,5,6,"I would like even more diversity in possible suggestions, but the suggestions today aren't bad. Not at all.",6,6,7,6,92,6,
8/23/2021 12:08:39,APRZ7BR8C0ZMQ ,8590b229160046b698adbd688baf377f,Yes,You are absolutely certain about your qualification.,5,4,6,3,1,1,"During the last half of the essay, anytime I tried to get a suggestion either I was given a single generic one repeated many times or, most often, Nothing. Pressing tab again as suggested also did nothing.",2,7,3,7,98,1,"Seemed to malfunction, only giving no suggestions half the time I tried it."
8/26/2021 6:16:02,APRZ7BR8C0ZMQ ,575795c2253e49f9adb3bd64dd8bf896,Yes,You are absolutely certain about your qualification.,2,3,4,3,2,2,"There were many repeated sentences and suggestions. once there was NO suggestion. That was when I truly needed it most, frustrating.",3,7,4,7,95,3,
8/31/2021 12:50:59,APRZ7BR8C0ZMQ ,707e42157d1e4889ade8302bfca7f90b,Yes,You are absolutely certain about your qualification.,2,2,7,1,1,2,"The last three times I asked for advice I got ""No suggestions"" and no ideas. The time before that, I got a repeat of earlier idea. NOT a new one.",2,2,1,7,99,1,
9/1/2021 8:54:58,APRZ7BR8C0ZMQ ,c5f794c4dc3f406abd65ff4ecd7af49a,Yes,You are absolutely certain about your qualification.,4,4,6,2,2,2,"I don't like that once you get most of the way done, like today, when pressing tab, getting ""no suggestions"" is irritating. Also when the same exact sentences are presented more than two times as options, it's not really helpful.",2,7,7,7,98,1,
9/1/2021 9:31:15,APRZ7BR8C0ZMQ ,25c8204b269c46baa42c4dc816b87c1b,Yes,You are absolutely certain about your qualification.,6,5,5,5,5,5,"I do like that there were several varied options this time, which is unusual. It's much better.",5,6,5,6,84,5,
9/4/2021 5:58:31,APRZ7BR8C0ZMQ ,407f635e5ace4dc3929dd7838318b96f,Yes,You are absolutely certain about your qualification.,5,5,5,3,4,4,"Why are ""wikipedia, content creations"" given as hints? Weird.",4,7,6,7,94,4,
8/19/2021 3:38:40,ASVRLMDNQBUD9,01e3a2f5c2a442fe9225e0c9ef56a5f5,Yes,You are fairly confident in your qualification.,6,3,4,7,6,7,"All the ideas the AI tossed out were really all the same thing said in different words, but still on point.",7,7,6,7,90,7,"During the last 2 minute and 30ish seconds my WiFi connection dropped for about a minute, so to hopefully avoid a rejection and not toss out all my work I already had I wrote for a couple of extra minutes after the timer expired. Sorry about that. Thanks."
8/19/2021 6:40:37,ASVRLMDNQBUD9,9e408240b6c34495b3d20597eaa1dd80,Yes,"You are confident in your qualification, but not absolutely certain.",7,6,3,7,6,7,AI was really on point this time. It really helped guide the topic. No way I can see to improve it here.,7,7,7,6,65,7,Nothing I can think of. Thanks.
8/19/2021 7:51:37,ASVRLMDNQBUD9,e1aca0ed8d134ee09510f62c2646be1c,Yes,"You are confident in your qualification, but not absolutely certain.",6,7,4,7,7,7,The AI had great ideas for me to draw from. I can't see much room for improvement here.,7,7,7,7,80,7,
8/19/2021 9:54:06,ASVRLMDNQBUD9,1b693f634f3047d6aa0bfafd486fcd51,Yes,You are absolutely certain about your qualification.,7,5,5,7,6,7,"The AI did pretty good to help add to my story, so I have no ideas of improvement.",7,7,7,7,85,7,true story
8/24/2021 4:06:51,ASVRLMDNQBUD9,4d64b8adb8544d60beaf585c83747e97 ,Yes,"You are confident in your qualification, but not absolutely certain.",7,5,4,6,6,6,"When I asked for suggestions the AI suggests both side of the argument, instead of seeing what side I have taken.",7,7,7,7,90,7,
8/24/2021 4:20:56,ASVRLMDNQBUD9,2a08ae62ea9849cf8d3b48513dd1514d ,Yes,"You are willing to defend your qualification, but it is quite likely that you did not understand central parts of the prompt or that you are unfamiliar with some pieces of background knowledge.",7,1,7,1,1,1,The system just kept suggesting things I had already wrote. ,3,4,5,7,90,7,
8/24/2021 4:33:44,ASVRLMDNQBUD9,2eec737efca444bc893bea2f5b791a00 ,Yes,You are fairly confident in your qualification.,7,6,3,6,7,7,"The AI seemed to know what I was trying to write, right on point. It did well this time.",7,7,7,6,75,7,
8/24/2021 12:25:04,ASVRLMDNQBUD9,c96be18e04be41e48542d975337fbbed ,Yes,"You are confident in your qualification, but not absolutely certain.",7,7,4,7,7,7,The AI really helped direct me in some serious points I wanted to make. Almost like it knew what I wanted to say. Kind of creepy to be honest.,7,7,7,7,70,7,
8/24/2021 12:43:08,ASVRLMDNQBUD9,1ece5cdde9bc44439c5f117d31e73dbf ,Yes,You are absolutely certain about your qualification.,7,5,3,7,7,7,"The AI didn't really guide me on what I wanted to write, but more reminded me of points I wanted to make. Sometimes in better words. Very helpful and useful.",7,7,7,7,75,7,"Sorry, my laptop dropped my wifi signal briefly then reconnected. I wrote for a few extra minutes to make up for it. Sorry about that."
8/29/2021 4:22:24,ASVRLMDNQBUD9,8065039701b844098386ffb491f3441c ,Yes,"You are confident in your qualification, but not absolutely certain.",7,7,1,7,7,7,"The system seemed to take the words right out of my mouth, it really knew what I wanted to say and helped me put it in an articulate way.",7,7,7,7,70,7,Thanks.
8/29/2021 4:39:27,ASVRLMDNQBUD9,bb1c9d77d4044d218d5adebb777b9bf0 ,Yes,"You are confident in your qualification, but not absolutely certain.",7,7,1,7,7,7,The system came up with ideas I didn't even think about this time. I wonder how it does that. I can't think of a way to improve it from this writing session.,7,7,7,5,70,7,
8/29/2021 5:00:58,ASVRLMDNQBUD9,6bbd6fd6b2fe48eb8e24f929d79c604d ,Yes,"You are confident in your qualification, but not absolutely certain.",7,6,2,6,7,7,a couple of time the system suggestions were copies of each other. I mean all the choices where the same. Maybe not let the system suggest the same thing twice.,7,6,6,7,80,7,
8/29/2021 5:15:50,ASVRLMDNQBUD9,f4a37d456e9c414c876d45673289987e ,Yes,You are absolutely certain about your qualification.,7,7,1,7,7,7,"I see no way to improve the AI here. The system know exactly what I was talking about, even right down to the names of the characters in the show I was talking about just from the shows name. Very cool, very impressed from this session.",7,7,7,7,70,7,
8/29/2021 5:39:24,ASVRLMDNQBUD9,de90bdd73b72426daacc29cd1e1a2e97 ,Yes,You are fairly confident in your qualification.,3,3,7,2,2,2,"All except the first time, all the system suggestions where the same thing repeated. The system should give different ideas.",5,6,6,7,90,7,
8/29/2021 6:01:11,ASVRLMDNQBUD9,9d88e84f3ba541d49232eab96aa434d8 ,Yes,You are fairly confident in your qualification.,7,7,2,7,7,7,The AI was right on point with the points I wanted to bring up in this topic. No need for improvement in this case.,7,7,7,6,80,7,
8/29/2021 6:27:33,ASVRLMDNQBUD9,59db19c61039473a9da6c6e1f66b6c4e ,Yes,"You are willing to defend your qualification, but it is quite likely that you did not understand central parts of the prompt or that you are unfamiliar with some pieces of background knowledge.",7,7,1,7,7,7,"As I do not have much experience in this case, the AI really helped out with a variety of suggestions that helped guide me. It did well. ",7,7,7,5,75,7,
8/29/2021 7:18:17,ASVRLMDNQBUD9,c67b81a329e94a0095f9af21bd61adec ,Yes,"You are willing to defend your qualification, but it is quite likely that you did not understand central parts of the prompt or that you are unfamiliar with some pieces of background knowledge.",5,5,3,5,4,5,"The AI repeated a few of it's suggestions, nothing to bad though. It still helped a little bit. ",6,7,7,7,80,7,"had to reset the modem a couple of time, but I did finish the 10 plus minutes of writing without interruption. sorry about that. Thanks"
8/29/2021 8:37:32,ASVRLMDNQBUD9,04cb21c58e7845ae9eb740c4756731ed ,Yes,"You are confident in your qualification, but not absolutely certain.",7,7,2,7,7,7,"The AI helped me direct the topic with suggestions I didn't think about. That was nice. once it suggested the same thing twice, but that wasn't really a problem. ",7,6,7,7,80,7,
8/30/2021 4:22:11,ASVRLMDNQBUD9,ffe94583242c4ffca4b1546bb39ba5c2 ,Yes,You are fairly confident in your qualification.,7,5,3,6,6,7,A couple of times the system had repeat suggestions. Most of the time the system knew where I wanted to go with the topic as well. Perhaps if the system expanded on it offered suggestions it would be a little improved. Not bad though. ,7,7,7,7,85,7,
8/30/2021 5:20:04,ASVRLMDNQBUD9,96dd69eab5d846999c72d9b89734f6ac ,Yes,"You are confident in your qualification, but not absolutely certain.",2,1,7,1,1,4,"The system, this time, did not provide any useful ideas really. It also often repeated it's suggestions throughout the writing, even though I had already wrote what it suggested.",4,6,5,7,90,7,
8/30/2021 5:34:11,ASVRLMDNQBUD9,6490ed06d61d45fdbd1c0709ae538f9a ,Yes,You are fairly confident in your qualification.,7,6,2,7,7,7,The system pretty much knew what I wanted to write and suggested that. I guess the only improvement maybe would be to have it suggest many things. I would have no idea about how to do that though.,7,7,7,7,80,7,
8/30/2021 5:59:41,ASVRLMDNQBUD9,547fa8cbc3294669b00903779ce63e9d ,Yes,You are fairly confident in your qualification.,5,5,3,5,5,6,"The system repeated what I already said a couple of time, suggested gibberish once haha, and a few good ideas all the other times.",6,5,6,7,80,7,
8/30/2021 6:18:21,ASVRLMDNQBUD9,295e559fea27456e96aacce96d44b169 ,Yes,You are fairly confident in your qualification.,7,7,1,7,7,7,The system di very well helping to guide me along the topic.,7,7,7,6,80,7,
9/1/2021 4:17:28,ASVRLMDNQBUD9,b7f82fbb0ba3481884581b9b0ba571a2 ,Yes,You are fairly confident in your qualification.,7,7,1,7,7,7,The AI had a pretty good idea of where I wanted to go with this story. I see no room for improvement yet.,7,6,7,6,80,7,
9/1/2021 4:40:35,ASVRLMDNQBUD9,fe46e037bf15417e9ee531eca61f3635 ,Yes,"You are confident in your qualification, but not absolutely certain.",7,4,1,7,7,7,"The AI seemed to have a good idea of where to point the story, and I just followed up.",7,7,7,6,80,7,
9/1/2021 5:19:34,ASVRLMDNQBUD9,89636fe51d724f15a23f1cef4124191f ,Yes,"You are confident in your qualification, but not absolutely certain.",7,5,2,5,5,4,The AI pretty much kept saying the same thing every time I pressed tab.,5,6,5,7,90,7,
9/2/2021 8:37:34,ASVRLMDNQBUD9,bc8d66bc301a491a86f85d44cd787293,Yes,"You are confident in your qualification, but not absolutely certain.",7,7,1,7,7,7,The AI helped guide me to points in my writing that I would have not even thought about really. I think it did pretty good.,7,7,7,5,70,7,
9/2/2021 8:50:44,ASVRLMDNQBUD9,a3bb5d95c74a46fcbc44d24828f7ab0a ,Yes,You are absolutely certain about your qualification.,7,7,1,7,7,7,"The AI had way to many good ideas this time, it was hard to choose sometimes. Don't change that. This writing could have become very long.",7,7,7,6,70,7,
9/4/2021 3:44:54,ASVRLMDNQBUD9,8d6e9dac68324fae884571881f5b21f1 ,Yes,You are fairly confident in your qualification.,7,5,3,5,5,4,"About half the time the AI did not really have many good ideas, the other half it was on point with the argument.",6,6,7,7,85,7,
9/4/2021 4:13:54,ASVRLMDNQBUD9,1049b04745b44e7fa2a50d98321c2026 ,Yes,"You are confident in your qualification, but not absolutely certain.",7,2,1,7,7,7,"I used the AI this time to see if it would finish my ideas I was writing out. It did so without fail. I didn't use it to generate ideas though, just to see if it could follow along and understand what I wanted to say. The AI did exceptional.",7,7,7,6,80,7,
9/4/2021 4:35:35,ASVRLMDNQBUD9,bd395e4c6ca24b7f802e1cf176ee908d ,Yes,"You are confident in your qualification, but not absolutely certain.",7,6,2,7,7,7,"There is really nothing I can say, the AI helped finish my points, as well as helped me guide the direction of what to write.",7,7,7,6,70,7,
9/4/2021 4:51:22,ASVRLMDNQBUD9,7e6000f8efb947be88e5a6661b737eff ,Yes,"You are confident in your qualification, but not absolutely certain.",7,7,1,7,7,7,"It seemed like the AI knew exactly how to make good points, and helped guide it all. It repeated things in different words sometimes, but nothing terrible.",7,7,7,6,70,7,
9/4/2021 5:20:59,ASVRLMDNQBUD9,5b75ade5b73644a8b21dd73deb0c165e ,Yes,"You are willing to defend your qualification, but it is quite likely that you did not understand central parts of the prompt or that you are unfamiliar with some pieces of background knowledge.",7,5,3,5,5,6,"The AI had ideas, but nothing really ground breaking. It suggested things I also thought about. Maybe it was just my writing style though.",5,6,4,6,80,7,
8/27/2021 1:26:03,AUAAHI7AUJ419,26ef513f441b4cff947d376a0fe1fb5c,Yes,You are absolutely certain about your qualification.,5,6,4,4,5,4,"There were several times that the system did not provide any prompts, even tabbing twice, and I just wrote some more and tried again. Some of the prompts weren't close enough to  my arguments to select. However, some of the prompts I got were helpful. ",4,5,3,6,85,5,
8/24/2021 12:28:55,AZCGF2D7QIO10,91e0856327a04acb8f366faea281f072,Yes,You are absolutely certain about your qualification.,7,7,1,7,6,6,Some of the suggestions where just plain wrong.,7,7,7,6,90,7,
8/26/2021 8:09:54,AZZA3J049G7R5,7326c807097f4685b819645e8a6fe248,Yes,You are absolutely certain about your qualification.,6,3,6,4,3,2,There were a couple of times that I did not receive any suggestions.,3,5,5,7,90,6,thank you!
8/30/2021 9:53:19,AZZA3J049G7R5,cc53a2225e9b413e84efba8500f8c907,Yes,You are absolutely certain about your qualification.,7,6,1,7,7,7,"A nitpick, but it suggested me something about joining a giveaway, which is really outside of the topic and I just found that very odd.",7,7,6,6,80,7,"Thank you, as always!"
8/30/2021 10:25:53,AZZA3J049G7R5,14c0fb6353864b748f56af9aae22343c,Yes,You are fairly confident in your qualification.,7,7,1,6,6,7,"The suggestions this time seem repetitive, but some instances though they are absolutely perfect for the sentence, even it may seem a little bit repetitive. ""Talk with your insurance, talk with your lawyer, and plan and prepare for yourself to be able to leave behind those you love especially with your father or mother"" -- that was a suggestion I really would like it to say, and it did say it and I was very impressed.",7,7,7,5,65,7,"Thank you, as always!"
8/31/2021 7:41:03,AZZA3J049G7R5,99038d19ea0740af917ecca9a303b06e,Yes,You are absolutely certain about your qualification.,7,6,5,6,7,6,"It was keeping on suggesting that it is human vs animal, where I was writing something of a ""human first, animal second"" kind of essay, but it kept suggesting that it is some kind of a battle between the two, not a correlation.",6,6,6,6,80,7,thank you as always!
8/31/2021 7:54:32,AZZA3J049G7R5,2f48900f757c47129a7cbf00d6130ab8,Yes,You are absolutely certain about your qualification.,7,7,1,6,7,7,"The suggestions were good this time, and it is a nitpick, but when I tried to say the last sentence where I listed the billionaires and my intended sentence is ""they're just not doing anything about it"" it kept on suggesting ""they're just normal people,"" where definitely the billionaires I listed are not normal people.",7,7,7,6,75,7,thank you as always!
8/31/2021 8:07:16,AZZA3J049G7R5,9e8fdbe7131247ea806fd442b5f1cb61,Yes,You are absolutely certain about your qualification.,7,7,2,6,6,7,"The suggestions this time were a little bit repetitive, sometimes in the same suggestion. One in particular is this sentence "" go back to the Dark Ages, when there were no electrical devices invented, I do not think it will be a good idea for humanity to go through another Dark Age"" which it repeated dark ages twice.",7,7,7,5,75,7,thank you as always! I hope we get new prompts soon!
8/31/2021 8:25:28,AZZA3J049G7R5,bf7b93c441c34938b380a46cdbc1ae93,Yes,You are absolutely certain about your qualification.,7,6,7,7,7,7,"The suggestions were repetitive, it kept on suggesting ""for a thrill"" a couple of times",6,7,6,7,80,7,thank you!
8/31/2021 8:41:25,AZZA3J049G7R5,3d916ba0c2b84b2491f3c8ba1dff9504,Yes,You are absolutely certain about your qualification.,6,7,7,6,6,7,"The AI suggestions were too vague this time, I was trying to get specific examples of dating apps but would not give me.",7,6,6,5,80,7,thank you as always!
8/31/2021 8:58:04,AZZA3J049G7R5,ee27a30ee83c4349b80fc05e81c00a82,Yes,You are absolutely certain about your qualification.,5,4,7,6,4,5,"The suggestions this time are repetitive, it suggested a lot of ""responsible citizen"" suggestions which made the essay feel very repetitive.",6,4,5,6,80,7,thank you as always!
8/31/2021 9:17:01,AZZA3J049G7R5,312e3263a9f24f3184364949a42a6dfc,Yes,You are absolutely certain about your qualification.,7,4,6,4,5,5,"The AI's suggestions were too repetitive, however it was able to provide usable suggestions.",5,7,6,6,80,7,thank you as always!
8/31/2021 9:54:30,AZZA3J049G7R5,423daa7fb2214d1093f73d4966240646,Yes,You are absolutely certain about your qualification.,7,6,1,7,7,7,"I saw a lot of suggestions about anger towards liberalism and progressiveness, which is something I was really not looking towards for. I was going for the opposite which is the far right media with not wearing masks and being antivax but I found no suggestions for that.",7,7,6,7,86,7,Thank you as always!
8/31/2021 10:09:21,AZZA3J049G7R5,60ac23b47a594ad881b0ee62839b1fcb,Yes,You are absolutely certain about your qualification.,5,6,2,6,6,5,"There was a grammatical error on one of the suggestions, it said ""to fell in love with"" and I corrected that. All in all though the AI suggestions were very appropriate for what I am trying to say.",6,7,7,6,85,7,thank you as always!
8/31/2021 10:24:11,AZZA3J049G7R5,bac237f54fe449e18334a685c6381657,Yes,You are absolutely certain about your qualification.,7,7,1,7,7,7,I had a sentence where I tried to get examples of what other things are bad for you if you do it in excess but it did not give me examples where I wanted it to give me one.,7,7,7,6,70,7,Thank you as always!
8/31/2021 10:42:36,AZZA3J049G7R5,4f9f5825c1df43ac9285bc17f136a17b,Yes,You are absolutely certain about your qualification.,7,7,2,6,7,6,"There was one suggestion in the beginning where I said billionaire white guy which is Ironman, and it suggested that Thor was also a billionaire and other marvel characters, which they are very much not.",6,7,7,7,70,7,"thank you, I am enjoying these and I feel like that's it for me for the day!"
9/1/2021 7:04:54,AZZA3J049G7R5,6529f521e6be4270ae0e823ce6690471,Yes,"You are confident in your qualification, but not absolutely certain.",7,7,6,7,7,7,"Nitpicking again, but I expected a more punchy suggestion for a conclusion, and what I got is ""we're going to end up losing a lot in the process."" which is fine, but not very catchy for me.",7,7,7,6,75,7,thank you as always!
9/1/2021 7:33:51,AZZA3J049G7R5,f8980235f9794c2c84f3308e76e93e90,Yes,You are absolutely certain about your qualification.,7,6,2,7,6,7,"For multiple instances in this essay, the AI suggested a lot about being narcissist which is something that I was not going for but it did suggest it a couple of times that I have noticed.",7,6,7,6,65,7,Thank you as always!
9/1/2021 7:48:15,AZZA3J049G7R5,3f08232e93af452cb4f47c0bc22a6980,Yes,You are absolutely certain about your qualification.,7,7,2,6,7,7,"The suggestion I was trying to get with educators was still associated with students. When I was trying to get suggestions for ""the educators..."" it still suggested something along the lines of ""should be educated"" or ""need to be taught...""",7,5,7,6,86,7,thank you as always!
9/1/2021 8:02:21,AZZA3J049G7R5,9c4c0d44fdeb452aaada54d0d89e7ce5,Yes,"You are confident in your qualification, but not absolutely certain.",6,6,5,6,7,6,"It suggested this sentence, ""this will help decrease the number of kids who are simply just grinding to get their monetary pay-off"" which is something I changed because it was entirely the wrong point that I have. The athletes were grinding but no pay off, so that's what it should have suggested.",7,6,6,7,85,7,"Thank you, as always!"
9/1/2021 8:21:16,AZZA3J049G7R5,8c58982958c1470dbebaff31cb041f9e,Yes,You are absolutely certain about your qualification.,6,5,6,5,5,6,"The suggestions for ""limiting screen time"" were abundant, but what I was actually looking for is how we can study making people use their screens less, and not specifically limit them from doing so.",6,5,6,6,80,7,Thank you as always!
9/1/2021 8:56:46,AZZA3J049G7R5,804e81a11f6640f9b023a5f2d1ad0671,Yes,You are absolutely certain about your qualification.,7,7,3,7,7,6,"I was trying to get suggestions with the prompt, ""with regular books, you need to concentrate""  and it suggested, ""on what you're doing..."" and it seemed like it was talking about a different thing rather than reading. ",7,7,5,6,85,7,"Thank you, as always!"
9/1/2021 9:11:15,AZZA3J049G7R5,6216903d3a89486d9ffe584e109e3300,Yes,"You are confident in your qualification, but not absolutely certain.",6,5,5,6,5,5,"It wasn't able to give me a suggestion on how much is the cost yearly for a student on an Ivy league school. The AI also kept suggesting ""for those in need"" around the end so that phrase was used a lot. ",6,4,6,5,75,7,Thank you!
8/27/2021 4:18:18,b38b55361ff74d31801bb1a9d7d19d2d,b38b55361ff74d31801bb1a9d7d19d2d,Yes,You are absolutely certain about your qualification.,6,7,4,6,7,7,Maybe just the sentences that would repeat lines that i had already said. Those were pretty useless.,6,7,7,6,80,7,