Timestamp,Please enter your worker ID,Please enter verification code from this writing session (session_id),Is English your first language?,"During this writing session, the suggestions you received were grammatically correct, and contributed to the fluency of the story.","During this writing session, the suggestions helped me come up with new ideas.","During this writing session, I felt like that I would have written a *better* story if I wrote the story alone.","During this writing session, the system was competent (having expert knowledge and ability to perform a task successfully) in writing.","During this writing session, the system was capable of writing creative stories.","During this writing session, the system understood what I was trying to write.",Which aspects of the suggestions (that you received during this writing session) can be improved? Any specific examples?,It was easy to write with the system.,I am satisfied with the story I wrote.,I am confident in my ability to write a story with the help of the system.,I feel like the story is mine. ,____% of the story is written by me (and the rest is written by taking the suggestions). [between 0-100%],"If the system is available for free, I would reuse the system.",Any feedback/comment? (optional)
8/25/2021 20:22:00,A1198W1SPF1R4,8911f32aab914a1f903bb76300b13949,No,5,5,4,5,5,4,The suggestions were repetitive.,4,5,5,6,65,5,
8/27/2021 20:25:49,A1198W1SPF1R4,5d9be2dad6584ff4b2ab1c6f701f64cb,No,6,5,3,5,5,6,The suggestions were not creative enough.,5,5,5,6,80,6,
8/27/2021 21:01:56,A1198W1SPF1R4,a068c6552ba143c8ba4f378e49c3b640,No,6,5,2,5,5,4,The suggestions were not creative enough.,5,5,5,7,85,6,
8/29/2021 1:33:30,A1198W1SPF1R4,893f5fa336ac4092b1d4efe6c91ef24f,No,6,6,2,5,5,6,Not enough suggestions were offered.,5,6,6,7,70,7,
8/29/2021 16:54:14,A1198W1SPF1R4,b22279ff63804fa6bec5c108879812dd,No,6,5,3,5,4,5,"The suggestions I received were just average, not creative enough.",5,6,5,7,80,7,
8/29/2021 19:05:05,A1198W1SPF1R4,b3528173b35442d09e2aadaf4d06defe,No,6,6,2,6,6,7,The suggestions I received were relatively better than my previous session.,6,7,7,7,70,7,
8/29/2021 19:25:11,A1198W1SPF1R4,d8a8e6352996418a9319bbdc990bc23c ,No,6,6,3,5,5,6,"The suggestions were not creative enough, though they understood what I meant.",6,7,6,7,90,7,
8/29/2021 20:40:06,A1198W1SPF1R4,a373cb5e0c8f46e5bcbdcbd8ddac8227,No,6,7,1,7,7,7,The suggestions I received were good and relatively better than my previous session.,7,7,7,7,60,7,
8/29/2021 21:57:21,A1198W1SPF1R4,7ef377e00d564aa2a5d925668c2b2f97,No,7,7,1,7,7,7,The suggestions were very creative and helpful.,7,7,7,7,50,7,
9/1/2021 0:46:21,A1198W1SPF1R4,c9c5b78df4384aac9a2e8ebd121cca65,No,5,5,3,5,5,6,The suggestions I received were relatively worse than my previous session. They were not creative enough.,5,5,5,7,80,6,
9/1/2021 1:06:42,A1198W1SPF1R4,1ff18e51f2a1466f97bb3dbfbaf98ba6,No,6,7,1,7,7,7,The suggestions were very creative and funny.,7,7,7,7,50,7,
9/2/2021 22:12:33,A1198W1SPF1R4,bc176a916d344af496f7bdbf408db4e9,No,6,7,1,7,7,7,The suggestions were helpful and creative.,7,7,7,7,50,7,
9/3/2021 21:52:04,A1198W1SPF1R4,2a078f5a483346d283b90b5df863f87d,No,5,7,2,6,7,6,The suggestions I received were relatively better than my previous session.,6,7,6,7,80,7,
9/4/2021 13:11:07,A1198W1SPF1R4,dcb6bb7ac50740b49deae5bf9a0dc942,No,5,6,3,5,5,5,The suggestions I received were relatively worse than my previous session.,5,6,5,7,80,6,
8/27/2021 16:44:58,A118BQHK3S4UDV,126ae6528ba141a58f932a3ed097b47e,Yes,5,2,7,5,3,5,"A couple suggestions cut off in the middle of the sentence. Most were rather boring, though, and not super thrilling.",5,2,7,3,80,6,"I keep getting various errors when I try to do these HITs. I don't know what the issue is, but apparently it's abnormal."
8/31/2021 23:40:01,A118BQHK3S4UDV,41f6cb6f7e134246943e077e0d937970,Yes,2,1,7,2,2,4,"The suggestions were extremely slow to load, if they even loaded at all (I got an error at one point after waiting for what must have been nearly a minute).",2,1,4,3,90,5,I mostly just used the AI this round to flesh out some details I didn't feel like putting thought into.
8/31/2021 23:57:52,A118BQHK3S4UDV,111ee57118054cc6b8fa4ef98c1a3408,Yes,6,5,2,7,6,7,The AI suggested some great and sensical lines of dialogue and plot points. It was correctly able to reference stuff that had happened way earlier in the story.,6,6,7,5,65,6,
8/24/2021 7:01:53,A143XRCI1YXAFE,1ec9f48e9a5c40adb8e6062f233df76f ,Yes,7,7,3,7,7,7,I liked the suggestions overall. They were in tune with what I was writing already.,7,7,7,7,80,7,
8/24/2021 11:17:47,A143XRCI1YXAFE,8fe4b8a137ba4a7abe80e5c005f7490f ,Yes,7,7,2,7,7,7,I liked what the AI suggested to me. i have no improvement suggestions.,7,7,7,7,80,7,
8/25/2021 12:29:29,A143XRCI1YXAFE,7d049bd04eb445fd865f447f243998b4,Yes,7,7,2,7,7,7,"I lied the suggestions, they helped me move the story along. ",7,7,7,7,80,7,
8/26/2021 6:20:46,A143XRCI1YXAFE,4b1397f42c2b436c994db077de5d54c4 ,Yes,7,7,4,7,7,7,"I don't think there can be any improvements, I had a good experience this session.",7,7,7,7,85,7,
8/26/2021 8:22:09,A143XRCI1YXAFE,955a3f8444e149f8a66045bb23420a4c ,Yes,7,7,4,7,7,7,"I have no suggestions, the AI was helpful.",7,7,7,7,85,7,
8/26/2021 15:52:27,A143XRCI1YXAFE,0e6c88a3adb84bfab5d3b77640f929f5 ,Yes,7,7,4,7,7,7,I liked what the AI gave me and I do not have any suggestions to improve it ,7,7,7,7,90,7,
8/26/2021 16:23:52,A143XRCI1YXAFE,b65e8358d12a498fa442f3d1072c4bb2 ,Yes,7,7,4,7,7,7,"No specific suggestions, the AI really helped me out.",6,7,7,7,90,7,
8/26/2021 17:57:26,A143XRCI1YXAFE,6363bd9d985e41f79f3bfb8e04fa3b5e ,Yes,7,7,4,7,7,7,The AI and I worked well together. I have no needs for improvement. ,7,7,7,7,80,7,
8/26/2021 5:45:00,A14OQ52EFQAN2W,ed151ac677724c7fbd32f85db77710a2,Yes,7,7,2,6,6,6,None come to mind,6,6,6,5,85,5,
8/16/2021 8:35:04,A173MXK429XAZQ,c8fe68ef837447728273c137d49a144f,Yes,5,5,3,4,5,4,"There were some irrelevant suggestions, such as things like ""I really liked this book!""",6,6,6,6,90,4,
8/24/2021 18:37:23,A173MXK429XAZQ,bc89dc4ac2a04f3aae685f619bb0fd24 ,Yes,5,5,3,4,5,5,"Several of the suggestions were very similar to each other, or basically the same suggestion in different words.",5,5,5,5,80,5,
8/26/2021 14:51:23,A17AF42SNQNH9C,35f12c5f76a443f2b20e8a6165ab998f,Yes,7,7,1,7,7,7,"I let the AI chose the topic of my essay and where I wanted to go with it. I did have to mull a few ideas from the AI before I decided on what to write about, though.",6,6,6,3,40,7,"I wish when we used the tab key for suggestions, we could select more than one statement. Sometimes, the AI will have multiple good ideas that I'll want to implement both of them in my essay. This time, I used the AI to write most of the story to get a feel for its ability. Do you prefer we write the story 50/50 with AI or write more and rely less on AI? If you can send me some feedback then I could strive to do that on future hits. Thanks in advance."
8/29/2021 19:45:54,A17AF42SNQNH9C,1f9525eb67504ccd8167402a950cdf1a,Yes,6,5,2,5,5,6,"Sometimes when I asked the AI for a suggestion it seemed like it was trying to give me another topic or push the story in a different direction. At times, I think that starting a new paragraph might have caused this confusion for the AI, so I can be partially to blamed for that.",5,6,6,5,65,7,
8/31/2021 2:18:25,A17Q4QN6UE0EZC, 6f0c5bb458394a8d82d5d00886ffa92d,Yes,3,2,7,2,4,1,More focused on improving my story instead of creating brand new branching paths.,6,6,6,6,90-10,5,
9/1/2021 11:51:54,A1BWS5AD2T4NIR,648a0da49d2249119a955090691fb52e,Yes,7,7,1,7,7,7,"The tense of the suggestions could be more in line with what has already been written. For example, using ""was"" instead of ""is"" when the events have already occurred.",7,4,7,3,40,7,
8/17/2021 13:13:02,A1E235KE3CSO7H,a1f6b84f1d60425ea7f1f34c2ff519e2,Yes,6,6,3,7,6,6,I liked that both factual and fictional prompts were used. It helped shape the story. I can not think of anything about the suggestions that need improvement.,5,5,6,2,70,7,"I feel that with practice, I can improve my own writing ideas."
8/17/2021 14:45:54,A1E235KE3CSO7H,455d43b4c912498eac41138c743501aa,Yes,6,6,2,6,7,7,The responses were nicely varied so a few more options would have been nice.,6,5,6,2,60,7,
8/23/2021 21:51:31,A1E235KE3CSO7H,b3a1b8cfb7d94eb3a615600d440a0bc1,Yes,3,4,5,5,3,4,The suggestions need to be more varied and not repetitive,4,3,5,5,60,5,
8/24/2021 21:27:45,A1E235KE3CSO7H,e318e17b6c344ab0978c44c9cfe1ae82,Yes,4,2,6,3,4,1,The system should be better able to pick up on the storyline and offer related suggestions.,4,4,6,6,90,4,
8/25/2021 19:41:39,A1E235KE3CSO7H,ea11db08c0dd4477add459779396a29e,Yes,6,4,3,6,6,6,The suggestions worked quite well. I can not think of any improvements.,6,6,6,6,70,6,
8/25/2021 19:55:52,A1E235KE3CSO7H,65db59a7705345ec88f5aafc812951ef,Yes,6,5,3,6,5,5,"At the start of a new thought/paragraph, the system could provide better prompts. This is when I tend to need the most prompting.",6,6,6,6,90,7,
8/25/2021 23:36:52,A1E235KE3CSO7H,8be576f5a9fc4388bb4a608282382fa3,Yes,6,6,2,6,7,6,Humorous prompts would be fun. The use of idioms and puns would make writing the story more creative.,6,6,6,5,80,7,
8/26/2021 22:18:26,A1E235KE3CSO7H,95a0ce79d7ed4a77a0981c522b3deda7,Yes,7,7,1,7,7,7,There were no aspects that could be approved.,6,7,7,3,50,7,
8/31/2021 23:19:07,A1E235KE3CSO7H,1ec7d03923814ad590d270c260b37fad,Yes,7,7,1,7,7,7,There is nothing that could be improved. The suggestions were on point.,7,6,7,5,70,7,
8/16/2021 18:53:36,A1FVXS8IM5QYO8,bd54a50b118341678efa571079cae11e,Yes,7,7,3,7,7,7,I don't think anything could be improved.,7,7,7,7,70,7,This was really interesting. 
8/16/2021 10:08:47,A1PBRKFHSF1OF8,c65f1ff1c8674f12bbb3a4a4b62ec7f1,Yes,5,3,7,5,4,3,The suggestions didn't really go with the story too well,6,7,7,7,70,7,
8/17/2021 2:26:46,A1PBRKFHSF1OF8,992ccdb3cd144e62aa7cddce5efbac3d,Yes,6,7,3,6,7,7,There were quite a few run on sentences as suggestions,7,7,7,7,70,7,
8/18/2021 2:14:43,A1PBRKFHSF1OF8,fc1a28ed73b6450c8a4b9fe3b6349257,Yes,7,7,1,6,7,7,"None, I enjoyed the AI suggestions",7,7,7,7,70,7,
8/16/2021 3:08:07,A1PTH9KTRO06EG,f58ab329f0764998a66dc23a54e81abd,Yes,6,7,4,5,6,5,"Having each suggestion take you in a different path, instead of sometimes having suggestions being overly similar.",7,6,7,7,60,6,
8/16/2021 4:04:39,A1PTH9KTRO06EG,f670362dc84144aabb373a577490e491,Yes,6,6,4,7,6,7,Maybe just an option to either have suggestions stay on the topic or ones that slightly alter the topic/plot.,7,6,7,6,90,7,
8/16/2021 4:56:31,A1PTH9KTRO06EG,76c3366d06584c42b5c0d1af41b63ccb,Yes,6,7,3,6,7,6,It would be cool to be able to have dialogue recommended to me as well instead of just narration.,5,7,6,6,90,7,
8/16/2021 6:24:43,A1PTH9KTRO06EG,2b34c5a6b1bd4256980b6a3e8ed3d196,Yes,6,7,7,6,7,7,I think as i went on the suggestions became more random and less helpful. Maybe a way to improve this.,5,4,5,6,95,4,
8/16/2021 9:08:26,A1PTH9KTRO06EG,5db9af9d7eb8449482b05842af955c63,Yes,6,7,4,6,7,6,I liked the suggestions! Some of the suggestions however were incomplete sentences that needed to be altered.,6,7,6,7,85,7,
8/16/2021 9:50:07,A1PTH9KTRO06EG,8619af4decba4fd0b44bd0194df73038,Yes,6,7,6,7,6,7,I really liked the suggestions this time. In the middle of the story the suggestions didnt work too well however as they all started talking about video games.,6,7,5,7,50,7,
8/16/2021 12:54:47,A1PTH9KTRO06EG,335ffea5a1a8426badc75a2fa056a1a8,Yes,6,7,6,7,6,6,I would say that the suggestions could be more consistent. There are certain points when there are no suggetsions offered.,6,7,6,7,80,7,
8/17/2021 5:11:04,A1PTH9KTRO06EG,0cb1f752dd254646830cf016f27b9f4f,Yes,4,5,3,6,7,6,The suggestions were not great throughout as they often would completely change the scene or topic. Staying on topic would have been very helpful to me personally after the first couple sentences at least.,6,7,5,7,90,7,
8/17/2021 6:21:13,A1PTH9KTRO06EG,dd87568fb11649f283279a507a1c2f11,Yes,6,7,6,7,6,7,The suggestions were pretty corny at times and over the top with the way the dialogue was. Would have preferred more on topic dialogue.,7,6,7,7,95,7,
8/17/2021 9:38:48,A1PTH9KTRO06EG,da4fed90272b41edb41f63fed4a928f0,Yes,6,7,4,6,7,6,"I liked the suggestions for the most part. Did not have an errors in them. Would like more varied suggestions though in general, instead of all of them being so similar from time to time.",7,6,7,5,90,7,
8/17/2021 10:58:30,A1PTH9KTRO06EG,8d77e68c9e2246949f8f3af5342da3a2,Yes,6,7,3,6,7,5,"I loved the suggestions for this one. All of the suggestions made sense for the most part, and I was able to write the story effortlessly.",7,6,7,7,85,7,
8/17/2021 11:46:11,A1PTH9KTRO06EG,b768132809f240b2a3efa1719be82ae4,Yes,6,7,7,6,7,7,"I liked the suggestions! However it got to a point where many of them were talking about some sort of game, or talking in third person about a story.",6,7,7,6,80,7,
8/18/2021 4:03:00,A1PTH9KTRO06EG,d79796ab007244e8abb0ff2efda4a92a,Yes,5,3,4,5,6,5,"The suggestions seemed very random at one point, almost like there was an error in the system.",4,5,5,6,90,6,
8/18/2021 5:27:05,A1PTH9KTRO06EG,49aef8c68d984985b66227f394ee28c2,Yes,6,7,4,6,7,6,"I think that the system did a great job. There were times when it couldnt think of any suggestions, so i guess that is one thing that could be improved in the algorithim.",7,7,7,7,75,7,
8/18/2021 6:32:04,A1PTH9KTRO06EG,b05576e3cea342e6a8a9c460718875b0,Yes,6,7,4,6,7,6,"I liked the suggestions for the most part, however they were only helpful at certain times of the story. Would be helpful to have more creative suggestions.",6,7,7,6,90,7,
8/18/2021 8:36:05,A1PTH9KTRO06EG,b7687cecbf6c4c18a04b5b0b9b031cf4,Yes,7,6,3,6,7,6,I think that the suggestions were great for this prompt. The only improvements i may possibly suggest would be to avoid using names for the suggestions. This sort of limited what i was writing.,7,6,7,6,90,7,
8/18/2021 9:41:47,A1PTH9KTRO06EG,a345a395300d44a5862012539e015002,Yes,7,6,7,6,7,7,"I think it would be good to always have some suggestions at all points in the story. Some points did not offer suggestions, and forced me to write the next sentence without any inspiration.",7,6,7,7,80,7,
8/18/2021 10:08:24,A1PTH9KTRO06EG,ba6d32a6c29a4bfeacf1e25a87a1f804,Yes,6,7,4,6,7,6,"I liked the suggestions. They were all unique and too k me to different places in the story. Maybe could have used a little more creativity word wise, as in vocab.",6,7,7,7,85,7,
8/18/2021 13:37:08,A1PTH9KTRO06EG,cfec8b365d874b18a765ce4afd83b125,Yes,6,7,6,7,7,7,"The suggestions were great. Would have been nice to have more variety in the suggestions, but its all good.",7,6,7,7,50,7,
8/18/2021 14:30:56,A1PTH9KTRO06EG,d301787ad1c14454943032e70f5f46f0,Yes,5,7,4,6,7,6,I loved the suggestions personally. All were very helpful. However sometimes the suggestions would get redundant and not be as helpful as they could be.,7,6,7,7,75,7,
8/23/2021 6:08:17,A1PTH9KTRO06EG,c3c445a6c1d34b329ec1ef4acfddd30d,Yes,6,5,6,6,5,7,I liked the suggestions. The AI just took a while to load at times.,6,7,6,6,90,7,
8/23/2021 7:09:48,A1PTH9KTRO06EG,8d732ed8f2cc4bb393aab9f68c82e408,Yes,4,6,5,6,7,5,"I liked the suggestions, however they all took the story in different directions so they were difficult to utliize.",6,7,7,6,80,6,
8/24/2021 4:17:59,A1PTH9KTRO06EG,ccd58d9e5614445c9ee036243195b7cf,Yes,5,7,6,5,7,6,"I liked the AI suggestions, however they felt a little too random and vague at times.",5,7,6,5,80,7,
8/24/2021 6:23:16,A1PTH9KTRO06EG,9b9d3ecc64fe4b399ad8ed7292a2aca5,Yes,3,4,5,7,6,6,I liked the suggestions a lot. Not too much more to be desired aside from gammatical errors.,6,7,7,6,80,6,
8/24/2021 18:55:48,A1PTH9KTRO06EG,6ccf934ffb284b76b9fa7e57ecabd06b,Yes,6,7,6,7,7,6,"I thought the suggestions were helpful, however i would have appreciated more connected phrases to what i was writing. I found i couldnt use the suggestions verbatim, but had to paraphrase instead.",6,7,7,6,90,6,
8/15/2021 19:42:30,A1QUQ0TV9KVD4C,4951e256dc4f4b44a90c95f8af2f34b7,Yes,5,5,4,5,6,5,More complete sentences with correct punctuation saves time.,6,6,6,5,60,5,
8/15/2021 19:57:12,A1QUQ0TV9KVD4C,c802d58c0f014745af7b010e31e863c3,Yes,5,5,4,5,5,6,Consistently use or omit closing quotation marks.,6,6,7,6,55,6,
8/15/2021 20:10:35,A1QUQ0TV9KVD4C,ac0d02d15e164314841ae2ce49d2b2c9,Yes,6,7,6,6,6,6,More variety of specific people and places for detailed storytelling,6,6,6,5,55,6,
8/15/2021 20:22:47,A1QUQ0TV9KVD4C,5929420aebc940789c58a72f8c8ccd56,Yes,6,5,6,6,6,5,"More variety in details in selection choices, not too repetitive",6,6,5,6,65,6,
8/16/2021 5:15:04,A1QUQ0TV9KVD4C,a8cf086c79104dedaf0894b6ae96411f,Yes,6,5,4,4,6,5,"The options were very logical and not very creative, lacked imagination.",6,5,6,6,65,5,
8/16/2021 5:27:58,A1QUQ0TV9KVD4C,cfea3807443b4149a2c68fb1ee0341f5,Yes,5,4,6,4,4,3,Was giving repetitive suggestions early on after story had already progressed.,4,6,5,5,70,5,
8/16/2021 5:41:00,A1QUQ0TV9KVD4C,07c5099d0eb24fb29da557733ed48f62,Yes,6,6,5,6,6,6,It was hard to follow suggestions with unclear pronoun or writing in third-person versus first-person.,6,6,6,5,55,5,
8/16/2021 5:53:37,A1QUQ0TV9KVD4C,ed71ed0719334d8a8219d77798f6a739,Yes,6,6,4,5,5,6,The options were interesting and had lots of variety. ,6,6,6,6,50,5,
8/16/2021 6:05:16,A1QUQ0TV9KVD4C,01a3e8d4e52f4f1483bf48b33cd88cd9,Yes,6,6,5,5,6,6,The suggestions were fun and entertaining. No grammar issues,6,6,6,6,60,6,
8/17/2021 6:06:26,A1QUQ0TV9KVD4C,eb9fd1c4b18b44679e21e09e4fc7fe0b,Yes,5,4,6,4,4,5,Too many times where AI had no suggestions,4,5,6,4,65,6,
8/17/2021 6:19:20,A1QUQ0TV9KVD4C,fe0fb4892ea749c7a67b12172793c3a4,Yes,5,4,5,5,5,5,"If I started typing then changed my mind and hit Tab, it couldn't come up with suggestions.",6,6,6,5,60,5,
8/17/2021 6:32:07,A1QUQ0TV9KVD4C,18d61fce4bcc4ccf9bd49c621b0ec1c0,Yes,5,6,4,5,5,6,The suggestions were interesting and still required imagination,5,6,6,5,55,5,
8/17/2021 6:43:52,A1QUQ0TV9KVD4C,86b1f1bb36bc4cc588e6dfc86d7a5bc4,Yes,6,6,4,6,6,5,Only a few times where AI couldn't suggest anything. ,6,5,6,6,50,5,
8/17/2021 6:57:46,A1QUQ0TV9KVD4C,a60c272551c6418a845424432fc4cc72,Yes,5,6,6,5,5,6,The suggestions were a little dull and repetitive,5,6,5,5,65,5,
8/17/2021 7:09:34,A1QUQ0TV9KVD4C,e29599231e66474b8a524c23db775e47,Yes,5,6,4,5,5,6,"The suggestions were mostly okay, not many grammar errors",6,6,6,5,50,6,
8/17/2021 7:21:17,A1QUQ0TV9KVD4C,47dff3bdc673494296ba42b16fec93fd,Yes,6,6,4,6,6,6,"The suggestions were good, nothing bad or confusing",6,6,6,5,55,6,
8/17/2021 7:44:01,A1QUQ0TV9KVD4C,3cfab79e841a41a7b6edf77e7b28886b,Yes,5,6,6,5,5,6,Some of the suggestions were too long and wordy,5,5,6,5,55,5,
8/18/2021 1:53:00,A1QUQ0TV9KVD4C,ccbcf12b87b04596848a5091118c49d9,Yes,5,5,6,5,5,5,"no issues, suggestions were smooth and legible",6,6,6,6,60,5,
8/18/2021 2:05:28,A1QUQ0TV9KVD4C,676557098dfe452d88e87d3a01b5100b,Yes,6,4,6,6,6,5,there were too many times where system couldn't suggest anything and I was on my own,6,5,6,6,65,4,
8/18/2021 2:18:25,A1QUQ0TV9KVD4C,5b7f010672c4459e86b69d0fc99f0509,Yes,6,5,4,5,5,5,Suggestions did not always have proper punctuation,6,6,6,5,55,6,
8/18/2021 2:30:11,A1QUQ0TV9KVD4C,309c885c1f7e483681d807a14b36c831,Yes,6,5,4,6,6,5,The system helped with imaginative suggestions and were easy to work with,5,6,5,6,60,5,
8/18/2021 2:42:05,A1QUQ0TV9KVD4C,48058b31f2ea4797bc9dcc40ab9ee2f1,Yes,6,5,4,5,5,6,Suggestions were mostly grammatically correct and had punctuation,5,6,6,5,55,5,
8/18/2021 2:53:57,A1QUQ0TV9KVD4C,7b0cd9f4cae6467ca5bcd8c5e0aed9e6,Yes,6,5,5,6,6,5,Could use more variety of suggestions and more specific details,6,6,6,5,55,6,
8/18/2021 3:05:39,A1QUQ0TV9KVD4C,dcf08dcc251f48109e68b46ffc0561d6,Yes,3,4,6,3,3,3,The suggestions the system gave early on made no sense. It was like writing alone.,4,5,5,5,75,4,
8/18/2021 3:16:56,A1QUQ0TV9KVD4C,89d3dfa041f54a32ba310a2b34a4055e,Yes,5,5,4,5,5,5,The suggestions were mostly coherent and usable.,6,6,6,5,55,6,
8/18/2021 3:28:23,A1QUQ0TV9KVD4C,ff21eabc9606411ba8cd583fdcdfe72c,Yes,6,5,4,6,6,6,The suggestions were well-written and easy to follow. ,5,6,6,6,60,6,
8/18/2021 3:47:43,A1QUQ0TV9KVD4C,63ab89c6ca594ea0a80519442ac4c27b,Yes,6,6,5,6,6,6,The suggestions were grammatically correct,6,6,6,4,50,6,
8/18/2021 4:03:13,A1QUQ0TV9KVD4C,2a907d5c4723445c9c9653cb1ba65876,Yes,5,5,6,5,5,5,The suggestions were useful but I had to think a lot anyway,5,5,5,4,60,5,
8/18/2021 4:15:05,A1QUQ0TV9KVD4C,9500323928c249d5851b8e56a2362537,Yes,6,5,6,6,6,6,The suggestions were clever and helpful,6,6,6,5,60,6,
8/18/2021 4:27:18,A1QUQ0TV9KVD4C,642f60be7fc54530a6b80ad4bd7fb6d9,Yes,6,5,5,4,5,4,The suggestions in the beginning were a little odd and random,5,5,6,5,65,5,
8/18/2021 4:39:50,A1QUQ0TV9KVD4C,e257561129954362be03dc09727ad7a8,Yes,4,4,5,4,4,4,Some of the suggestions were completely random and off topic,5,5,6,5,60,6,
8/18/2021 4:51:25,A1QUQ0TV9KVD4C,94492b7851ad432da7385f1bb6d18fe8,Yes,6,6,5,6,6,6,The system made good suggestions and was helpful,6,6,6,5,55,5,
8/18/2021 5:03:02,A1QUQ0TV9KVD4C,aa259a5e72c5426ebaa0b2ef7be4aed7,Yes,5,5,6,4,4,5,Some of the suggestions were really in line with my ideas,5,5,5,4,60,5,
8/16/2021 0:21:31,A1S5KQVM900NE,e0435f4cf6fc435c872ffc5b66b66b0c,Yes,7,7,3,6,6,6,"I think one aspect that can be improved, is that the suggestions can provide more variety, so that a person can use that suggestion to write their story. Basically, it would be good to have different suggestions for a following sentence, instead of the same suggestion re-worded. Whenever I used the AI suggestion, it provided good suggestions, but they were only written in different ways, instead of giving other suggestions as well.",7,6,7,6,70,7,
8/17/2021 0:52:46,A1S5KQVM900NE,aa092c2e66ea48d89361cc668d7d4919,Yes,5,5,3,6,5,5,"During this session, I think the suggestions could have been more creative. I felt that the suggestions in some cases were not as helpful as they could have been. It made it harder to write the story with the AI helping me. For example, I would write that the character in my story was a lawyer, but the suggestions were related to a doctor. It felt as though the AI was pushing me away from what I wanted to write.",5,5,6,5,60,6,
8/20/2021 0:44:26,A1S5KQVM900NE,d55f92da75db4afbbf0cb0bff4cae8c0,Yes,6,7,2,6,6,6,"Some of the suggestions did not help me push the story forward because it would recommend the same sentence that I had just written. I had to write a little more on my own, to push the story forward before the AI provided a unique idea to help. I think that could be improved in the future.",7,6,7,6,75,7,
8/20/2021 1:25:52,A1S5KQVM900NE,b6acb37208be4f3e96965f989fd6f9fb,Yes,6,6,1,6,5,5,"During this session, the suggestions were hit and miss. Some suggestions were great and helped me push the story forward by helping me create new ideas. Other times, the suggestions were more useful as filler. The AI can improved by having it provide more creative suggestions and sentences that makes it easier to write. For example, I would receive suggestions that did not fit in the current context of the story, the suggestions would fit well before in the story. So, the AI did not know where the story was in terms of the timeline.",6,6,7,7,85,7,
8/22/2021 0:36:37,A1S5KQVM900NE,91df9236813c406092e3fb6dcf15bc16,Yes,7,6,1,6,6,6,"During this session, the overall suggestions were very good and creative. They helped me write my story efficiently. Some suggestions seemed to reiterate the prior sentence that I had written, so it did not help me push my story forward. The suggestions were only reworded differently, so that they were not the same as my sentences. Overall, I think the suggestions could be more varied. ",7,6,7,6,85,7,
8/22/2021 1:44:13,A1S5KQVM900NE,93cd61b41e0f46dd8af1468977c91ef7,Yes,6,7,1,6,7,6,"Some of the AI suggestions had some typos, so they were a little grammatically incorrect. For example, the AI suggested a sentence with the word ""imminent"" being spelled ""emminent"", which is not correct. I used the sentence, but had to correct the misspelling. So the grammar could be improved slightly.",7,7,7,6,70,7,
8/23/2021 2:03:07,A1S5KQVM900NE,b30d52ea5e7346b19568167cfd2e47c0,Yes,6,6,2,5,5,5,"One aspect of the suggestions that can be improved is, the AI could suggest sentences that are more relevant to the previous topic of the sentences. I would sometimes ask the AI for suggestions after writing a sentence, and the AI would provide suggestions that were not relevant or redundant. For example, I wrote that I was going to meet the wasp queen in Germany, and the AI provided suggestions that reiterated the same thing. ",7,6,7,6,75,7,
8/30/2021 1:35:02,A1S5KQVM900NE,f3fd58f51d4a406ba6151b630e18dbac,Yes,7,7,3,7,7,7,"In this writing session, the suggestions were very good compared to previous sessions. Whenever I used the AI suggestions, it always helped provide me with new ideas to push my story forward. It helped me create better characters and a more believable story for me.",7,7,7,6,80,7,
8/26/2021 2:58:37,A1TW2BZRRS874Z,543ec3b66b0c47269e9737a650da21b5,Yes,6,4,5,4,4,5,Most were dull and just repeated what I had written recently but in a different way.,6,3,6,6,85,6,
8/26/2021 3:17:16,A1TW2BZRRS874Z,22fbbbae605c469f9ee3551b6030e421,Yes,6,5,4,5,4,6,That it was able to keep up with the specifics of the story and add to it.,6,5,6,6,80,6,
8/26/2021 3:30:45,A1TW2BZRRS874Z,6eddf840a84f4e48936eb1928eda184a,Yes,6,3,4,3,3,4,"this time, I think it helped me with a few transitions to new parts of the story",6,5,6,6,90,5,I used two or three suggestions from the AI and modified one so it fit.
8/26/2021 3:44:23,A1TW2BZRRS874Z, e2a81dbfc6e7456ea4bbf9f8fd279f86,Yes,5,5,3,5,4,5,"It was able to help me when I hit a block. Whether it was a transition or new piece of info, it was a help",6,4,6,6,80,6,
8/26/2021 3:58:46,A1TW2BZRRS874Z,4eeea91c57b0425b9faf9bc4b74ec2be,Yes,6,6,3,5,5,6,This time the AI was actually giving me novel ideas instead of just basic info already presented in my story.,6,5,6,6,75,6,this one was the best out of 4 so far.
8/26/2021 4:21:30,A1TW2BZRRS874Z,0886ac6a67c34849a08ccb15134f3407,Yes,5,5,3,5,5,5,That it was able to keep up with my changing directions and still offer relative input when asked,6,5,6,6,75,6,
8/26/2021 5:07:30,A1TW2BZRRS874Z, a2b882ca8a14420a8749dfedfecdfa36,Yes,5,5,2,5,6,6,The AI was able to contribute more creative ideas and suggestions. Not all good but better.,6,5,6,6,80,5,
8/26/2021 5:21:19,A1TW2BZRRS874Z,0b75e34df86b4f729dbf23843db91112,Yes,5,6,2,5,5,5,The system actually helped me keep the story on track when I would veer off and want to type more. ,6,5,6,6,75,6,
8/26/2021 5:41:27,A1TW2BZRRS874Z,4dc8e53b86384a43a33145a0c3933559,Yes,6,5,3,5,6,6,The AI's ability to help me go seamlessly from one subject to another is very helpful,6,5,6,6,75,6,definitely one of the better helpers
8/26/2021 6:08:38,A1TW2BZRRS874Z,9e13fc668168442584d1d57f70f2ac56,Yes,6,6,2,6,6,6,It consistently gave me new idea completely separate from my own that was a big help,7,6,6,6,70,6,Best yet. Very creative
8/26/2021 6:22:46,A1TW2BZRRS874Z,208569acde5b49dda0ec25ce4c410975,Yes,6,5,3,5,5,5,It could adjust its suggestions according to the direction of my story. ,6,5,6,6,80,5,
8/26/2021 6:38:14,A1TW2BZRRS874Z,f71e0e018a534c7f821ba507de61fb7d,Yes,5,2,6,3,3,3,The AI just kept suggesting the same things even though we were past the point of the story by then. It happened several times. ,3,4,3,7,98,2,"This one was not a good one. Sorry I cant explain better, it just failed me almost every time."
8/26/2021 6:59:53,A1TW2BZRRS874Z,f1d6f13474954193babf52cc2eab9353 ,Yes,5,4,4,4,4,4,the help was so so this time. It helped moved the story along but did not add any creativity to it.,3,3,3,6,90,3,
8/26/2021 7:31:05,A1TW2BZRRS874Z,dc47866606824cc9bc59e54890c2ab22,Yes,6,7,2,6,6,6,The system actually gave me creative ideas that were very relevant to the story. ,7,6,7,6,70,7,This one had creative solutions that were better then most.
8/26/2021 7:47:07,A1TW2BZRRS874Z,0837a09ef77a4f20b3a341a47276288b,Yes,5,4,4,3,3,5,"While it helped me with one transition, it was not helpful in most other areas. The suggestions were not very relavent to the story. I tried 5 or 6 times to use it",3,4,3,7,97,3,
8/27/2021 2:35:50,A1TW2BZRRS874Z,8d4bdb014d5f4a919735ff5a928176b5,Yes,6,6,3,5,4,5,"It helped me go from one subject to the other, sometimes recommending new subjects that I used.",6,5,6,6,75,6,
8/27/2021 3:07:07,A1TW2BZRRS874Z,bfbd85082e2c48bc86180b2b54f5845c,Yes,6,6,2,6,6,6,The system kept up with the story changes while adding decent creative suggestions that I used as well.,7,4,7,5,70,7,exceptional interaction 
8/27/2021 3:20:34,A1TW2BZRRS874Z,bad20cdce8404ef3b6992ae8758105d2,Yes,5,2,6,3,4,4,I could have used better creative suggestions to move the story along since I hit a few blocks. It was not very helpful this time.,4,3,3,7,95,3,
8/27/2021 3:34:20,A1TW2BZRRS874Z,4aadf906bfc84b4f980b65c44fe483e8 ,Yes,6,3,5,3,3,4,I was given a number of suggestions that were just repeating what I had already written just in slightly different ways. ,3,4,4,7,95,3,
8/27/2021 4:22:59,A1TW2BZRRS874Z,3db55809c34d4059adb6d6315da68cf1,Yes,5,2,6,2,2,3,I think my vision for the story was just not compatible with the systems vision. It would recommend creative ideas that just did not match up with what I wanted to do with the story. I was not able to get any decent transitions out of it this time either. ,3,5,3,7,98,2,My story was all over the place so it might have had a hard time making sense of it.
8/27/2021 4:37:49,A1TW2BZRRS874Z,cbbfa156a608439c999233f7b05b9821,Yes,6,6,2,6,6,6,It thickened the plot of my story a couple of times with great creative input. No issues at all other then a few repetitive suggestions. ,6,6,6,5,65,7,
8/27/2021 4:55:10,A1TW2BZRRS874Z,36eead66360847afba6dc9ebf6d99593,Yes,6,2,6,3,2,2,The suggestions from the system kept trying add in charaters with names and backgrounds when that was not welcome. It did it a couple times with the same suggestions at two completely different places in the story.,2,5,3,7,92,3,
8/27/2021 6:27:02,A1TW2BZRRS874Z,29056a31430b414582f488535aa0fe91,Yes,6,3,3,3,3,2,The system kept reccomending that I expand certain parts of the story at the wrong times. it wanted to introduce character at the end. It also suggested an ending at the beginning. It did help me with a few words that I could not recall.,2,4,3,7,94,3,
8/27/2021 6:47:44,A1TW2BZRRS874Z,cb3f032b7da641ef8ae12507ded9ee10 ,Yes,6,5,3,4,3,4,The creative suggestion tried moving the story along to quickly in my opinion. ,3,4,4,7,92,3,
8/29/2021 3:43:16,A1TW2BZRRS874Z,9dc52675bffe43dd8a9359dab52e711b,Yes,6,6,2,6,6,6,"The system in this case was giving highly relevant and creative suggestions. This may have been the best yet. I'm sorry, I cant think of any improvements for this one. ",7,6,6,5,70,7,
8/29/2021 4:14:49,A1TW2BZRRS874Z,3f6f1edc20064adba80cb4c98454da3b,Yes,6,3,4,4,4,4,It would try to add characters at the wrong time or make suggestions that were already well established. ,4,5,3,7,92,3,
8/29/2021 4:50:13,A1TW2BZRRS874Z,b123d6c29c8140b1a464b0402923dbad,Yes,6,4,5,3,3,3,The system would try to create new plot lines at the most inappropriate times and also tried to name characters at the end of the story. ,3,3,2,7,95,2,
8/29/2021 6:56:38,A1TW2BZRRS874Z,35f5f0465417437f923efcd624af7502,Yes,6,4,3,4,4,4,It might be that I am trying to fit too much story line into too little text but the system sometimes tries to change directions way too soon or way too late,3,4,4,6,90,4,
8/30/2021 2:20:52,A1TW2BZRRS874Z, 240b61c1abc24288a19f6faa9909e719,Yes,3,3,6,3,3,3,It helped me to get started but then practically gave up half way through. It gave no meaningful input after the second attempt and even said a couple of times there were no suggestions. ,2,4,2,7,94,1,I'm wondering if an error occurs occasionally or if it just has no suggestions occasionally. 
8/30/2021 2:40:43,A1TW2BZRRS874Z,8fc21685ae6a4c6da4c7fecca918d093,Yes,6,7,4,6,6,6,"I took a different approach this time, I let the AI lead the story while I filled in some of the blanks. It did well. I think a few of the recommendations were repetitive but barely. ",6,6,7,7,40,6,The system did good in this case since I let it do most of the leading for once. I will try this approach again.
8/30/2021 3:18:13,A1TW2BZRRS874Z,05a000131fc642f7bb20b62bb20a326e,Yes,6,6,3,6,5,6,"other then  a few suggestions at the end that were meant for the beginning of the story, the system held up well.",6,5,6,6,70,6,
8/30/2021 3:45:30,A1TW2BZRRS874Z,128bf2d6121a4542ba5779b2811d8c15,Yes,6,5,4,5,5,5,"At first the system was great but toward the middle and end, it would give me suggestions that belong at the beginning. I am trying to rely more on the AI lately and this one was so so.",5,5,6,5,75,5,
8/30/2021 4:22:25,A1TW2BZRRS874Z,8d145264baaf4220b2848a60447cfd05,Yes,5,5,3,5,5,5,"While it helped me to create some decent dialog at first, it later tired again at the worst times. ",6,5,6,5,75,6,
8/30/2021 4:39:17,A1TW2BZRRS874Z, cca8806768104c18b972db618f17a37f,Yes,6,4,5,4,3,4,The system was a little to repetitive and did not have much creative input this time.,5,4,5,6,85,4,
8/30/2021 5:12:23,A1TW2BZRRS874Z,e3152d380e13471a91d31ab07f01255c,Yes,6,3,6,3,3,3,The system would try to insert new plot lines at the wrong times. It was a little bit more helpful with transitional words that sometimes elude me but not all that much,3,4,3,6,87,2,
8/30/2021 5:35:40,A1TW2BZRRS874Z,9a29f841869a4fd98cf358da50f4a340,Yes,6,3,5,3,3,3,"While the system tried to be creative at times, a lot of the sugetions just did not fit my taste. it tried but we were not on the same page. I did use a couple suggestions though.",4,5,4,6,87,3,
8/30/2021 6:07:35,A1TW2BZRRS874Z,5ff4b3f9999047f6858c878df9638bc3,Yes,3,3,5,3,2,3,The system would come up creative ideas to things that were already covered. It would back track,3,4,2,7,90,2,
8/30/2021 7:20:44,A1TW2BZRRS874Z,b153dcf4dae74acb8ebc70ff937ecccf ,Yes,5,2,7,2,2,2,"The system was not giving me relevant suggestions. Most were all over the place, no even having anything to do with the story line. Its like it picked random suggestions from all the different story lines. Not helpful this time at all.",2,6,2,7,97,1,I gave the system like at least 6-7 chances to contribute but other then a few words it did not give me anything.
8/30/2021 7:48:50,A1TW2BZRRS874Z,ace79657baa04aaca50a076720ee1fe8,Yes,6,4,6,3,3,3,"The system offered me suggestions like ""the first book of the series"" or ""this series of books..."". they just were not even close to what I would want. They did this on like 4 occasions and went off the rails in a few other directions as well. I wonder if you guys keep track of recommendations?",2,4,2,7,90,1,
8/22/2021 18:50:39,A1VZSFHTU51JP0,4181c7d35eff4eceb4aad545dd2a9273,Yes,4,5,3,5,5,4,They could be more broad if needed because it ran out of ideas several times.,5,7,7,7,90,6,
8/22/2021 20:25:37,A1VZSFHTU51JP0,83fd21afaaf9416180e3174284de4ce1,Yes,3,2,4,3,2,4,Some of the suggestions were behind and suggested things already written which maybe could be changed.,4,7,7,7,95,3,
8/22/2021 21:41:25,A1VZSFHTU51JP0,ddcc9eff5afa41889aa05c3025b604a6,Yes,7,5,1,7,7,7,Just more of them since they ran out quickly.,7,7,7,7,85,7,
8/22/2021 22:20:57,A1VZSFHTU51JP0,3195d0bf415e43d38448950220164982,Yes,6,6,1,7,6,6,"Offering more varied suggestions as they often were all the same, just worded differently.",7,6,7,7,80,6,
8/22/2021 22:42:17,A1VZSFHTU51JP0,ed0280fb0f114ead8a22516a8309f982,Yes,5,6,2,5,5,3,It kept bringing up things like a search engine. That was an issue because it seemed to be presenting facts about Mana comics.,3,7,7,5,90,6,
8/23/2021 8:00:50,A1VZSFHTU51JP0,188aef2decc3415eaeba3467fe86116e,Yes,7,7,1,7,7,6,If they can look forward more rather than back. Some were good suggestions but they came too late.,7,7,7,4,80,7,
8/23/2021 8:17:32,A1VZSFHTU51JP0,65936cbe394149c6b24802cad630e2d7,Yes,6,7,2,6,5,6,Nothing specific stood out to me this time. It did a good job of adding a new concept here and there. ,7,7,7,6,85,7,
8/23/2021 10:27:58,A1VZSFHTU51JP0,d4a257392aa84174be6166c9c664caae,Yes,6,7,1,6,5,5,"Some were worded oddly such as ""this is the story of"" after I was deeper into the story. ",5,7,7,6,90,7,
8/23/2021 11:46:36,A1VZSFHTU51JP0,3b6bdac8643a446989473560476d77a5,Yes,7,7,1,7,7,7,This is the best it has done so far. Pretty much every suggestion flawlessly fit in. ,7,7,7,4,60,7,
8/23/2021 19:13:57,A1VZSFHTU51JP0,9c397f7fd7a04f829c055d2f7f5ee160,Yes,7,7,2,6,7,6,I can't think of anything.,7,4,5,3,65,6,
8/23/2021 20:18:08,A1VZSFHTU51JP0,a13794ea66e341029357b1065e0e13b2,Yes,6,7,1,7,6,6,It could just work on the variety of options since many were similar. ,6,4,6,5,70,6,
8/24/2021 7:22:28,A1VZSFHTU51JP0,d234ccac8f854b599107829ee626158e,Yes,7,5,3,6,6,6,"Some suggestions were not complete, especially dialogue. It'd be nice if they were finished.",6,7,7,6,80,6,
8/24/2021 7:40:59,A1VZSFHTU51JP0,bc8469a10a154ba8901e1dfc57432882,Yes,5,6,4,4,5,5,Make them fit the story better. Some were kind of random this time. ,4,7,6,4,75,6,
8/24/2021 10:14:48,A1VZSFHTU51JP0,767134bda38047aab8a6fa3221b6880e,Yes,7,7,1,7,7,7,None. It worked flawlessly this time. ,7,7,7,2,60,7,
8/26/2021 11:48:04,A1VZSFHTU51JP0,95b14d2fcf8b4eb5a0be3354a80e6f32,Yes,6,7,1,7,6,5,Early suggestions could be more relevant and less random as the first half were not as usable. ,5,7,7,6,60,7,
8/26/2021 12:06:40,A1VZSFHTU51JP0,1b61a094fd35433fa11d5ae1a4655cfd,Yes,7,5,1,7,7,7,Just have more suggestions toward the end since it ran out. ,7,7,7,5,70,7,
8/26/2021 12:50:46,A1VZSFHTU51JP0,fbd1b7a3b81f4efc88b0605de907aea3,Yes,6,7,2,6,5,5,Some random facts that appear like the date a DVD came out could be removed. ,5,7,7,6,80,6,
8/26/2021 13:15:05,A1VZSFHTU51JP0,b5cba1af4218432bac6932bd1d546125,Yes,3,2,6,3,3,2,"There were suggestions half way through that were along the lines of ""The story begins"" or something along those lines that were impossible to use. ",2,4,5,7,90,2,
8/26/2021 13:36:37,A1VZSFHTU51JP0,94517582b37d4ce6b9aeb4a0f9b7eed6,Yes,4,3,6,3,3,2,Just having suggestions that fit better with where the story is currently at.,4,7,5,7,90,3,
8/26/2021 13:52:54,A1VZSFHTU51JP0,e04ccf1a440045bd92bf1ac66489b158,Yes,5,5,3,5,6,5,"I'd stop suggestions like ""Dad's at the bottom"" was produced in 2003. There's odd suggestions with dates sometimes that don't make sense. ",5,6,7,6,75,5,
8/26/2021 19:44:50,A1VZSFHTU51JP0,8a66ba50d4e241f2aebb17e5af82c68a,Yes,1,1,7,1,1,2,It kept just bringing up facts about movies(like the year Aeon Flux came out) rather than story suggestions. It made it hard to use any of the suggestions this time. ,1,6,2,7,95,1,
8/26/2021 20:01:04,A1VZSFHTU51JP0,d834599ff4cd479489143ebe24a94bba,Yes,7,7,1,6,7,6,It could come up with more big ideas that change the story rather than smaller ones. The bigger plot points are usually better.,7,7,7,5,70,7,
8/26/2021 21:25:36,A1VZSFHTU51JP0,8558c2d306614fcfb3ae117e60204277,Yes,7,7,1,7,7,7,Longer suggestions are more helpful. They were the best ones this round. ,7,7,7,3,60,7,
8/26/2021 22:04:05,A1VZSFHTU51JP0,9b36532a7e70491992e013afd597fe57,Yes,7,7,1,7,7,6,Sometimes it got a little ahead of me. I'd see a good idea but it wasn't quite ready to be used with the flow of the story. ,7,7,7,5,75,7,
8/27/2021 5:05:54,A1VZSFHTU51JP0,75892ecb92b4437882d1565f6169d5a5,Yes,7,7,1,7,7,7,Nothing. It had perfect suggestions that carried and continued the story this time. ,7,7,7,1,50,7,This is the most successful collaboration I've done with the AI so far. The suggestions were always relevant and fit perfectly into the story. 
8/27/2021 10:06:18,A1VZSFHTU51JP0,40d132e1bc0146c0920d7b38c5b9f7c7,Yes,5,1,6,4,4,3,The suggestions were kind of choppy and short sighted as opposed to complete ideas. ,4,7,5,7,90,3,
8/27/2021 10:31:17,A1VZSFHTU51JP0,007769c9000e457eae8485221041802d,Yes,4,1,7,1,1,1,"It had random suggestions like ""This movie was shot in Canada"" and sometimes had no suggestions so that made it difficult to write together.",1,7,1,7,95,1,
8/29/2021 16:54:03,A1VZSFHTU51JP0,ab5f8507e06746248ff59dd64d84e414,Yes,7,6,1,7,6,7,"They kept creating new paragraphs rather than continuing my current paragraph in this writing task, which I did not want. ",6,7,7,5,70,7,
8/29/2021 17:10:59,A1VZSFHTU51JP0,93a4d9c0d25f4865a4f9dbb9f5b7c458,Yes,6,7,2,6,6,5,Less random facts would be nice. ,6,7,7,4,60,7,
8/29/2021 20:30:24,A1VZSFHTU51JP0,98ec7dfa3aa04e69b9eaf765d6134943,Yes,7,7,1,6,7,6,It was suggesting random facts again unrelated to the story. ,6,6,7,5,65,7,
8/29/2021 21:27:04,A1VZSFHTU51JP0,a9936b88956143bead73fd420fdc8b5c,Yes,5,3,4,4,4,5,It was referencing mana comics so it got confused.,6,7,7,7,90,7,
8/29/2021 22:47:15,A1VZSFHTU51JP0,f151863fbea2417c9bbec7082abaefd6,Yes,6,4,3,5,5,6,It brought up nothing but random facts at one point that weren't helpful. They were unrelated to anything. ,6,7,7,6,80,6,
8/29/2021 23:13:52,A1VZSFHTU51JP0,6e8295cfe7b7425198f0d305a29e3fc3,Yes,6,1,6,4,4,3,Less facts and repeated suggestions would be helpful. ,5,6,6,7,90,4,
9/3/2021 12:45:11,A1VZSFHTU51JP0,b1eb87ade8f7495fb7167d0270816ef7,Yes,6,7,1,7,7,6,I had no issues this time. It did a great job. ,7,7,7,4,60,7,
8/17/2021 1:28:00,A1WKF2VH7TV0H2,fe7442150cf74ed99d61e116a8a5426b,Yes,6,7,5,3,5,6,None.,5,7,4,6,75,4,None.-
8/17/2021 1:39:34,A1WKF2VH7TV0H2,2563e300aebd45b9a0adde07b8e23001,Yes,5,4,3,5,6,4,None.,6,7,6,7,85,6,None.
8/18/2021 1:12:58,A1WKF2VH7TV0H2,a339f26845ca4af6841501de1929b6d7,Yes,5,6,4,5,4,6,None.,6,4,6,5,75,5,None.
8/18/2021 1:25:50,A1WKF2VH7TV0H2,05dd6e0c70cd41caacfcc3d44beca27b,Yes,4,6,5,4,6,4,None.,5,7,6,6,80,6,None.
8/18/2021 2:12:55,A1WKF2VH7TV0H2,f8fd4fb1d3ae456a8a5dddefc9389aa3,Yes,5,4,6,5,6,4,None.,5,6,6,7,90,6,None.
8/18/2021 4:28:32,A1WKF2VH7TV0H2,a1fa02bf79464edb893ec5b1b5fa1908,Yes,6,4,5,5,7,5,None.,6,7,7,7,85,6,
8/26/2021 6:16:29,A23EWFNNOUS10B,adce2198a2b74693a04f7824889a348c,Yes,6,6,3,6,6,6,I liked how the AI stayed on topic with suggesstions and helped it flow. ,6,6,7,6,90,7,
8/26/2021 6:28:48,A23EWFNNOUS10B,9ed6505663e3421ea07365fe634cbe82,Yes,5,3,4,2,2,2,The suggestions from the AI for this one were usually off topic. ,7,7,4,7,95,6,
8/26/2021 6:40:19,A23EWFNNOUS10B,749e032914384e4da8f2392a19066b89,Yes,6,6,2,6,6,6,The suggestions on this one were great and helpful from the AI. ,6,7,6,6,90,6,
8/26/2021 6:53:02,A23EWFNNOUS10B,7000c2b9328448a5b47432e3576c6b46,Yes,6,7,2,7,7,7,The AI was great on this round as it really helped to shape the story on a congruent way. ,6,6,7,6,80,7,
8/26/2021 8:09:42,A23EWFNNOUS10B,d21b4782a01941baa71e9727e6c7f8ea,Yes,2,2,7,2,2,2,The AI gave terrible and repeated reccomendations this time. ,2,2,2,2,90,2,
8/26/2021 8:21:06,A23EWFNNOUS10B,029d014b392a4c41b711153a08cea400,Yes,6,7,2,6,6,7,The AI acted as a true writing partner for this round. ,6,7,6,7,90,7,
8/30/2021 7:42:11,A23EWFNNOUS10B,a754ad9eecca4d13954cf36eeda823b5,Yes,2,2,7,2,2,2,The system gave repeated reccomendations which were not helpful. ,2,4,2,5,95,1,
8/30/2021 7:51:12,A23EWFNNOUS10B,86bb1cfe839c46058dfc0e4b96f13392,Yes,2,2,2,2,2,2,The system gave repeated reccomendations which were not helpful. ,2,3,3,5,95,1,
8/30/2021 8:09:19,A23EWFNNOUS10B,1d5a5cee5438407b866cc643f79b02f6,Yes,4,2,6,2,2,3,The system gave repeated reccomendations which were not helpful to me. ,4,6,4,6,90,4,
8/26/2021 4:45:23,A23KAJRDVCVGOE,cfb8bffe98a044868cec22afd04c1bba,Yes,6,7,5,6,6,5,none,7,6,7,6,80,5,
8/26/2021 6:59:12,A23KAJRDVCVGOE,7008135435cb483881d0332f730b12fa,Yes,7,7,3,7,6,7,"some items were repeated, i would rather a variet ",7,7,7,3,55,7,
8/26/2021 7:11:28,A23KAJRDVCVGOE,64ded59bfd264094a10a88c47e4ecc1c,Yes,6,7,3,5,6,5,some sentences were not long enough and cut off halfway ,6,7,7,3,60,6,
8/26/2021 7:29:11,A23KAJRDVCVGOE,5c524b4889834145ad435d84415f457c,Yes,3,2,7,4,5,2,some of the suggestions did not make sense sometimes ,3,2,2,3,50,4,
8/26/2021 13:22:19,A23KAJRDVCVGOE,3c7c9a37b4eb4c76b275e6cd975f900f,Yes,6,5,2,5,6,5,it was perfect,7,7,6,1,15,7,
8/27/2021 5:11:34,A23KAJRDVCVGOE,67edbcbb485547d18993a50ef6dc5c92,Yes,6,6,3,7,6,7,some items were repetitive ,7,5,5,1,10,5,
8/27/2021 5:31:04,A23KAJRDVCVGOE,9ec1e386d2494b958378ef3035ca0fec,Yes,6,7,3,7,6,7,it was all good ,7,6,7,2,10,7,
8/27/2021 6:22:20,A23KAJRDVCVGOE,eb052c37796c4ae3b8b5c77c800684c6,Yes,7,7,3,5,5,7,it was fine ,5,7,5,5,75,7,
8/29/2021 5:56:19,A23KAJRDVCVGOE,11e8186be4314e93852c7677b430fba3,Yes,7,7,2,6,5,6,it was perfect,7,7,6,3,50,5,
8/29/2021 6:35:38,A23KAJRDVCVGOE,8f24321860794995b97b7e5b87f2e7b4,Yes,7,7,2,5,7,6,they were very high quality ,7,7,7,3,40,7,
8/29/2021 6:52:36,A23KAJRDVCVGOE,aea2e89578b3408983027d4f02ac76e6,Yes,7,7,2,7,7,6,there was no depth to the prompts i felt it was shallow ,7,4,6,2,50,6,
8/30/2021 4:49:38,A23KAJRDVCVGOE,946720ae11b5468e858df027906f1063,Yes,6,7,1,7,7,7,the system helped me out a lot ,7,5,7,2,10,7,
8/16/2021 4:18:31,A2EED3HLTA96CP,5f020c0bdea94db5aad0478ba02f2924,Yes,3,3,4,4,4,4,The suggestions were mostly reiterations of previous dialogue with very little creativity.,4,6,7,7,75,7,
8/17/2021 3:23:56,A2EED3HLTA96CP,864b77f0d5f34f2b9946e518cdeee98a,Yes,7,5,2,7,7,5,"No. I had an idea where I wanted the story to go, and the AI soon caught on.",6,7,7,7,55,7,
8/17/2021 3:36:55,A2EED3HLTA96CP,797e87aff94142b1be301e11df758d63,Yes,6,6,1,6,6,6,None/No,7,5,7,6,65,7,
8/17/2021 4:09:35,A2EED3HLTA96CP,b0a2fd2acd9f49ebabf15233e8711c0b,Yes,6,6,1,6,7,6,"Great prompt, lot of fun with this one. AI was right onboard, it seemed.",7,7,7,5,68,7,
8/17/2021 4:56:46,A2EED3HLTA96CP,edd8e02d22034990afa5f3435904c34f,Yes,5,5,1,6,5,5,The suggestions were  a bit repetitive and this time could not unblock my writing.,7,2,7,7,67,7,
8/17/2021 6:47:52,A2EED3HLTA96CP,0722c529c6924e989c5723366906e6d2,Yes,7,7,1,7,7,7,This is the first time the AI offered a cogent ending that matched my authorial intent.,6,6,7,6,55,7,
8/17/2021 10:26:36,A2EED3HLTA96CP,a59321f59eeb459da6a427267afefb9b,Yes,5,4,4,5,4,2,"The AI hung me out to dry this time, and I did my best with a very narrow range of prompts.",4,3,7,7,90,6,The AI needs better knowledge of music and literature. I lobbed Bob Dylan and Samuel Beckett at it and it was clueless.
8/18/2021 3:12:53,A2EED3HLTA96CP,f7156d363a5d45ea9f0171bc468277b7,Yes,6,7,1,6,5,6,"The suggestions were all in rather narrow range of options, and the story suffered a bit.",6,4,7,6,60,7,
8/18/2021 3:47:28,A2EED3HLTA96CP,5a79775f3b054f82a6cb92319da17db5,Yes,6,3,3,5,4,4,"At some point the suggestions became worthless, as they were meta-comments on the story rather than contributions to the story. I have not seen the AI go there before.",5,5,7,7,70,7,
8/18/2021 4:51:03,A2EED3HLTA96CP,1c7dcfd367a343449113516e395fed55,Yes,7,7,1,6,6,6,"They devolved into statements in a very narrow semantic range, which made me feel that the AI was lost. But in all honesty, I was a bit lost too.",7,5,7,6,55,7,
8/18/2021 5:41:36,A2EED3HLTA96CP,8ead784ec05844608febc56ca283a595,Yes,6,5,2,5,5,5,"I depended on the AI to jump start this vignette, with little  success. It became locked into rehashing already-provided details and did not offer the sea-change in narrative I could have used. I made the best of it, but this could have been better with a more creative partner.",5,5,7,7,70,7,
8/18/2021 6:27:10,A2EED3HLTA96CP,8fe89e287cd748548d5dba507c343713,Yes,6,4,4,5,5,2,The AI was not able to get the idea of a Chinese restaurant which is a cultural mainstay. It understood the politics but not the implicit cultures being described.,7,6,7,7,75,7,
8/18/2021 9:36:34,A2EED3HLTA96CP,4c4d61576ba44e75b7b9b52e4d361e78,Yes,5,7,2,6,7,5,"Not many good suggestions, except right off the bat with the ""depleted uranium"" one, which  alone carried the story. So well done, AI.",7,6,7,7,78,7,
8/18/2021 10:02:13,A2EED3HLTA96CP,0fe679b3bb1a472bb1d375c1c58e3687,Yes,5,2,4,3,3,3,"The suggestion were helpful for the first half of the writing, then changed into irrelevancy, giving statistics about a show on Comedy Central, for example. They were more relevant later but were pretty useless to my narrative. The AI did not help with the ending, which is what I most wanted.",6,5,7,7,80,7,
8/18/2021 10:23:04,A2EED3HLTA96CP,3d6a7c48810349b4a145b117bd38afa9,Yes,7,7,1,7,7,6,"The AI supplied much of the narrative thrust for the first 80 per cent or so, but then became quite useless. As I was able to craft an ending so we each did our part.",7,6,7,7,50,7,
8/18/2021 10:43:31,A2EED3HLTA96CP,b15bdf5fdb764c3b97f9ec4ab3d348e3,Yes,7,7,1,7,7,6,"AI was very helpful, no complaints.",7,3,7,7,50,7,
8/20/2021 9:55:27,A2EED3HLTA96CP,59ac3d8b33d64c2c8d91c264fdf4c1da,Yes,6,6,1,5,5,5,"I used a few suggestions, but they were all in a narrow semantic band: ""the first sign of...."" ""the second sign of...."" and so on. I could have used some more narrative heavy lifting which the AI was not able to provide.",6,5,7,6,60,7,
8/20/2021 10:13:01,A2EED3HLTA96CP,f6aee07eece340eca425fbfe1d439a0c,Yes,7,7,1,7,7,6,"The AI was not there part of the time, but did provide a few key sentences and helped me a lot with the story. The third from last and second-to-last sentences were all AI and I grabbed them. Nice job by the system.",7,6,7,4,50,7,
8/20/2021 11:02:54,A2EED3HLTA96CP,57f0dbe735624c44b58c67e78a31caa6,Yes,7,7,1,7,7,7,"This was a true collaboration, with many of the most interesting concepts contributed by the AI, such as the addition of the whole blockchain subplot. Very enjoyable!",7,7,7,4,45,7,
8/20/2021 11:24:43,A2EED3HLTA96CP,93743bc8b6f94308881cff7cf90ad421,Yes,6,5,2,6,6,5,"The system gave some great sentences, but all were in service of a rather narrow narrative arc. Part of this is due to the prompts being very detailed (pig, wolf, depleted uranium roof) but nevertheless I was looking for a sideways plot twist that never came.",7,5,7,6,65,7,
8/20/2021 12:01:46,A2EED3HLTA96CP,46be40f9d65c4a8f8d924ac992f81376,Yes,7,7,1,7,7,7,"This time the AI wrote most of the story. I was an editor more than the writer. I would say 60 per cent of the narrative ideas were AI-supplied. The system knew where I was going and was with me all the way,",7,7,7,4,40,7,
8/22/2021 2:29:24,A2EED3HLTA96CP,047e78f3d0a94ea4a3433d4358b53adf,Yes,7,5,2,6,7,7,"I intended to place a cat in the story, but before I wrote this, the system offered the suggestion of placing a cat in the story. Uncanny.",7,7,7,5,60,7,
8/22/2021 2:42:38,A2EED3HLTA96CP,eecd784a495648f4a5b160beba42dd0b,Yes,7,6,1,7,7,7,"This was a story that wrote itself. The system wrote the entire paragraph that begins: ""The next morning..."" A true collaboration here.",7,7,7,4,50,7,
8/22/2021 3:11:02,A2EED3HLTA96CP,8bafd5acfb7343308b5195092c4c4de5,Yes,5,3,5,5,5,5,"The system made many suggestions, but they were all within a narrow semantic range and added little forward momentum to the story, restating already-established plot points again and again. This is an instance where I felt blocked, could have used substantive help, and did not get it.",5,2,4,7,70,6,
8/22/2021 3:28:55,A2EED3HLTA96CP,1d9be0e721ca4537a2cd16c0a0fd7630,Yes,6,1,1,4,2,2,"This story was the worst I have written in this HIT series. I almost did not submit it, but then thought these comments may be useful. I had difficulty thinking of creative plotlines and leaned heavily on the AI. I used many of its suggestions, but the writing went in tight narrative circles and never went anywhere. Okay, I'm a bee majesty. Then what? Here's where I could have used a good idea (even a good phrase of half an idea) from the AI and got nothing. All the resultant mediocrity can be traced to that specific point. <sigh>",2,1,2,3,45,7,
8/22/2021 4:05:10,A2EED3HLTA96CP,67c022f81e3f415eae224f368cca7c3d,Yes,6,5,1,6,6,6,"The paragraphs beginning ""the US is divided"" and ""but this is no ordinary peace"" were almost entirely written by AI.",5,4,7,7,60,7,
8/22/2021 5:01:02,A2EED3HLTA96CP,38375f5155704d2d8509843e56ec029d,Yes,7,7,1,7,7,7,"Most of the dialog in this story was written by the AI. This was an instance of true cooperation with, and even been led at times by, the AI. An extremely collaborative session. ",6,7,7,3,35,7,
8/22/2021 6:16:54,A2EED3HLTA96CP,bd632b8b53394b32a6dba18848f787a4,Yes,6,6,2,6,6,5,"I used system help for style, but not for plot. Once I established a direction, the AI was quite helpful in suggesting sentences (but see comments below). ",5,6,7,5,77,7,"It would be great if we could ""park"" sentences suggested by the AI. Often a set of sentences are offered from which I want to use more than one, but once I choose one the set then cannot be recalled by further TAB presses. And if I select a sentence but want to use later, the AI then treats the sentence as the latest line of a story, but I want to park it not use it."
8/22/2021 8:35:47,A2EED3HLTA96CP,ed645ae457f04bdda9562f4aa0003ce1,Yes,6,6,1,6,6,6,"The system was a great help, and supplied the ending plus several more sentences and ideas.",7,5,7,6,52,7,
8/24/2021 9:43:46,A2EED3HLTA96CP,cf17210c31294194a0bf3e3a851a34ea,Yes,7,7,1,7,7,7,"This was a weird story: kind of Flannery O'Connor meets The Drudge Report. But what is interesting is that I let the AI write at least three quarters of it, sentence after sentence. And it did very well. I never got a sense that I was being fed pre-fab sentences. An interesting experience.",7,4,7,4,20,7,
8/19/2021 16:09:39,A2FCQ5K0T1PYHS,9d363533d9734263b3feda158f5cfb69,Yes,7,6,4,5,6,7,"I really like suggestions for when I am trying to get an ending. A few more poignant endings would be awesome, but ultimately I liked the suggested ending it provided.",7,6,7,4,90,6,
8/18/2021 8:02:17,A2FYFCD16Z3PCC,df6068305d29453eb22a51d46085e197,Yes,7,6,4,6,6,7,n/a,6,6,6,6,80,6,
8/16/2021 10:03:55,A2ONILC0LZKG6Y,2d9358657a364ccab47e9a7538cb6650,Yes,6,5,2,6,5,6,I'm not sure if anything major needs changing - I felt a few times some of the suggestions were a bit same-y within a given block of suggestions. ,6,6,6,7,85,5,
8/16/2021 13:21:55,A2ONILC0LZKG6Y,48614678f47848e49060db320a454716,Yes,5,3,4,4,3,3,"The suggestions weren't terrible, but they seemed to be going in a different direction than I was. And most of them were so small that using them would just have extended the story even further.",6,5,6,7,95,4,
8/17/2021 8:03:09,A2ONILC0LZKG6Y,8c04c390a801420a9772009868a6c4f0,Yes,6,6,2,6,5,6,"The suggestions were pretty good this time, but sometimes they were more scene-setting when I was really looking for plot direction ideas.",6,5,6,7,80,6,
8/17/2021 9:17:29,A2ONILC0LZKG6Y,13ff0c5ffe4341a8bcec84ef343a9359,Yes,6,6,2,6,6,6,"IT did a good job of integrating the names I had made up. Once or twice though it gave me very limited suggestions, probably because I hadn't typed a period yet when I hit tab, but was obviously near the end of a sentence..",6,7,6,7,85,6,
8/18/2021 7:19:03,A2ONILC0LZKG6Y,84b6f64b8ee84162927b65fe69374fa0,Yes,6,6,1,6,6,4,"A couple of time when I had ended a paragraph/speech block and hit enter to move down to the next line, the system didn't have any suggestions for me to start the new paragraph, which was weird.",6,6,6,6,80,6,
8/18/2021 7:56:24,A2ONILC0LZKG6Y,c28981a2c8af4ccdb127d3a74ca363ac,Yes,6,3,3,5,3,3,"The suggestions just weren't very creative this time, and seemed to be similar even when I asked for suggestions at different point in the story. They weren't bad, just not very creative or helpful.",5,4,5,6,95,6,
8/18/2021 12:41:07,A2ONILC0LZKG6Y,06209e0aab79451d994d756ff3542754,Yes,6,5,2,6,6,4,"I tend to like to write stories with a twist and this prompt definitely seemed to be headed in that direction from the beginning, but all of the AI suggestions were very straight laced, as if it was a serious drama of the week I was writing, so it never really caught onto ""tone"".",5,5,6,6,85,6,
8/18/2021 13:59:16,A2ONILC0LZKG6Y,2043279d646845e9b3875b5d0a66d610,Yes,6,5,2,6,6,6,"I feel like it would be helpful if it could suggest more ""wrap up"" type suggestions - my main problem is that I just keep going and going and don't know how to provide an ""ending"" even when the main plot is done. So some suggestions with a bit of finality in them would be cool.",6,5,6,6,90,6,
8/19/2021 7:39:25,A2ONILC0LZKG6Y,a083b39bf3744dcb9cf43434322dbe1b,Yes,6,6,2,6,5,6,"I noticed that it kept making the same/very similar suggestions at different points in the story. They were technically correct suggestions as they fit both story and grammar wise, but it wasn't very helpful.",6,4,6,6,70,6,
8/19/2021 8:16:03,A2ONILC0LZKG6Y,6d202d48002c43bcaf2d3bd441a3a757,Yes,6,6,1,6,6,6,"I think it did fairly well this time. On a technical level, I wish there was a way to go back to a set of suggestions. I had a weird hand twithc happen and I ended up double tapping tab at one point. I had just enough time to see a suggestion that was interesting in the first set before it was replaced with the second set of suggestions, which were less interesting.",6,5,6,6,85,6,
8/19/2021 8:49:25,A2ONILC0LZKG6Y,c099bd036e4845fb9f52fca38141ac93,Yes,4,4,3,4,5,3,"A lot of the suggestions, even towards the end, seemed more like set up for the start of a series of stories, things like ""The story was told as a series of vignettes"" and ""The comic series was written by..."" Not very helpful (especially towards the end)",5,5,6,6,90,4,
8/19/2021 9:50:32,A2ONILC0LZKG6Y,e192ae618004434e80f6d9ac86b84b05,Yes,5,5,2,6,5,4,"I think the system missed out on a detail that was not explicitly stated in the beginning, but most human readers would have gotten. Missing that lead to suggestions that ran counter to the story I was writing, and it wasn't until I wrote an sentence explicitly saying something that the suggestions started fitting again.",4,5,6,6,90,5,
8/19/2021 10:31:49,A2ONILC0LZKG6Y,87c2c42b2a80400ebcedfacc68b767ef,Yes,6,6,2,6,5,6,"I don't really have any specific suggestions this time. It wasn't the most creative, but it did help move things along.",6,5,6,6,85,6,
8/19/2021 11:39:33,A2ONILC0LZKG6Y,e416e61f2c7340c39290176e896de226,Yes,6,5,2,6,4,5,"The suggestions started out really weird, like ""Book Title was published in 2010."" They got more relevant later, but weren't very creative.",5,5,6,6,90,5,
8/20/2021 9:04:54,A2ONILC0LZKG6Y,bb4c49c8ca6d4b818262cf983e1e2a84,Yes,6,6,2,6,6,6,On at least two occasions all of the suggestions in a block were essentially the same with only tiny variations.,6,6,6,6,70,6,
8/20/2021 9:34:57,A2ONILC0LZKG6Y,fc9761dd283c460c850fe1733c62247a,Yes,6,6,2,6,5,6,"Most of the suggestions, until deep in the story, really related mostly to the initial 2 prompt/starter sentences even though I went in a very different directions. It would have been nice if the AI could catch on to my writing faster.",6,6,6,7,85,6,
8/23/2021 7:19:44,A2ONILC0LZKG6Y,3a7d0ac2d9c044318903ed715b695d35 ,Yes,5,4,3,6,5,5,"I don't know if it was a glitch, or just the way I was writing, but several times the message ""no suggestions right now"" popped up.",5,5,6,6,90,5,
8/23/2021 8:34:54,A2ONILC0LZKG6Y,1dce7d7b27c34344b7093ba3dc4e47ef ,Yes,5,3,4,6,4,3,"THe suggestions were just pretty repetitive, and not going in the same direction I was writing. They used the relevant words, but not in a way that followed the plot.",5,4,5,6,95,5,
8/23/2021 11:00:17,A2ONILC0LZKG6Y,a96faa69af9e4ad4a252760ed12177aa ,Yes,5,4,3,6,3,4,"Several time the suggestions weren't very creative, and/or all of the suggestions in a given block were nearly the same and too simple. It got better the more I wrote, but at that point I had a story already laid out in my head. More creative suggestions in the beginning, even at the risk of being illogical, would have been helpful.",5,6,6,6,85,6,
8/23/2021 19:27:49,A2ONILC0LZKG6Y,67e2ebb79ef7428db8828883d135c55f ,Yes,6,6,2,6,6,6,"These ones were pretty good. a few of them were counter to things I had already written in a weird way, but that wasn;t necessarily bad as it made me think about what I had already written and how it might change.",6,5,6,6,80,6,
8/23/2021 20:24:54,A2ONILC0LZKG6Y,8aaeed79e40d463dbc24a84ec0784b64 ,Yes,6,4,3,6,4,5,"The suggestions this time were a mix of very obvious plot direction, and ones that completely contradicted the initial prompt/what I went with. For some reason, even though the initial prompt said I hadn't gotten the drug, a number of suggestions all revolved around me having gotten the drug. ",6,6,5,6,90,5,
8/24/2021 8:35:06,A2ONILC0LZKG6Y,d9905c44ab9a4489a89581f052f34624,Yes,6,6,2,6,5,5,"I feel like the range of suggestions got narrower as the story progressed, but not necessarily going in the direction I was. Also, a lot of the suggestions seemed more like filler, rather than creative ideas to help me move forward.",6,5,6,6,85,6,
8/24/2021 9:22:17,A2ONILC0LZKG6Y,ec24291e0d4249d3bfe149ccf6d836bb,Yes,6,6,1,6,6,6,"I didn't notice any major flaws this time. Just once where it had nothing to offer, even trying tab a few times.",6,6,6,6,80,6,
8/24/2021 9:55:27,A2ONILC0LZKG6Y,65002bc1af0b4d27a1b05e85d0090955,Yes,6,6,2,6,6,6,"Nothing seemed off this time. I liked that suggestions were man incorporating minor characters that I had not used in a while, it was a good reminder they were there even if I didn't use the specific suggestion.",6,6,6,6,80,6,
8/24/2021 13:05:18,A2ONILC0LZKG6Y,ead266bd00fd4423be98ad8176af3a17,Yes,6,5,3,6,4,5,"It started out pretty well, but about 2/3 through it was almost like it had decided where the story should go and only offered suggestions along that line. Unfortunately that was not the way I wanted to go.",5,5,5,6,85,6,
8/24/2021 13:20:06,A2ONILC0LZKG6Y,13e995bed7f54f46a51f8dea2fd99c16,Yes,6,6,2,6,6,7,"I really don't have any improvement suggestions this time. All the suggestions fit well, were diverse and creative enough, and followed the tone I set for the story. ",7,6,6,6,80,7,
8/24/2021 13:43:12,A2ONILC0LZKG6Y,d9389125a7624e34a2fde4243f88bdd6,Yes,6,5,2,6,5,6,"I feel like some of the best suggestions came a couple of paragraphs too late - after I had already moved on to another point. Though, that would probably actually be helpful if I was writing a story for a purpose, since I could go back and revise with better ideas as I went.",6,5,6,6,80,6,
8/24/2021 18:25:56,A2ONILC0LZKG6Y,6fd6bb19857c4f5d9d615b349fe6087b,Yes,6,5,2,6,5,5,"It would be nice if I could pick a theme or tone at some point and have the suggestios angled in that direction. I tend to want quirky, or twisty, or satirical feels and mostly of the suggestions are fairly straight laced.",5,6,6,7,85,6,
8/24/2021 18:43:36,A2ONILC0LZKG6Y,dfbab4c8263444ef9d9e9d25e3e581f4,Yes,6,4,3,6,4,3,I don't thing the system is good at stories with a humorous bent; certainly not at helping them progress. All the suggestions were either contrary to my direction or mere filler. ,4,5,5,6,90,4,
8/24/2021 19:20:04,A2ONILC0LZKG6Y,fb763e77cfa94c7180537892300832e6,Yes,6,5,2,6,5,5,"I don't have any specific suggestions this time. I had decided the path about halfway through, which made it a bit harder to incorporate the suggestions I asked for. ",6,5,6,6,85,6,
8/25/2021 10:44:47,A2ONILC0LZKG6Y,3969517100834dbc813b628a27fed790,Yes,5,5,5,5,5,5,"I feel like the story got the characters, or at least the characters place in the story, mixed up a couple of times. ",5,3,5,5,70,5,
8/25/2021 11:07:08,A2ONILC0LZKG6Y,d92b90266d8444da9623553a6370cbb8,Yes,6,4,6,6,3,4, Almost none of the suggestions seemed to help move the story forward. Most of them were  just restatements or slight elaborations on things I had already typed. ,5,2,5,5,70,4,
8/25/2021 13:46:11,A2ONILC0LZKG6Y,72b49bf3c2434ea498475566e09690fb,Yes,5,3,4,5,3,3,"The grammar was fine, and I suppose the suggestions were reasonable. But they were boring and all seemed to follow a preset story idea (not mine) that wasn't very creative.",4,4,5,6,90,5,
8/25/2021 16:01:36,A2ONILC0LZKG6Y,f6dc009e6d5c4c03a667ca201438077a,Yes,6,4,4,5,4,4,"A few times it only offered a couple of almost identical suggestions. Even a bit a random suggestions would have been better than just two thing that were essentially "", said X"" ",6,4,5,6,90,5,
8/25/2021 16:24:36,A2ONILC0LZKG6Y,c039bcb6f714453da0b08e92e1000f8d,Yes,6,5,3,6,5,5,"It wasn't very creative, but the filler type lines it provided were pretty good. ",6,6,6,6,85,6,
8/31/2021 8:44:46,A2ONILC0LZKG6Y,fe73becf5e134d409a307434472d083b,Yes,6,5,3,6,5,4,"I didn't notice anything specific this time; they seemed overall adequate and average. Not astounding, but not useless, not totally repetitive, etc.",6,4,6,6,85,6,
9/3/2021 8:52:47,A2ONILC0LZKG6Y,3d97d6e505e24a4a9f6b90623a8dd53b,Yes,6,5,3,6,6,4,"I felt like the AI decided early on what direction it wanted to go (or more likely where it thought I wanted to go) and kept giving suggestions along those lines, though I was going on a slightly different path. Also, a lot of the suggestions seemed more like filler or extensions rather than new ideas or ways to move forward.",6,4,6,6,85,5,
9/3/2021 11:10:25,A2ONILC0LZKG6Y,9161cb7544bf4fca8c796ee3c5b6b150,Yes,6,6,2,6,6,6,"I think they were pretty good this time. By the end they were getting a little boring/more filler than helpful, but that was probably because I had already decided how to proceed and finish the story.",6,6,6,6,75,6,
8/16/2021 15:16:45,A2OVOVZBJYUO,ddb30c809dfe47f8b0d0c10147b240b4,Yes,6,6,3,6,6,5,Not really.,7,4,5,5,60,7,
8/17/2021 20:53:50,A2OVOVZBJYUO,b1764d1ab84a4d23a983a53fff269aed,Yes,6,6,2,6,6,6,none that I can think of.,7,6,6,6,70,6,
8/19/2021 14:38:36,A2OVOVZBJYUO,949e2852c2a74afa83eb332ccd301159,Yes,5,5,3,5,5,5,These suggestions didn't seem as entertaining as some of the previous ones I have seen.,6,4,4,4,80,6,
8/22/2021 15:05:14,A2OVOVZBJYUO,ee760edb666e4f46aedee408975a9c9d,Yes,6,4,3,5,5,5,At one point it only had one suggestion for me.,6,3,6,6,85,6,
8/23/2021 21:51:17,A2OVOVZBJYUO,200b5a62bded44f6ba8320c117bee58a ,Yes,7,5,3,4,4,6,"It didn't have any suggestions for me for a lot of the story, and once it suggested ""Bibliography""",6,4,4,6,85,6,
8/23/2021 22:04:14,A2OVOVZBJYUO,5221640d7c074d4a88f42e3891135350 ,Yes,6,6,2,6,6,6,It was very good this time. I especially liked the Bambi part at the end.,7,6,6,5,65,6,
8/23/2021 22:28:05,A2OVOVZBJYUO,301899b1e6be4d77b5995d94546a55ed ,Yes,7,7,4,6,7,7,The suggestions I received were relevant and well written.,7,5,6,5,70,6,
8/28/2021 20:53:43,A2OVOVZBJYUO,c6f6096483ef447ebcdccc2fa16ce0b7,Yes,6,6,3,6,6,6,The suggestions were very on-subject.,6,5,6,6,65,6,
8/28/2021 22:55:45,A2OVOVZBJYUO,047a25c3382c42999ceb1c78f6ebd524 ,Yes,4,1,4,2,2,1,Pretty much every suggestion it gave me would not have fit in my story.,4,4,4,6,99,6,
8/29/2021 22:19:41,A2OVOVZBJYUO,1745a412b5cb4638b35b9f6f63eb3e0b,Yes,5,4,4,4,4,4,Some of the suggestions did not make sense for my story.,6,4,5,5,90,6,
9/5/2021 16:08:28,A2OVOVZBJYUO,f8bc132e150846b18cfe36d6b9ad5ca5,Yes,5,3,3,5,5,5,It didn't have any ideas for me once.,6,4,5,5,80,6,
9/5/2021 16:21:26,A2OVOVZBJYUO,ceaefdd012e2487990dd4fc021233919,Yes,6,6,3,6,6,6,The suggestions were all very good.,6,5,6,6,75,6,
9/5/2021 16:36:54,A2OVOVZBJYUO,5d34143f64fc4820b7d4a53c85deac45,Yes,6,6,3,6,6,6,The dialog suggestions were great.,7,5,6,5,65,7,
8/15/2021 22:46:15,A2OVX9UW5WANQE,adac0650634f4228bdd483b8ce1f52ea,Yes,7,5,3,6,5,6,I thought they were good.,5,4,4,5,85,5,
8/15/2021 23:17:39,A2OVX9UW5WANQE,4ba0ab41e7a6458eacf213c24050ade3,Yes,4,3,4,3,3,4,Some were irrelevant. If I went to a new paragraph it got worse.,4,3,4,5,90,5,
8/15/2021 23:50:49,A2OVX9UW5WANQE,d99c239ccb2841f6bfe743f865126332,Yes,6,5,2,5,4,5,"I wished suggestions had given me more concepts, actual places to take the story",5,3,4,6,90,5,
8/16/2021 0:23:12,A2OVX9UW5WANQE,0676be9886614881a7c2f933ef80337e,Yes,5,4,3,5,5,5,"none really, these were good, they were odd sometimes but creatively good",4,4,4,5,70,5,
8/16/2021 3:05:57,A2OVX9UW5WANQE,3fa1c25393bc47dfb78329c8ce55857f,Yes,4,3,3,4,4,3,The suggestions were more for a review of a story than an actual story,3,4,4,6,80,5,
8/16/2021 4:03:10,A2OVX9UW5WANQE,d84e8db741bf49589f2f86663fbea879,Yes,6,6,5,5,5,5,none these were good suggestions,5,6,6,5,75,5,
8/23/2021 5:55:58,A2OVX9UW5WANQE,e2ccab5b997f4aa19f39ffdb86be4151,Yes,6,6,2,6,5,6,none,6,6,5,5,70,5,
8/23/2021 6:40:51,A2OVX9UW5WANQE,2498ee9c53db4a8ea651ea2b95501ef4,Yes,4,2,5,4,2,4,More creative suggestions that move the story along,3,3,4,5,75,4,
8/23/2021 7:11:14,A2OVX9UW5WANQE,ec682476ef21423390873e912f6006ae,Yes,4,3,5,3,3,2,Suggestions were more like reviews of something that story ideas,2,3,5,6,80,4,
8/23/2021 7:57:56,A2OVX9UW5WANQE,173cae0bcc714ba29bfeab4004d7fa85,Yes,4,3,4,3,2,2,They could be more creative and in the style of a story.,5,4,3,5,70,4,
8/23/2021 8:42:37,A2OVX9UW5WANQE,8a74fe9a415d47ae8b92897ef9554e2b,Yes,6,6,2,6,6,6,"None really, maybe more on topic",5,6,6,6,80,6,
8/23/2021 9:09:48,A2OVX9UW5WANQE,e94df2820e7644688623158f859d77ec,Yes,5,4,4,4,5,5,Less references to a book or movie or something.,5,6,6,5,80,6,
8/23/2021 9:46:48,A2OVX9UW5WANQE,e90a5ce2d98548a997fb8c3ab2213483,Yes,5,3,5,3,3,3,Suggestions that set up the next event better,4,4,5,6,85,5,
8/23/2021 10:43:29,A2OVX9UW5WANQE,8db452c23eba4955b778ef8e1f992d40,Yes,5,5,2,5,4,5,More complete thoughts that lend to the story progression,4,5,6,5,80,6,
8/29/2021 8:11:13,A2OVX9UW5WANQE,aa563d648ec34088a3e6d3924b53cffe,Yes,6,4,4,4,4,5,some suggestions were more of a review than a story generation,5,6,6,6,85,6,
8/29/2021 8:36:11,A2OVX9UW5WANQE,19feecc6b31445ca884ab5a9363975e8,Yes,6,5,3,6,5,6,There could have been more creativity and variety,5,4,5,6,70,6,
8/29/2021 8:55:23,A2OVX9UW5WANQE,26091bf5237b4586b9417be5d4ce7484,Yes,4,3,2,5,4,3,More suggestions to form an ending.,4,6,5,6,80,6,
8/29/2021 9:50:35,A2OVX9UW5WANQE,9750cd5d84274f9b8135be2e8fa8cc6d,Yes,2,1,6,2,2,4,more creative ideas and less repetition of ideas,3,3,2,4,90,4,
8/29/2021 10:29:34,A2OVX9UW5WANQE,377cda39f77d4be6bc47879d076b79d0,Yes,4,2,4,4,3,4,"more variety in suggestions, more story telling than reviews",5,4,5,6,80,5,
8/30/2021 5:23:06,A2OVX9UW5WANQE,05b655163b1e4e38b76c2785a0aea5bb,Yes,4,3,4,3,2,3,more variety in the suggestions,4,3,5,6,80,5,
8/30/2021 5:51:57,A2OVX9UW5WANQE,50e2383a31544349adae9a66d596cdf6,Yes,4,3,3,5,4,4,more variety and creative suggestions,4,5,6,6,85,5,
8/30/2021 6:40:23,A2OVX9UW5WANQE,2f923aba101d46dc9bfca5a6664342d7,Yes,7,7,2,7,6,7,more variety,6,6,7,4,60,7,
8/30/2021 7:27:45,A2OVX9UW5WANQE,820a0ffa457343b2a3d1e69a48d604e8,Yes,4,5,4,4,4,5,more variety in suggestions that took the story more directions,6,5,5,4,90,6,
9/5/2021 8:06:01,A2OVX9UW5WANQE,35399d7a3a994ff2a0425b156a33b2d7 ,Yes,6,5,3,6,5,6,less repetition,4,5,5,5,80,6,
9/5/2021 8:28:25,A2OVX9UW5WANQE,00d39011efcb4533ab12076801f74f42 ,Yes,5,2,4,4,3,5,more inspiration based on my ideas,4,3,4,6,85,6,
9/5/2021 8:45:25,A2OVX9UW5WANQE,ecdf98683b6641e3b99127df3ee66854 ,Yes,5,4,2,4,4,4,more helpful story ideas,3,3,4,5,65,5,
9/5/2021 11:31:12,A2OVX9UW5WANQE,f3e888eebc91402e9a4b5266ea5c6389,Yes,5,5,3,6,5,5,more detailed storyline,5,6,5,5,75,6,
9/5/2021 15:57:05,A2OVX9UW5WANQE,f11975fed1994467a041c56aab447dcb,Yes,6,5,2,6,6,6,more story development like characters and plot,6,6,6,5,60,7,
8/24/2021 10:57:13,A2PLJREKV92BZN,d82fbce7f1c14deb8d72cde551f2c1a8,Yes,7,7,2,6,7,5,I think it could have helped me write a better conclusion. ,6,7,6,7,90,7,
8/15/2021 17:24:45,A2QKAA5YS0P4CI,499f9577962c4a2c98aee3f5b6098a71,Yes,7,7,1,7,7,7,"Everything went very well and I don't think that the system needs any improving, it worked perfectly",7,7,7,6,90,7,
8/16/2021 10:42:31,A2QKAA5YS0P4CI,d751bbe533c947da999264d16545705d,Yes,7,7,1,7,7,7,The AI system worked perfectly and the suggested lines worked perfectly with the story that was already in progress. The suggested lines enhanced the story that I had going,7,7,7,7,98,7,This is a wonderful product that would be well used by many people
8/25/2021 13:09:22,A2QKAA5YS0P4CI,fb0562d64a314d2088af7d18ea7dc210,Yes,2,2,6,2,2,4,"The system kept giving me the same general suggestions over and over. The system was not specific enough, it just kept saying the same thing and giving the same suggestions",3,7,3,7,90,3,
8/15/2021 17:22:29,A2QX3YJXAAHHVV,36bc101319da4b3590b96bce76f7c02c,Yes,7,7,1,7,7,7,It gave me scoring and scene credit writing tips.,7,7,7,7,50,7,
8/16/2021 6:04:32,A2QX3YJXAAHHVV,a6fdd2b52268416d9b3ebf015fa82e18,Yes,6,7,1,6,7,6,"I kept getting book and movie title recommendations. There was also a blank box that said ""type""",7,7,7,6,30,7,"The system can almost write an epic fantasy prequel by itself! It did suggest Book/movie titles, and scoring options, that were not helpful. "
8/16/2021 8:35:36,A2QX3YJXAAHHVV,b978d5f14d4e4a5291d28757a84f0796,Yes,6,7,2,5,6,6,"It seems to have a tendency to use a passive, or 3rd person tone. The style could be made to be more active. ",7,7,7,6,50,7,"There are so many MOVIE TITLE NAMES/RECOMMENDATIONS!
This AI wants to title your story as a movie, and seems to lean on fantasy/magic elements."
8/16/2021 8:53:21,A2QX3YJXAAHHVV,641b82584ed44b07b06840e2d0d9e75b,Yes,6,5,2,4,5,5,"It ran out of ideas, and I had a Google popup saying no suggestions. The story was very meta, different versions of myself, so it may have confused the AI. ",5,7,6,7,80,7,The multiple self storyline may have confused the AI. 
8/16/2021 9:11:39,A2QX3YJXAAHHVV,2f8c2905bd764dd1a70ed96115e75edb,Yes,5,6,2,4,4,6,"The Ai didn't want to expand on features, the description of things. I cycled through several times. ",6,6,6,6,90,7,"I ran into the ""System has no recommendations"" twice in this session. It seems to want to make everything magical/fantasy. Location descriptions seem to be a weakness. "
8/16/2021 9:27:54,A2QX3YJXAAHHVV,bf739551dea348c48635d2fbabb51ed3,Yes,7,7,1,7,7,6,"The AI had a very quick, whimsical change of pace/tone. It was like taking a serious, introspective look, and just introducing Tim Burton and magical elements to it.",7,6,6,6,30,7,"The AI didn't follow my lead, but came up with an amusing twist all on its own. Unintended, but not unappreciated! I enjoyed it!"
8/16/2021 14:06:32,A2QX3YJXAAHHVV,c72d65250b4f4c1193e2f089afe9429c,Yes,7,7,1,6,7,7,"The prompts were great. I was going for a dystopian horror theme, and it played right along! It needs to work on specifics to flesh out the story environment. ",7,7,7,7,60,7,There seems to be a high amount of suspense/magical/fantasy bias toward the stories.
8/16/2021 14:23:49,A2QX3YJXAAHHVV,17f65e14d6ab4f7596367a394daf3f82,Yes,7,7,1,7,7,7,"Many of the points of this story seemed cliched. I largely let the AI go its own direction here, and it read more like a movie plot, than its own short story",7,6,7,5,30,7,"The AI has a tendency at times, to use passive voices, synopsis-style writing instead of active voice. While it still is a short story, it feel like an IMDB page, and uses terms from copyrighted fantasy games e.g., the Swarm, ""Alliance and Horde"" from Warcraft for example."
8/16/2021 15:08:03,A2QX3YJXAAHHVV,e473eeedb2ed40038c043c95303a990e,Yes,7,7,2,6,6,5,"The Ai seemed to struggle with conversations between people, giving suggestions for good pointed/natural responses. ",6,7,7,7,80,7,The dialogue suggestions here seemed a little weak. There were not many natural or free-flowing conversational responses generated for a human interaction
8/16/2021 15:42:26,A2QX3YJXAAHHVV,562cda138b314c97b21ba43f691b79ec,Yes,7,7,1,7,7,7,"The Ai did a great job in helping determine what I intended to write. I mentioned heaven, and they came through with strong adjectives like soft wings, soft light, slowing robes etc. ",7,7,7,6,50,7,The Ai always wants to talk in 3rd person or passive tones-it's not as energetic as it could be. It also had some very cliched responses. 
8/16/2021 15:59:38,A2QX3YJXAAHHVV,c0bda7b135404137b66b5ade3bf1c8bc,Yes,7,7,2,6,7,6,The Ai seems to have a weakness in continuing personal conversations. It has issues generating a natural response/flow in emotional situations. ,7,7,7,7,80,7,"Sometimes I am impressed by the detail and continuations of the AI. It opened the conversation scene normally, as a human wood. Then it promptly went off the rails with redundant and hilarious alternatives!"
8/17/2021 13:40:33,A2QX3YJXAAHHVV,d4a9f1685bf541d29e96abe560ef4589,Yes,7,7,1,7,7,7,"The Ai was very good, and created the high priest character all by itself. It wanted to describe everyone as having long and flowing (robes, beards, or hair).  ",7,7,7,6,60,7,The Ai seems to have weaknesses in descriptions and dialogue. Everything else worked great!
8/17/2021 13:56:31,A2QX3YJXAAHHVV,3ca31115e49946af820f4e5c6cc31311,Yes,7,7,7,7,7,3,"The AI got stuck in a loop of the wolf saying he'd eat the pig, and her saying that he wasn't. It choose a zany tone, and had some hilarious twists!",7,6,6,5,30,7,"The AI came up with some genuinely hilarious quotes. ""I'm going to haunt your dreams, and your nightmares, and your waking hours...and your bathroom breaks.""  is amazing. This whole story felt like something Trey Parker/Rick and Morty dreamed in an drug trip, lol.  I tried to lighten it up, cause it discussed mature themes. "
8/17/2021 14:12:09,A2QX3YJXAAHHVV,626255ec39a349df84e75196a01c9e55,Yes,5,2,7,4,3,2,"The Ai seemed to struggle in dialogue. It used the phrase ""And the (pig or wolf) was like..."" every sentence in the conversation. It felt like a teen narrating! ""Like, he did this, and like, she was like, no, like don't"" ",5,6,7,3,50,7,The Ai had some issues making natural sounding/logical conversations between two characters.
8/17/2021 14:31:20,A2QX3YJXAAHHVV,11142ca391e749809df56da90091adb4,Yes,7,6,1,7,7,4,"The system got stuck on giving the pig cancer. Multiple times. It twice only had rows with options of giving the pig cancer, and the getting cancer again. It went super dark quickly, even when I tried to lighten it up. Poor pig. ",7,6,7,7,20,7,"Apologies if this story is too dark/triggering!!!!!! I decided to let see where the Ai would go, without much character dialogue, as it told the story. It wanted the wolf to boil/burn/slaughter the pig, and then give it cancer from the uranium. I lightened it up a little bit, but it went dark quickly! Ai also doesn't understand how Radio antennae work, but it was humorous, so I left it in to contrast with the other darker elements!"
8/17/2021 14:50:05,A2QX3YJXAAHHVV,65c928cb0ce8466fa757955c2d32814b,Yes,7,7,1,7,7,7,"After the pigs dropped the wolf in the river, he might be wet, cold, shivering, frightened etc. The AI only gave the option of him being angry. It seemed to have a weakness on emotiona reactions to situations. ",7,7,7,7,70,7,"Ai did a great job of writing things in story-form, but wants to put things in passive tense. Conversation follow-ups seem unnatural. "
8/18/2021 6:19:56,A2QX3YJXAAHHVV,36a7437e63c64ad99a8e4cc9433a7be1,Yes,7,7,2,7,7,7,"The Ai wanted to write the story like a IMDB review. It also kept wanting to add ""This film was adapted by Amazon/MGM etc. It also used character names from Sons of Anarchy, Jack Bauer, Hunger Games, and other pop culture franchises. ",7,7,7,7,60,7,The tone can be changed to be more active. The AI seemed to be ripping character names from popular franchises. 
8/18/2021 6:46:36,A2QX3YJXAAHHVV,7b2436bbf42d4c529fdcc62a83329e83,Yes,6,7,2,6,6,7,"The Ai did a great job on the overall concept (Matt Damon fans pressuring the alien into releasing him), but the specifics were more difficult for it. It didn't want to paint a detailed pictured, but rather give a drier synopsis",7,5,7,5,40,7,"The AI struggles to give natural flowing scenes, or dialogues without repeating itself. "
8/18/2021 7:09:49,A2QX3YJXAAHHVV,609f971913b14a89b36076dc038bf02f,Yes,7,7,1,7,7,7,"The Ai wanted the story like a movie description page.  It had some great ideas, but had some cliched notions about China. It could be more active, personal, and original with key countries. ",7,7,7,7,50,7,"I love some of the ideas from the AI-Geriatric grandparents fighting a corrupt government is a show I'd watch! The Ai writes things like movie reviews, which could be very intriguing if brought to the big screen!"
8/18/2021 7:45:54,A2QX3YJXAAHHVV,88daaed513824fbd9c77746eec7862d9,Yes,7,6,4,6,6,7,"I let the Ai choose the direction, and the plot it chose seemed very familiar. ""New Jerusalem"" seems very cliched. I Googled some of the suggestions, and they were just plots from Matrix, Walking Dead, and other post-apocalypse dystopian shows. ",7,7,7,3,30,7,"The AI wanted to make suggestions related to meta-data e.g., ""This show was adapted by MGM, and grosses $400 million, or talking about who it starred. "
8/18/2021 7:52:40,A2QX3YJXAAHHVV,88daaed513824fbd9c77746eec7862d9,Yes,7,7,4,7,7,7,"The Ai used several names from Matrix, Walking Dead, and other post-apocalyptic shows. It tried to put in movie data (adapted by MGM, box office $40 mil, etc.)",7,7,7,6,30,7,"The AI wants to write thing like a critical review/explanation. The themes seemed vaguely cliched (New Jerusalem, religious leader controlling survivors)"
8/18/2021 9:45:29,A2QX3YJXAAHHVV,f878effe792c4076a90bf4b69daf33e7,Yes,6,7,1,7,7,7,"The Ai kept wanting to put phrases like ""This film was adapted, this book was written, this story first published, etc """,7,7,7,6,70,7," The AI did an excellent job of portraying an emotional scene between two grandparents. It often wanted to title and self-reference the story, e.g. ""This is the story of X by X"""
8/18/2021 10:03:19,A2QX3YJXAAHHVV,0701c34e77564a46accbddb80138116c,Yes,7,6,1,7,7,7,"I am not sure the AI understood hostage situations, and I had to write a natural trade situation (Trade X, get hostage back). It did however, have funny ideas about trading him for plastic, haha. ",7,7,6,7,70,7,The grammar and tenses often seemed to revert back to passive voice. 
8/18/2021 10:23:32,A2QX3YJXAAHHVV,8610d3166aea4491b673112459745fc1,Yes,6,7,1,7,7,7,"The AI had issues with tone, and seemed to wanted to be all 3rd person, omniscient narration. It's less engaging than first person, active verb tenses. ",7,7,7,7,50,7,"The Ai did a great job of detailing the abilities and spells of the knights, giving them a fleshed out background. When I switched to first person perspective, it ran out of good advice. "
8/18/2021 11:30:38,A2QX3YJXAAHHVV,5fe6fd486c824ec9ae9f7a5cfe422491,Yes,7,7,1,7,6,7,"The AI struggled a bit with our conversation with the bee. Its responses was stilted and unnatural. It, however, had the grand revelation that evil wasps had taken over our mothers body. ",7,7,7,7,70,7,"The Ai loved to put a conspiracy spin on the story. Fantasy seems to be its choice. Of course wasps had taken over your mother's body, and that's why she kept you indoors. "
8/18/2021 11:49:20,A2QX3YJXAAHHVV,931c030acd5e41b1bfac856da1aeb8e3,Yes,7,6,1,7,7,6,"When in a conversation, the Ai can ""Loop"", and keep having the characters say the same thing to each other, instead of creating new dialogue",7,7,7,7,40,7,"I tried to let the Ai write the conversation between Obama and JFK, but it just really struggled to make it sound natural. It also wants to introduce space/sci-fi/fantasy/magic into most stories. "
8/18/2021 12:21:14,A2QX3YJXAAHHVV,ca8ad78852e7427598cb82fa420483b4,Yes,7,7,1,7,7,7,"The Ai used cliched phrases. ""Zom-B-Gone"" is a term that has been used from Powerpuff girls/Call of Duty etc. ",7,7,7,3,10,7,"I let the AI go its own way here, with hilarious results. I never would have put Lee Harvey Oswald and Obama vanquishing zombies in a Kansan town with magic sticks, but the Ai did! This type of narration/passive story seems to be its strength. "
8/18/2021 12:43:16,A2QX3YJXAAHHVV,61365e6b13164a04b33e0c5b18aa73c8,Yes,7,7,1,7,7,7,"The AI strongly preferred fantasy elements over more realistic ones. This is creative writing, but it may be useful to have some more current, fiction prompts set in our own time so we don't need to resort to magic/super-tech/fantasy for every story. ",7,7,7,6,60,7,"The verification button on the bottom takes a second to load. It might be useful for it to say ""Transmitting""/ ""Saving"" etc so we know it's working!"
8/18/2021 14:22:27,A2QX3YJXAAHHVV,66a790d09bc345608cb23e4bed92bd7a,Yes,2,5,4,2,4,2,"This was a very buggy writing session. There were so many irrelevant notes, that perhaps this theme was following a movie. ""This film was filmed in the Czech Republic"" ""Adapted for screen in 2013"" ""This is a story by"" etc suggestions that had nothing to do with the plot. ",4,7,7,6,80,6,"Writing in this tone seems to trigger the AI to prompt ""author/creation/filmed in"" hints, not useful suggestions. "
8/23/2021 6:11:42,A2QX3YJXAAHHVV,e473b59b1628452f9d7ac68bea6d36ff,Yes,7,7,1,7,7,7,"The AI did a good job here. Aside from saying ""This is a book by.."" ""Available on Amazon"" It had no issues with providing good prompts. ",7,7,7,7,80,7,"AI wanted to credit random websites/authors/producer for this, perhaps based on the phrase ""Lost generations"""
8/23/2021 6:29:20,A2QX3YJXAAHHVV,f4726c879c9d4e43ab6a63a3d732a988,Yes,7,7,1,6,7,7,"Gender continuity issues in suggestions, and natural flow of character dialogue can be made smoother, otherwise good!",7,7,7,6,70,7,"The AI had my kid tell me I was the ""best mom and dad in the house""  I'm hermaphrodite, I'm like an Earthworm parent, I guess! It struggles slightly with the naturalness of the conversation between people, but otherwise was great and hilarious!"
8/23/2021 6:47:37,A2QX3YJXAAHHVV,233f1efcf0274acba92f46bf2f8766d2,Yes,7,7,1,7,6,5,The suggestions didn't have many creative dialogue options for the bee explaining her plans/why I was queen,7,7,7,7,70,7,"The AI struggled a little in explaining why the character was queen of the bees, or what they wanted her to do. It has had conversational issues previously, having a hard time explaining or clarifying statements/questions, and following a natural human flow. "
8/23/2021 7:11:06,A2QX3YJXAAHHVV,1e6ecfa3fa7c4fd7ad7c10470546f654,Yes,7,7,1,7,7,7,"The Ai had many cliches-James Bond/Austin Powers plots, Russians=bad, a ""doomsday device"", and many rude/negative things to say about Trump. ",7,7,7,6,40,7,"The AI had many cliched suggestions. It also got stuck in a paraphrase/small changes only loop. ""They're afraid of the way the world is changing. They're afraid of the way the world is becoming more open and free. They're afraid of the way that people are becoming more educated and more connected. They're afraid of the way that people are becoming more individualistic.""

"
8/23/2021 7:39:13,A2QX3YJXAAHHVV,ccb5736dcef54a36af942d6f7b06ed82,Yes,7,7,1,7,7,7,"Everything worked well here, if a little gory at the end. The AI had some very creative twists. ",7,7,7,5,60,7,Enslaved bees gaining their freedom by killing a tyrant who wanted them to build the biggest palace in the multiverse. Yep. Hilarious/Dark/unexpected. 
8/23/2021 7:55:38,A2QX3YJXAAHHVV,01650a401e614c38a04a904165a5784f,Yes,7,6,1,6,7,7,"The AI had some good additions to a dystopian storyline. It seems to have tendencies to have the story read like a Movie review, a narrative, with less first-person narration/active voice. ",7,7,7,6,60,7,"AI really likes to write in IMDB overview style, with omniscient narration, and passive tones. Great content/story ideas. "
8/23/2021 8:24:45,A2QX3YJXAAHHVV,5370cd5a21e94475b4768b176e1014b2,Yes,7,6,1,7,7,4,"The Ai kept wanting to add new elements and themes to the story. We already have spirits, famous dead people, secret missions, presidents, and demonic possession. A human writer would probably expand on those topics, without needing more new and crazy twists. ",7,5,7,4,30,7,"This was a wacky ride, with several twists and turns. I let the AI dictate pace and direction, and it chose a zany supernatural route. "
8/23/2021 8:43:15,A2QX3YJXAAHHVV,7fbc70830a944d02af8a809cc8a5111b,Yes,7,7,1,7,7,7,"Occasionally, the AI gave double punctuation. It ended several sentences with both period and exclamation marks. (.!)",7,7,7,2,10,7,"This was one of the times where the AI found its groove, and wrote a crazy story, while you sit back and watch. It had some great twists, such as God redeeming the pigs, and the biblical ""And God saw that it was good"" twist. I was dying of laughter at the image of a respectable God saying ""Tough Titties"" to a wolf. "
8/23/2021 9:25:50,A2QX3YJXAAHHVV,6fb96c88e7b942e6b225baa611dd9738,Yes,6,5,3,7,7,7,"I am not a fan of these movie-plot style stories, but that seems to be the Ai's preferred tone. I would watch the movie, but, as a story, I prefer a more active tone, not a passive, all-knowing narrator. ",7,6,7,5,60,7,"Besides the tone, I liked everything about the story and the ideas: Using a ruined Library of congress, searching for medical advice on computers is quite creative."
8/23/2021 9:48:35,A2QX3YJXAAHHVV,1a50c197cf564bf88f386197d1f279d9,Yes,7,7,1,7,7,7,"The AI can get very dark, very quickly. It wanted to throw that maid off the balcony. Strangle her. Its description of how meds work isn't realistic either-they have to be absorbed into the bloodstream to take effect, and usually aren't served with alcohol. ",7,7,7,5,60,7,"This definitely had some adult themes. I'm always surprised how quickly the AI wants to murder people, haha!"
8/23/2021 10:08:00,A2QX3YJXAAHHVV,fbb2199fa78647cbb4eeb94c4bd04d98,Yes,6,7,1,7,7,7,"The Ai wanted to credit people/games/studios, and it gave suggestions like ""This is a two player game where you control the hive"" I assume the theme matched something it harvested data from. ",7,6,7,7,40,7,"AI was very creative in giving us powers via sting, helping save the bees from the storm. It wanted to credit sources for the story at every step. "
8/23/2021 10:28:32,A2QX3YJXAAHHVV,635b514b259d47f2b474189aeea5e5c0,Yes,7,7,1,7,7,7,"I noticed that the AI had a sentence with feel notice in it. It's a weird combination. It's the second time it's felt noticed something (not sure what it means, but noteworthy)",7,7,7,4,60,7,"The AI knows about drinking to cope with inlaws, and curling up into fetal positions. I love it!"
8/23/2021 10:50:41,A2QX3YJXAAHHVV,4efb9d8419ee42a3b2ec99f01f94e0a6,Yes,4,7,1,7,7,7,"The AI had some issues with swapping tenses. It really, really really wants to write in 2nd/3rd person, passive voice. ",7,7,7,7,80,7,I loved that the AI made the Alien afraid of getting a disease if Matt Damon bit it. Some of the suggestions are hilarious. 
8/23/2021 11:13:51,A2QX3YJXAAHHVV,7c1e066d0c9c4901921cab117a0b7e73,Yes,7,7,1,7,7,7,"The AI clearly had experience writing romance novels. It had no issues with this topic, and kept wanting to make the theme steamy!",7,7,7,4,30,7,"I let the AI choose the way here, and it did a very good job for the topic, with no errors. It could write bargain bin romance novels, and nobody would be any the wiser!"
8/23/2021 12:11:25,A2QX3YJXAAHHVV,6395e22e141c4ee0bf233b95a63a61ea,Yes,6,7,2,6,7,6,"This session had loads of recommendations saying things like ""This was commissioned as a 4-part series for Amazon"". the AI seems to do this type of suggestion, when you use prompts involving common themes, or in this case, a famous actor (Matt Damon). It wants to write the story in both tone and style like a critic's summary/review. ",7,6,7,7,50,7,"The plot that the AI chose was great, but there were many ""Written by/adapted for/Directed by"" prompts. "
8/17/2021 7:48:26,A2RUHO7I7Y4XFA,23553b4984aa4e4a91326ebd9393f01c,Yes,7,6,2,6,6,7,I think it did quite well but maybe there could be more variety in the type of suggestions overall.,6,6,7,6,50,5,
8/17/2021 8:02:35,A2RUHO7I7Y4XFA,3ca2007bfff344b0a3f1322866235137,Yes,5,4,3,5,5,5,There were some places where the suggestions were not relevant or helpful in coming up with more ideas or continuing the story. It was about halfway through the story.,5,5,5,4,70,5,
8/17/2021 8:19:06,A2RUHO7I7Y4XFA,3ab1ca63246449669bf1f7b9c90d379b,Yes,5,6,2,5,6,6,"It brings up something about "" the film was shot in North Carolina"" or something which seems completely irrelevant to the previous text.",6,6,6,5,70,6,
8/17/2021 8:53:04,A2RUHO7I7Y4XFA,b110df89e00549d39910dc176a617be7,Yes,5,5,4,5,4,5,Some of the suggestions seemed to be going in circles based on what I wrote previously and they could deviate more as a collaborative tool. ,5,4,5,6,85,5,
8/17/2021 9:14:35,A2RUHO7I7Y4XFA,64e545e776c1466687f0fe0dc8bb0d88,Yes,6,5,2,5,5,6,"It had repetitive suggestions about the alien race that are a little narrow compared to the other sessions before, if that makes sense. ",6,6,5,6,80,6,
8/17/2021 9:37:29,A2RUHO7I7Y4XFA,fbd7e4482a5d4be7b725b2a5be5406bb,Yes,6,5,2,5,5,6,"Again it seemed to bring up some example of where a movie was filmed, maybe it's what these prompts are based off of or part of the overall database. This was not useful.",6,6,6,5,82,6,This is a very interesting task overall and I would like to participate in other tasks like this!
8/17/2021 10:00:00,A2RUHO7I7Y4XFA,81f59f9cba194b04802bbeae51dc798c,Yes,6,7,4,5,5,6,I think there could be more variety in the suggestions,6,7,6,7,85,6,
8/26/2021 13:13:08,A2RUHO7I7Y4XFA,f6c2fa4230df43b9b9857e71b9d68a89,Yes,6,6,2,6,6,7,I don't have an example that is specific but the system appears to circle back too much. ,6,6,5,5,75,6,
8/26/2021 13:40:57,A2RUHO7I7Y4XFA,41f6db5de3d8439ebbd996c398127d53,Yes,4,4,5,4,3,4,It had no suggestions and then brought up random things about some film. ,4,3,4,5,75,4,
8/26/2021 0:30:37,A2W121DQXNQK1,120f688d383d4775a51fc45728e771de ,Yes,7,7,1,7,7,7,"I liked that the system was able to identify that I wanted to have sentences that mentioned what the character's were saying. I would also like if the system could recommend how I can merge these sentences with other already written sentences, or recommendations for sentence transitions.",7,7,7,6,60,7,
8/26/2021 7:49:05,A2W121DQXNQK1,a0cc548fb40a4e22b1963674fb4b1f83 ,Yes,6,7,1,6,7,7,"I would suggest that the system automatically offers suggestions periodically if it notes the person is thinking or not actively typing. I think it saves time and effort from the writer who has to press tab at certain moments of the writing process, which may or may not offer suggestions.",7,6,7,5,60,7,
8/26/2021 20:57:36,A2W121DQXNQK1,e096014a9fca4d608a0f1c611e57fe2f ,Yes,7,7,1,7,7,7,"I would like if I could see past suggestions, or a history of given suggestions. That way I could compare and contrast them, to see which ones better fit the story I had written. Some suggestions seemed better implemented in my story after writing a couple of sentences, others could be inserted with minimal transitions.",7,7,7,7,75,7,
8/26/2021 21:28:29,A2W121DQXNQK1,ad936817fa674c3fb2db5f6d55fc49f1 ,Yes,7,7,7,7,7,7,"I think there should be more care in the suggestions provided, to avoid repetition or the system repeating information in the sentences it offers as suggestions. Namely, some suggestions I got repeated the word wolf a couple of times in a sentence, it could be altered to make more cohesive sense in my story. Other suggestions could have parts removed to make it more simple and less confusing, due to repeated information.",7,5,7,6,60,7,
8/27/2021 0:31:03,A2W121DQXNQK1,a609db6270b14e40a3de824554977750 ,Yes,7,7,1,7,7,7,"I think it would help me flesh out the story if the system offered me suggestions that also mentioned replies being made by the characters. For example, the system would offer a suggestion of what a character said, and I would have to type the reply in turn. It would help if the system also typed out the beginning of a response with such type of suggestions, that I can add to.",7,7,7,6,70,7,
8/27/2021 7:56:50,A2W121DQXNQK1,81b30967f40349e5b0e333f1e4851ce4 ,Yes,7,7,1,7,7,7,"I think the system should offer more relevant dates, other than the dates that I have already inputted. It mentioned the date I wrote earlier, but I think it should have suggested a later date, specifically once that was set 50 years later (2137) to better match the events of the story, and that I can easily integrate without compromising the pace of the story.",7,6,7,7,70,7,
8/27/2021 21:45:45,A2W121DQXNQK1,07cea97c61b4495389f8e0c0faa076bd ,Yes,7,7,1,7,7,7,"I think it is good that the system takes into account a number that I had written, specifically in the context of the story 6 forms, and that the suggestions it gives is consistent with previously mentioned information. I think however it does not need to repeat such information, given how it makes the story feel repetitive if the suggestion is implemented.",7,7,7,7,85,7,
8/27/2021 22:20:34,A2W121DQXNQK1,9d55ac3f8bce45c5a4325b2befeba8f4 ,Yes,6,7,1,6,7,6,"The suggestions towards the end while I was trying to conclude my story seemed to be to similar to what I had written previously, specifically better suited for a story opening. It would be better if the story could identify I was trying to write a conclusion, and offer me several suggestions on how I can conclude the story.",7,6,6,6,70,7,
8/28/2021 0:32:17,A2W121DQXNQK1,403db9d987584a8cbf7fa0b6acf0d918 ,Yes,6,5,1,5,6,5,"Towards the end, the system did not provide me as much suggestions for my essay, it produced no suggestions at all unlike the beginning of my story in which it could offer me ideas on what to add to my story, or what ideas I could flesh out. I think the system when it can't find relevant suggestions to my recent sentences, should offer less general suggestions or previous suggestions, that I may use to get ideas on what to write or incorporate in the essay.",7,7,7,7,90,7,
8/28/2021 21:15:15,A2W121DQXNQK1,495448baeef94ef2bff5fdba66f09b92 ,Yes,7,7,1,7,7,7,"I like that the suggestions offered by the system varied in sentence length and or composition. It made my story feel active and engaging, as opposed to repetitive and having each sentence too similar to each other. It would be good if the suggestions continued to have varying sentence composition, with some being more incomplete while others being complete sentences that I can integrate in the story.",7,7,7,7,75,7,
8/28/2021 21:46:54,A2W121DQXNQK1,4d06b9aa68764d749ef6fffb4fcb54f4 ,Yes,7,7,1,7,7,7,"The way the suggestions start the sentence can be more varied, especially if I use a particular suggestion already in the story. I had inserted a suggestion into my story, that began with "" Now, 100 years later,"" and a new suggestion I was given also had a similar beginning. That new suggestion had parts that I wanted to integrate, so if the suggestions would omit the repetitive parts, I could spend less time modifying the suggestion so it makes sense in the context of the story.",7,7,7,7,70,7,
8/29/2021 0:27:34,A2W121DQXNQK1,02a0a1349a8045bd969dfc3948ec4796 ,Yes,7,5,1,7,7,5,"I think towards the end the story could not provide me suggestions, and despite adding more to the story, it was unable to determine any suggestions to give to me that I can use for the story. I think in those instances, the system should give past suggestions or a more general suggestion regarding the topic I am writing about, or even some ideas on how I can conclude the story.",7,7,7,7,85,7,
8/29/2021 8:55:33,A2W121DQXNQK1,dda6cf6e80e74a32b62d03db6c25859c,Yes,7,7,1,7,7,7,"The system recommended me good ideas to flesh out certain plot points that I was currently writing about. However, I think it would be good if the system tried to avoid making suggestions that reiterates past information, or regards plot points that are too similar to what already happened in the story (i.e another war/battle breaks out when too little survivors are left).",7,7,7,7,75,7,
8/29/2021 12:59:02,A2W121DQXNQK1,c5166a329a9c45f990a5d3c692d7faa0 ,Yes,7,7,1,7,7,6,"For the second paragraph, when I wanted to get a suggestion on how to start it, I got some suggestions that were odd and irrelevant. It brought up past dates, and I believe a magazine title that was not used in the story. I did find a relevant suggestion among those odd suggestions which I used, but I think in those instances, the suggestions should be relevant on the story, and not utilize outside sources or information that doesn't quite work with the plot of the story I am writing.",7,7,7,7,70,7,
8/29/2021 13:42:26,A2W121DQXNQK1,b322b1fa853a485b9d03d790d51af585,Yes,7,7,1,7,7,7,"I think it was useful that the system offered me suggestions for starting new paragraphs in the story, such as mentioning the age of the protagonist. I think it helps with the story, and I think such repetition is useful, as opposed to other cases where it might not be effective in engaging with the readers. I think more instances should be seen in the suggestions it offers, but it should still offer alternative paragraph starters that differ from past ones to give the writer more choices if they think writing something different is more appealing for their story.",7,7,7,7,70,7,
8/30/2021 0:30:18,A2W121DQXNQK1,401511d48acd418f8e4d199782611ccc ,Yes,6,7,1,7,7,5,"The system suggested ideas that seemed to reintroduce conflicts or plot points that would have been more useful near the beginning of my story, before I committed myself towards a specific conflict. I think when writing a conclusion or the climax of a conflict, the system should offer me suggestions that doesn't reintroduce conflicts (such as a war breaking out or chaos erupting), and instead help me make a more definite resolution for the story.",7,7,7,7,70,7,
8/30/2021 11:59:20,A2W121DQXNQK1,3461ee41df7f4f5fa584f5ae04b3ba6f ,Yes,6,7,1,7,7,7,"The system would tell me suggestions that reiterated specific words, such as skeptical, for emphasis on traits regarding a character. I think that works for a couple sentences I write in the story, especially if they were suggestions. However, the system should offer other ways to say the same trait for a character, synonyms for words such as skeptical when giving suggestions after the word has been used a couple times already. ",7,7,7,7,75,7,
8/30/2021 12:26:56,A2W121DQXNQK1,29001da80acb414d8683c660e2e091f2,Yes,6,7,1,7,7,5,"I received a suggestion from the system that I thought would best be used as an ending or conclusion, so I integrated it into the essay. However, the system then would not offer me any more suggestions regarding the parts of the essay I was still working on. I think the system should have a way to either save suggestions for later, or to offer suggestions based on where I am currently writing or the previous words, and not what words are shown after it.",7,7,7,7,70,7,
8/30/2021 12:57:57,A2W121DQXNQK1,37937cc84a7f43338e5c5b430d566b1f,Yes,6,7,1,7,7,6,"Some suggestions offered to me were more informative pieces of information, based on the real world. For example, suggestions were given that stated the antagonist of the game Angry Birds, and another that listed the current value of gold per weight. These suggestions aren't useful to implement in a fictional story, as opposed to other suggestions which are less based on the real world and more in the fictional world I am writing about.",7,7,7,7,75,7,
8/31/2021 0:31:15,A2W121DQXNQK1,c326ab6f04ca475a93d6322122ee6eb0 ,Yes,7,7,1,7,7,7,"I think the system should give suggestions that vary in how the sentence starts. After I wrote a sentence that started with ""However,"" the system would give me more suggestions that included that particular word. I think if certain sentence starts such as ""However"" or ""But"" were already used recently, further suggestions should avoid sounding similar to make the story more engaging, and less repetitive. ",7,7,7,7,75,7,
8/31/2021 7:49:22,A2W121DQXNQK1,53a1f867867b431e9336245503e7eec4 ,Yes,6,7,1,7,7,6,"The system recommended me suggestions that were topics or novel information that were somewhat related to bees, such as a popular game that relates to a queen bee giving orders. I think these are not as useful and more situational, it would be harder to implement in the story that is based on actual bees. Instead suggestions based on reality or accurate information should be more based on the actual topic, in this case like the behavior of bees or their hierarchy.",7,7,7,7,65,7,
8/31/2021 8:55:17,A2W121DQXNQK1,5819265ac490471ab03a42fd906beaed,Yes,7,7,1,7,7,7,"It was good to receive suggestions on years or dates to show the progression of the events of the story. I would like that there was more variety regarding the suggestions on how much time has passed, such as saying 2 weeks later or 30 days later, instead of only saying it is many years later or giving a new date in the form of years.",7,7,7,7,70,7,
8/31/2021 9:26:12,A2W121DQXNQK1,4280a49fb01244bf9b7a74e84d79fae9,Yes,7,7,1,7,7,7,"I think it would be helpful if the suggestions that were quotes or what characters say in the story would also have more information associated with it. That is that such suggestions would also include a follow up or additional words spoken by the character, or a response that another character says when they hear the sentence. I think that could help me better write out the story, with potentially less time being taken in setting up the relevant sentences.",7,6,7,7,70,7,
9/1/2021 0:31:29,A2W121DQXNQK1,ac6634d8cd064dcb84b08c0eed768c3c,Yes,7,7,1,7,7,7,"It would be good if the system would save some recommendations for me, or give me an option to restate past suggestions it offered to me. Sometimes I received multiple suggestion in one go that I thought could all be implemented with some effort on my behalf, but I had to commit to only one at that moment, having the others potentially no longer a possibility for future suggestions.",7,7,7,7,70,7,
9/1/2021 7:47:25,A2W121DQXNQK1,4c08908581b54f46b00f0fdcef5fd3e4,Yes,7,7,1,7,7,7,"I think the system suggesting me years is a good thing for this topic, it helps me show progression of events. However, I think the system should vary in how much time has progressed from the initial date. Many of the suggestions it takes is not a long period of time, such as 1 year. I would like at times for it to recommend me suggestions that suggest hundreds of years of passed, or even thousands in the context of the essay topic.",7,7,7,7,70,7,
9/1/2021 11:23:32,A2W121DQXNQK1,b2340ae8050543cbb74906ff4a96e850,Yes,6,7,1,7,7,6,"I think it would be good if the system could give me suggestions on other ways I can start the story, based on the topic. It would help me get ideas of what plot points can occur, and save me time on thinking of something that is different than the already inputted story, which would then help me write the rest of the story.",7,7,7,7,70,7,
9/1/2021 11:51:28,A2W121DQXNQK1,23b998c76c784ff29f0ddedd78128722,Yes,7,7,1,7,7,7,"Some suggestions offered by the system while relevant, could not be implemented in my essay based on format. The system offered me title of chapters or what the next paragraph would deal about, but that would be better suited for a book format as opposed to the essay I was writing. In those instances, the suggestions could be reformatted or reworded to sound less like a title, and more like a opening sentence for a new paragraph.",7,7,7,7,75,7,
9/2/2021 0:29:27,A2W121DQXNQK1,cb5036e1f4494870bf96a478065d3269,Yes,6,7,1,7,7,6,"Near the end as I was finishing up the story, the system offered me suggestions that were not quite relevant to the context of a story. Specifically, it described a board game based on the story, and mentioned some suggestions on how the game would play out. These suggestions are difficult to implement in a fiction story, considered how some were  instructions on how to play.",6,7,7,7,75,7,
9/2/2021 8:03:15,A2W121DQXNQK1,9154097557f84fe1862d1205b098b4ad,Yes,7,7,1,7,7,7,"The system offered many suggestions to me that were relevant to my story plot, however for some of the events in the story, I would like if the system could give me more types of explanations or quotes from the characters I had written. I think that would have been a good change of pace to have the characters voice out loud their thoughts, and suggestions from the system would have helped me think of what the characters could say in the story.",7,7,7,7,70,7,
9/2/2021 9:00:25,A2W121DQXNQK1,b47d3c5973494f02af1668b926a7210e,Yes,5,6,1,6,7,5,"The system kept offering me suggestions that was not consistent with the format or perspective I was trying to write. The suggestions were telling a story from the perspective of the reincarnation, not a past incarnation that was watching their life on the screen. While those suggestions would be helpful for a different type of story based on the topic, they were inconsistent with the narrator and perspective of the story I was writing.",7,7,7,7,70,7,
9/2/2021 9:45:15,A2W121DQXNQK1,8f4fb63ec8e94e269f5a41f93e948bc5,Yes,7,7,1,7,7,7,"I think the suggestion work well when they follow the format on how the main character thinks, in regards to their interactions in life. The suggestions should also consider what pronouns the character is using, to avoid having a conflict between what has been said about the character, (i.e stating the character is a girl or using the pronoun ""he"" when the character has not been given a gender or it wasn't mention at all in the story).",7,7,7,7,70,7,
9/3/2021 0:34:42,A2W121DQXNQK1,f23823c7cb324ac580f3d051241c7fef,Yes,7,5,1,6,6,5,"The system initially offered me good suggestions that I could implement and that were relevant to my story, especially as I wrote the next events of the plot. However, towards the end it stopped giving me suggestions. I had to write some more sentences, which took a bit more effort until it then was able to give me suggestions, which I then used in the story. I think the system would ideally be more consistent in the suggestions it offers, giving at least something each time I ask for them so I can get ideas on what next to write for the story.",6,7,7,7,80,7,
9/3/2021 7:25:49,A2W121DQXNQK1,e34e7611bef74a0aafda89752af534f3,Yes,7,7,1,7,7,7,"The suggestions helped me flesh out my story and could be well integrated into the essay with minimal effort to reword some parts. I think the some suggestions that were not as effective were the ones that did not match some information I had in the essay already,  such as the mug itself, the family of John, or events that had already happen. It would have contradicted the story if used and make the essay slightly more confusing to read.",7,7,7,7,80,7,
9/3/2021 7:58:58,A2W121DQXNQK1,a7b9f3e4d2c547c3a739567a81c0de08,Yes,7,7,1,7,7,7,"I liked that the system was able to implement information that was critical to the story in its suggestions, namely the name of the country that was fictional (Prestonia). It helps me keep the story consistent, even if the events of the story are a fictional telling of past events. However, some suggestions were inconsistent to what information I had presented prior. Namely that the country was impoverished or had poor natural resources, when the opposite was true. I think if suggestions use information I had already written, it should take care that it does not contradict the plot points I have made, which makes the story difficult to understand.",7,7,7,7,70,7,
9/3/2021 9:03:41,A2W121DQXNQK1,fe4fd11d3f6e4386bf7ec81819c5ff10,Yes,7,7,1,7,7,5,"Towards the conclusion of the story I was writing, the suggestions I received were more suited for the beginning of the story, as they were not effective or practical as a way to conclude the story. Essentially they were in the format of ,""However,..."" as they brought up new plot points or ideas that essentially would have to be expanded more before concluding the story, otherwise they would be unresolved or the story would end in a much more abrupt manner.",7,7,7,7,75,7,
9/4/2021 0:37:33,A2W121DQXNQK1,96877ba434a04724a95095ad37efaf45 ,Yes,7,7,1,7,7,6,"Some suggestion broke the perspective of the story, which is intended to be from the point of view of the reader experiencing a series of events relating to reincarnation. The suggestions specifically addressed the reader outside of the story, ""What do you think"", or even switched perspectives, ""I wrote this story from a dream"", and such suggestions don't match the tone or how I am writing the story.",7,6,7,7,80,7,
9/4/2021 7:50:13,A2W121DQXNQK1,945bb360fb554dce9c0d6510f8a60812,Yes,7,6,1,7,7,6,"Some suggestions near the end of my essay were ones that brought up plot points that already happened in the story earlier, specifically fighting breaking out all over the world after the first instance had been resolved. The system should avoid repeated story points unless I specifically write as such, and instead make suggestions that either bring up new events to occur in the story, or that conclude previous events that are still ongoing.",7,5,7,7,80,7,
9/4/2021 9:03:08,A2W121DQXNQK1,31794aa2de5e40baba2dfa6f59e03d15,Yes,7,7,1,7,7,6,"Some suggestions were describing a different type of essay, as opposed to a creative and fictional story. For example, some were informative suggestions, describing a board game or instruction on how to play, others simply listed one word suggestions that are titles to things such as reviews. I think the system should make suggestions that primarily add to the story, and not things that are better suited for other types of written works.",7,7,7,7,75,7,
9/4/2021 9:33:58,A2W121DQXNQK1,b5a9cacc2fc24fc583d5442b3c607278 ,Yes,7,7,1,7,7,7,"I think the suggestions could go in further detail regarding certain events or occurrences it suggests. That is, if it mentions an event such as a terrorist attack, it can also give a reason why it occurred or who did it, that way I can use it as a potential idea for the story, or I can rewrite it to better match what is going to happen in the story.",7,7,7,7,70,7,
9/5/2021 0:31:46,A2W121DQXNQK1,b25c76c9dd3a406192b6e3b7b4638a2a,Yes,7,7,7,7,7,7,"I liked that the suggestions were consistent with the story I had written, none of them seemed to contradict what I had written prior. Although the only thing I would like to have improved would be to have the suggestions include more adjectives for certain items mentioned, to give suggestions on how they look or other quality to better help the reader imagine the events of the story.",7,7,7,7,70,7,
9/5/2021 7:49:32,A2W121DQXNQK1,a935819289a042269dc6f7e419b0608e,Yes,7,6,1,7,7,6,"I think the system should refrain from suggestions that are formatting related, as you would see in a book. Suggestions such as ,""__________"" or even ""Chapter 2"", as these were present in my story, and would be more applicable in how a book is organized. In addition, at first suggestions were not offered, I think it was a glitch based on the message it produced. The suggestions then were working correctly by the second paragraph of my essay.",7,7,7,7,80,7,
9/5/2021 9:23:15,A2W121DQXNQK1,dad69fc8dcfb4971abbe3d4013bfc6ce,Yes,7,7,1,7,7,7,"The suggestions I received were relevant to the character I was writing about, it had the correct usage of names, pronouns, and more. I would also have liked if the suggestions could also offer potential qualities or traits to the characters I am writing about, so I can get an idea on how to flesh them out better. Especially if the characters are not yet as developed, and the reader knows little about them.",7,7,7,7,75,7,
9/5/2021 9:39:46,A2W121DQXNQK1,6a0e4a84b6624948b9373a84488399cd,Yes,7,7,7,7,7,6,"I think the system should definitely continue to make suggestions that are in line with the pronouns, gender, or even identity of the characters. In my story, I refrained from listing such information for the characters, to make it seem more universal and up to the interpretation of the character. As such, the suggestions in similar kinds of stories should follow if the characters aren't listed as a specific gender or identity, and even if they are explicitly named.",7,7,7,7,70,7,
8/15/2021 17:34:47,A2WGW5Y3ZFBDEC,b72437b88da64ad392d21dbc32ca9af0,Yes,6,3,5,5,4,5,"It came up with prompts that were a conclusion to the story, way too early, it would have been nice if it had reserved potential endings for later.",6,4,6,5,65,2,No.
8/15/2021 23:06:12,A2WGW5Y3ZFBDEC,10638735a10248c29ef1747f2f12c0b7,Yes,6,1,5,4,2,3,"Well, once when I tried to look for a concession stand in the theatre, the AI seemed to think I wanted to find the exit door, so it didn't really understand what I was aiming at there.",6,7,7,7,55,1,No.
8/15/2021 23:35:08,A2WGW5Y3ZFBDEC,1e71cd3d266046fdaeeef386a80a0781,Yes,5,2,5,3,2,4,I can't think of any.,6,6,7,7,65,1,None.
8/15/2021 23:57:58,A2WGW5Y3ZFBDEC,696c87b7fe7f4f869e84d30e9bd97823,Yes,6,5,4,6,5,7,"They were all fine, if a little predictable. It seemed to suggest endings to the story a bit too soon.",7,5,7,4,55,2,No.
8/16/2021 0:12:33,A2WGW5Y3ZFBDEC,0a6500a997e24468a743b34eda6be51e,Yes,5,1,5,3,2,1,"Well, I changed gears early on in the story, and tried a different approach, since it looked like it would end prematurely, and once I did that, the system was never able to figure that out and it kept suggesting things related to what I'd tried before and abandoned.",3,5,6,7,75,1,No.
8/16/2021 0:43:09,A2WGW5Y3ZFBDEC,f84a83053e004acb9ccc912f7c6d8ec6,Yes,5,3,7,3,3,4,I can't think of any.,3,2,5,3,51,1,No.
8/16/2021 1:07:09,A2WGW5Y3ZFBDEC,b4134879f6494953bfca7456a0bc8341,Yes,5,1,4,3,3,3,I didn't see any examples that needed improvement.,3,1,4,6,70,1,No.
8/16/2021 23:10:56,A2WGW5Y3ZFBDEC,242eb23d0a2a46a789be2b41a665873d,Yes,6,5,4,5,4,6,"I was trying to get the AI to come up with an idea for what the 'old power' might be, but it wasn't very helpful in that regard.",6,3,5,4,55,1,No.
8/16/2021 23:25:38,A2WGW5Y3ZFBDEC,5827d7fcff0d48f78870ee95b4833fef,Yes,5,7,3,5,5,4,"In this case, no, because it gave me a single good suggestion (a smaller screen) that led to the rest of the story.",6,6,7,6,70,4,No.
8/16/2021 23:43:45,A2WGW5Y3ZFBDEC,0822cf8998be4c44962989a70f00eb9e,Yes,5,5,4,5,4,6,I can't think of any.,6,4,6,5,55,2,No.
8/17/2021 1:00:55,A2WGW5Y3ZFBDEC,e4bf8d4c04c743b39fb94f724339f642,Yes,5,3,5,3,2,4,"I was trying to find suggestions for how to progress the story, but I kept getting suggestions that were just going to go around in circles.",6,2,5,4,59,1,No.
8/17/2021 1:30:23,A2WGW5Y3ZFBDEC,22041e7a62c246398773d82b83cb08fd,Yes,5,1,7,3,3,4,"Well, early in the story, after I decided to not have the humans persist in trying to rescue Matt Damon, it took awhile for it to figure out that that wasn't happening, and it kept giving me suggestions for rescue efforts.",5,6,6,7,80,1,No.
8/17/2021 2:03:15,A2WGW5Y3ZFBDEC,dcf41dcfdb0e4a98949063447b455792,Yes,5,3,5,3,2,4,I can't think of any.,3,1,4,5,55,1,No.
8/17/2021 19:02:13,A2WGW5Y3ZFBDEC,1763bf2d3371474ab481253b7731c586,Yes,5,2,5,3,2,5,"The AI suggested using a 105mm smoothbore cannon, but that was the first weapon I had the wolf use.",3,3,5,4,59,1,No
8/17/2021 19:34:45,A2WGW5Y3ZFBDEC,11f99f1431f74db3bb09b522504d31b3,Yes,5,3,6,4,3,4,"I was looking for examples of specific weapons (for example, a pistol that could be readily silenced) but it only provided me with generic ones.",5,5,7,6,65,2,No.
8/17/2021 20:13:31,A2WGW5Y3ZFBDEC,5a17e70a18c04205aac7f7bb845b8333,Yes,6,5,4,4,3,4,I can't think of any for this one.,6,5,7,5,60,2,No.
8/17/2021 23:16:50,A2WGW5Y3ZFBDEC,d7dd51e0a729428f8419480e4d8da32c,Yes,5,1,4,5,4,7,I can't think of any.,7,6,7,6,60,4,None.
8/17/2021 23:46:17,A2WGW5Y3ZFBDEC,84525c08fad348c6877ace95de0fcdaa,Yes,5,2,7,2,1,3,"I tried to get a suggestion to drive the plot forward, like how JFK was still alive, but the AI didn't really come up with anything, it just repeated itself.",3,1,5,4,54,1,No.
8/18/2021 0:00:05,A2WGW5Y3ZFBDEC,8393a8ed335f438c9ad5ca3d25a947b6,Yes,5,1,6,2,2,4,I can't think of any.,5,3,5,7,65,1,No.
8/18/2021 0:31:36,A2WGW5Y3ZFBDEC,58e702b7c7e249a0aaf762ea10f833b3,Yes,6,5,4,5,4,6,I can't think of any for this one.,6,5,7,6,62,4,No.
8/18/2021 0:48:30,A2WGW5Y3ZFBDEC,98de646c88b04772b24503cb24056236,Yes,5,7,3,5,5,5,I can't think of any.,6,5,6,7,66,4,No.
8/18/2021 1:02:16,A2WGW5Y3ZFBDEC,d2938c7114bb4f228ae7e3e801e2165b,Yes,5,2,7,3,3,4,I can't think of any.,3,1,4,4,52,1,No.
8/18/2021 1:51:36,A2WGW5Y3ZFBDEC,ad4eeaa42cea40e7b278d61f1505ef7f,Yes,6,5,4,5,4,6,It's suggestions were all good this time.,7,5,7,6,60,4,No.
8/18/2021 2:15:38,A2WGW5Y3ZFBDEC,e5c079dbe9104da4ae1d7b8f7cd3be3d,Yes,6,6,4,5,4,6,"Towards the end of the story I was looking for inspiration, and it started repeating prompts it had already said much earlier, and that I had already used.",6,5,7,6,65,4,No.
8/18/2021 13:15:48,A2WGW5Y3ZFBDEC,7db807f901e64357a4ebcee6908e8755,Yes,5,5,6,3,2,4,"I tried to get it to come up with a suggestion as to why Obama would receive a prank call, but it stuck to the JFK script.",4,5,5,7,60,2,No.
8/18/2021 13:38:32,A2WGW5Y3ZFBDEC,e195e7359d4c4557a26c6130a30d5f88,Yes,5,2,6,4,3,2,"I kept trying to come up with suggestions about why this scenario might occur for reasons other than some super secret agent plot, but the bot came up empty.",5,3,5,7,60,1,No.
8/18/2021 14:21:20,A2WGW5Y3ZFBDEC,b185f407365540f2bc3e32d45bb3d154,Yes,6,4,6,4,3,4,I can't think of any.,5,5,6,7,70,2,No.
8/18/2021 14:37:44,A2WGW5Y3ZFBDEC,ae3a87fc6c5e4c18897f71b93d670529,Yes,5,7,1,4,5,4,"Towards the end I prompted it to repeat 'depleted uranium house' which had been used earlier in the story, but it didn't seem able to do that.",6,5,7,7,69,1,No.
8/19/2021 14:46:01,A2WGW5Y3ZFBDEC,74517c6eb89c46fab708de3e3d7c53db,Yes,6,1,7,3,1,5,"I was trying to get it to come up with some side effect for the drug, but everything it suggested was predictable and/or didn't lend itself to a story.",3,5,5,7,80,1,No.
8/19/2021 16:42:14,A2WGW5Y3ZFBDEC,34d7c1032151410583aa9069286104d6,Yes,6,3,5,5,3,5,"I tried to prompt it for novel suggestions about what the effect of isolation from the U.S. would bring to the rest of the world, but it really only had two, both of which I'd already thought of.",5,5,7,5,60,2,No.
8/19/2021 17:13:37,A2WGW5Y3ZFBDEC,f591e24cf57d412a94e2c0fd523a003c,Yes,6,1,6,4,1,3,I can't think of any for this one.,3,5,6,7,66,1,No.
8/19/2021 17:35:52,A2WGW5Y3ZFBDEC,473095c2040f4c049e18e41e3c887784,Yes,5,1,6,4,1,4,"I tried to get it to elaborate on the fact that there was probably more than one bee, but it just kept repeating itself.",3,5,6,7,69,1,No.
8/19/2021 18:13:58,A2WGW5Y3ZFBDEC,c86ee4fe34954bd7b183d8a5068255da,Yes,5,1,6,3,2,4,"I tried to get it to come up with some deeper explanation of how this situation arose, but it didn't have inspiration, it became repetitive when I let it brainstorm about how the girl could actually be Queen of the Bees.",3,6,6,7,70,1,No.
8/20/2021 0:36:06,A2WGW5Y3ZFBDEC,f9a09da62e19479d8b2c31d3a494f11b,Yes,5,1,7,1,1,1,"The AI couldn't seem to follow any of this story; I had to write most of it myself, and any of its suggestions that I used, I changed to make them fit.",1,5,4,7,89,1,No.
8/20/2021 13:45:11,A2WGW5Y3ZFBDEC,215614c386144ae0a054e770c4a533f2,Yes,5,2,7,3,3,4,I can't think of any.,4,5,5,7,75,1,No.
8/20/2021 13:58:10,A2WGW5Y3ZFBDEC,50b12e356bc94c72bec03b35dea37fb2,Yes,5,2,6,3,3,4,"I tried to get it to come up with an ending, a quote, something to wrap the story up, but it just seemed to come up with things that would prolong it.",4,3,5,6,70,1,No.
8/20/2021 17:53:04,A2WGW5Y3ZFBDEC,d2c71212ed1446a79b5d404def4239a9,Yes,5,2,7,3,1,4,"The very first suggestion, I was hoping for a novel side effect for the drug, but the AI suggested something that, upon further writing, proved to be extremely unplausible, so I had to go back and rewrite my way out of it.",1,3,4,6,75,1,No.
8/20/2021 18:05:13,A2WGW5Y3ZFBDEC,9e0576b5ce9945a5909edad67b3c3be8,Yes,5,1,6,3,2,3,I can't think of any.,3,6,4,7,70,2,No.
8/20/2021 22:51:01,A2WGW5Y3ZFBDEC,f44e4ed0828e40abab5892a019e11dc0,Yes,5,1,6,3,1,4,I can't think of any.,5,5,6,6,70,3,No.
8/20/2021 23:18:56,A2WGW5Y3ZFBDEC,45799f2892fb4aa09cd94625f1ba8ea2,Yes,5,6,3,5,5,5,"I have no complaints about its suggestions, in fact, its suggestion about the side effects of the drug early on when prompted, provided the basis for the story.",5,5,7,5,68,4,No.
8/15/2021 17:30:49,A2YTQDLACTLIBA,1a14bae2ca9f422ea8779752233a203a,Yes,4,4,1,4,4,4,AI didn't seem to catch on this time around.  His suggestions were sometimes off base and quite repetative,4,7,7,7,85,4,
8/15/2021 17:47:27,A2YTQDLACTLIBA,789f87d67d884e1898dc4a6e2e0e9d7b,Yes,7,7,1,7,7,7,The prompts retelling me what the story is about aren't helpful,7,7,7,4,60,7,
8/15/2021 18:02:06,A2YTQDLACTLIBA,a09cbbf5323a4bd2aa5a2ae775258c38,Yes,7,7,1,7,7,7,"No, it was all good this go round",7,7,7,4,60,7,
8/15/2021 18:22:22,A2YTQDLACTLIBA,050118bfac954920a524e7070132690b,Yes,7,7,1,7,7,7,All good this time through,7,7,7,4,70,7,
8/16/2021 8:37:13,A2YTQDLACTLIBA,7edc4eee07cd44db9a01e28f1ef20064,Yes,7,7,1,7,7,7,AI made very good prompts this time,7,7,7,4,50,7,
8/17/2021 7:52:44,A2YTQDLACTLIBA,ec5462994a4b4614a7d95eac2f39a693,Yes,7,7,1,7,7,7,no,7,7,7,5,70,7,
8/17/2021 8:07:28,A2YTQDLACTLIBA,b6c87b8153ce4791a449f6b80a7f438e,Yes,7,7,1,7,7,7,none,7,5,7,4,60,7,
8/17/2021 8:23:27,A2YTQDLACTLIBA,04a4118571c642a18348c2e4a01f67c0,Yes,7,7,1,7,7,7,none,7,7,7,4,60,7,
8/20/2021 15:46:14,A2YTQDLACTLIBA,7e3839abe7334df698bb48e0d5561ab4,Yes,7,7,1,7,7,7,they were spot on,7,7,7,5,50,7,no
8/20/2021 16:41:55,A2YTQDLACTLIBA,f019def862094e0fb2a5016674603d83,Yes,7,7,1,7,7,7,it was good,7,7,7,4,60,7,
8/25/2021 19:20:05,A324VBRLXHG5IB,3b6e7a4c9d65411f9342254120abcde7,Yes,7,7,1,6,6,5,I got a good amount of suggestions about the wolf which helped me change a few of my story lines. ,7,7,7,7,75,7,"I really enjoyed writing this story, the topic made me laugh. "
8/29/2021 10:45:12,A324VBRLXHG5IB,d4d4847e461c42888c2357e8d8f268b3,Yes,6,6,2,6,5,6,The suggestion seemed to know that I was going to be writing a mistaken identity idea.,7,7,7,7,50,7,
8/29/2021 11:04:09,A324VBRLXHG5IB,b95bdefc91d94744b375b7bcabc19d5f,Yes,7,7,1,7,7,7,"There was a lot of repetition in a few suggestions, the same suggestion 3 lines in a row.",7,7,7,4,50,7,I wrote a lot longer than intended so had to rely a little more on the suggestions to try to find an ending
8/29/2021 11:21:40,A324VBRLXHG5IB,eb15a76230f74cf781b0ace876dec6de,Yes,4,2,5,4,4,4,"There were a few instances of ""no suggestion found""",4,7,7,7,80,7,"This was the hardest one so far, while it does have a clear ending it wasn't as precise as I would have liked. There weren't many suggestions that were applicable as a way to end, even after I deleted some paragraphs and re-wrote."
8/29/2021 14:04:08,A324VBRLXHG5IB,9c1de5d748a0486b8276ccce9f1c9f45,Yes,6,7,2,5,7,7,It continued to suggest things as if it were a movie plot or book,7,7,7,6,70,7,
8/29/2021 16:27:30,A324VBRLXHG5IB,43fef1ea6c6342f490c991f230acdf1b,Yes,7,7,1,6,7,7,These were some of the best suggestions I've had. The suggestion of a big black book appearing was really great. I can't think of any that didn't hit the mark this time.,7,7,7,5,60,7,
8/29/2021 17:09:09,A324VBRLXHG5IB,a155fa8cfd624d278fb8f37cc32b0565,Yes,7,7,7,6,6,7," The suggestions were always very very positive and upbeat. As strange as it sounds, I'd have liked some more neutral or negative behaviour suggestions.",7,7,7,7,60,7,
8/29/2021 17:30:56,A324VBRLXHG5IB,272a45b11c944afcbf51b390caa3a6b0,Yes,5,5,4,6,6,5,"There were a lot of fecal and bodily waste suggestions as soon as I mentioned the word ""smell"". That was a little strange",7,5,5,6,60,7,Sorry this got dark.
8/29/2021 18:07:46,A324VBRLXHG5IB,86a1a40bed5445c7bce7ac003f07d04c,Yes,7,7,7,7,7,7,"The suggestions were fine, but there was too much pushing towards this being a movie",7,7,7,6,60,7,
8/30/2021 14:30:04,A324VBRLXHG5IB,96417121cd29430b95ce9fc6ebab7fbe,Yes,7,7,2,5,6,4,The AI wanted the mana and magic to kill the aliens and suggested that a few too many times despite the path my story was taking.,7,7,7,6,60,7,
8/31/2021 18:47:28,A324VBRLXHG5IB,82eec1c4618e494c88253f4e5167fc26 ,Yes,5,4,6,3,3,3,It was providing me with Amazon links.,4,5,4,7,80,7,
8/28/2021 23:55:27,A345TDMHP3DQ3G,d046453071004f1991ca1bb9bec23ca2,Yes,3,1,7,1,2,1,The suggestions I received were vague and didn't push the plot enough. They just regurgitated words I had already said.,1,1,1,1,80,1,
8/29/2021 0:12:53,A345TDMHP3DQ3G,8b458eefa9304e608322239981e4ccd1,Yes,4,3,7,2,2,1,Some of the suggestions just weren't daring enough. They didn't go far enough in pushing the boundaries of the story. ,3,1,1,2,60,1,
8/29/2021 0:27:37,A345TDMHP3DQ3G,3d19d3770396446bb568be0852f3bcd4,Yes,5,7,4,6,6,7,I thought some of the suggestions could have given the characters more robust personalities than they did,7,6,6,7,75,5,
8/29/2021 0:46:25,A345TDMHP3DQ3G,105bf88bb4bc42688e06a54644e2989b,Yes,4,3,7,4,4,4,I felt like I didn't get any suggestions that could build out and flesh out the characters' personalities though that would have helped.,6,4,4,4,50,2,
8/29/2021 13:27:56,A345TDMHP3DQ3G,51811494ceb647a8aa633d4c7c3e089f,Yes,6,7,2,7,7,7,I liked that the AI recommended specific new characters that fit the personality traits that they should for how I wanted the story to proceed.,7,7,7,7,50,6,
8/29/2021 15:23:53,A345TDMHP3DQ3G,030168a0260f4701bb8c82e185b2c6c4,Yes,5,4,5,5,4,4,The suggestions got generic at times and didn't really push the plot in a meaningful way.,4,2,2,4,60,4,
8/29/2021 23:24:18,A345TDMHP3DQ3G,f13ca6a2519e4ddcaf454f11968ed676,Yes,6,2,7,3,2,2,The suggestions that I received didn't help with any character development and didn't identify any of the characters I was trying to introduce.,2,1,2,4,70,2,
8/29/2021 23:40:24,A345TDMHP3DQ3G,153d73ea68dc4323af5341ce6c51ea73,Yes,7,7,2,7,7,6,The suggestions sometimes veered off in random directions that didn't necessarily fit the context.,5,6,6,6,50,5,
8/29/2021 23:54:08,A345TDMHP3DQ3G,7c37d7def4524ab8ad459cc07c881955,Yes,7,1,7,2,1,2,The suggestions were really redundant. They just recycled language I had already used.,2,3,2,6,75,2,
8/31/2021 0:09:49,A345TDMHP3DQ3G,61cf26b400aa46379d6fbdcbd21231e9,Yes,6,4,6,4,4,4,One of the suggestions had absolutely no correlation or relationship to any of the story I had written and just came out of left field.,4,3,3,4,60,4,
8/31/2021 23:51:20,A345TDMHP3DQ3G,11fd7876e82548859df75d8a5e80f24c,Yes,4,1,7,2,2,2,"The suggestions felt vague and flat, and they were just super repetitive in terms of spitting out language I had already used.",2,1,1,4,75,2,
9/1/2021 0:03:44,A345TDMHP3DQ3G,bf03f184f45441258d7e0658a1742332,Yes,3,1,7,2,1,3,The suggestions I got didn't advance the plot in a meaningful way; they just regurgitated material. ,3,2,2,3,70,2,
9/1/2021 0:15:09,A345TDMHP3DQ3G,7444af48e58441e5ab11c7e295095206,Yes,4,3,6,2,2,2,The suggestions should have focused more on giving the characters their own unique personalities. ,2,1,2,2,75,2,
9/1/2021 0:26:12,A345TDMHP3DQ3G,b153deb333a648e8bed354ccb72d9085,Yes,4,4,7,6,5,6,The story should have come up with new language rather than just relying on repeating language I had given.,4,4,5,4,75,5,
9/1/2021 0:37:53,A345TDMHP3DQ3G,04382674f44c40b592c703ae0f63c2ed,Yes,5,4,7,4,4,6,Some of the suggestions could be a bit more multidimensional and be more subtle and varied in their meaning. ,5,6,5,5,75,5,
9/1/2021 0:49:20,A345TDMHP3DQ3G,c9e301f54a8a4723b14567a99c90d2b7,Yes,5,4,7,3,2,4,"The suggestions I received were a bit flat and one-dimensional, and didn't necessarily move the plot along.",2,4,4,4,75,5,
9/1/2021 0:59:07,A345TDMHP3DQ3G,e40238fb39514ae8a0719094d7337200,Yes,4,3,5,4,4,5,Some of the suggestions felt a bit too repetitive and thus didn't push new material into the story. ,4,3,2,4,75,4,
9/1/2021 2:12:06,A345TDMHP3DQ3G,73e1236fcc4f48d3ba4d264eb6ffe06e,Yes,4,6,3,5,6,5,The suggestions could have thrown out more unique plot lines that were not related to the prompt at hand specifically so I could take the story in new directions I hadn't thought of.,6,6,5,5,67,4,
9/1/2021 2:24:46,A345TDMHP3DQ3G,c7d83184f9f34ae9a9d55b0ee9176856,Yes,4,5,7,4,4,4,At times I felt like the suggestions I was being given were just going around in circles without advancing the next part of the story at all.,4,4,5,4,75,4,
9/1/2021 8:02:56,A345TDMHP3DQ3G,6a9dd4e609624942951409d15edb0ff3,Yes,4,4,1,4,5,4,Some of the suggestions I got just repeated the plot that I had already given and thus didn't push the plot in any meaningful way,5,6,5,4,70,4,
9/1/2021 8:32:20,A345TDMHP3DQ3G,87b45d27c2424504a98f49a29509480f,Yes,5,6,4,5,5,4,Some of the suggestions just propose synonyms of language I've already used which is not helpful. ,5,4,4,5,65,5,
9/1/2021 8:58:24,A345TDMHP3DQ3G,9989ea7d26a94464a9d94f68bc7832e9,Yes,5,6,3,5,4,5,Some of the suggestions that I got were too basic -- they were just filler sentences that did not actually push the plot forward. ,5,6,4,5,75,4,
9/1/2021 10:23:05,A345TDMHP3DQ3G,b8a0c252c1c749a78de33d1450193961,Yes,6,7,4,6,6,7,I thought that the suggestions could have introduced new plot lines more by getting more specific rather than just being as general as they were.,5,6,6,7,75,7,
9/1/2021 10:51:26,A345TDMHP3DQ3G,SERVER ERROR,Yes,6,6,3,6,7,6,The suggestions could have been a bit more specific about Amanda Jones's motivations as a reporter. ,7,7,7,6,50,6,
9/1/2021 12:14:05,A345TDMHP3DQ3G,994c929ac0db414cbb96423bb245eb7c,Yes,5,6,4,4,4,5,"The suggestions weren't really responsive to my text -- they wanted to give me generic, general conclusions without getting into specifics I had mentioned. ",4,5,5,6,75,5,
9/1/2021 12:27:18,A345TDMHP3DQ3G,f21eaa890253496d9d6ec4d01d9aefc1,Yes,6,4,4,6,5,6,Some of the suggestions were a little too flat; they just didn't catch my attention since they weren't specific enough in details.,7,7,7,7,85,6,
9/1/2021 14:29:59,A345TDMHP3DQ3G,ab54a76d5f3643ca95b0a24783f26921,Yes,6,2,7,4,3,4,"The AI always just suggests that the wolf keep repeating ""dude"" which is not interesting and doesn't move the plot at all.",5,7,4,5,85,4,
9/1/2021 15:15:46,A345TDMHP3DQ3G,77cae115ed8349dbad550de12e5858c1,Yes,4,6,3,6,6,7,The suggestions could have made the characters a bit more multidimensional and suggested lines for dialogue. ,5,6,6,6,75,4,
9/1/2021 18:43:18,A345TDMHP3DQ3G,09c68920f9e5434bb35a22e1909f324a,Yes,7,7,1,7,7,7,"I didn't have any complaints about the AI suggestions this time. They were unique, quirky and made sense for the story while still pushing the plot forward. ",7,7,7,2,40,7,
9/1/2021 21:01:45,A345TDMHP3DQ3G,86b1e2101c3141988dd27079e6963eb7,Yes,6,4,4,5,5,6,Some of the suggestions didn't fit the direction I was going in (I said I was packing a picnic and was rifling through my pantry for supplies and the suggestion was that I packed ice cream),7,4,6,4,60,5,
9/2/2021 0:46:34,A345TDMHP3DQ3G,128bac319cb14dadaaf5c30c3a8ac5cb,Yes,6,6,4,6,6,6,Some of the suggestions that I was given were redundant since they cycled through too many examples of the same thing.,5,5,6,6,65,4,
9/2/2021 1:53:00,A345TDMHP3DQ3G,e758f054db034e8cbf2e2b96cf42dd05,Yes,3,3,4,3,3,2,Some of the suggestions were absolutely unrelated to the plot line I was driving at and they were trying to misdirect my writing to just summarize it as a book or movie release. ,5,3,4,4,70,5,
9/2/2021 2:05:03,A345TDMHP3DQ3G,ad3a61d515cf456cbaa424c7b4ac0f13,Yes,5,4,4,6,5,5,Some of the suggestions that I received were a bit too generic and thus didn't feel appropriate to insert into the story as specifics were required.,5,3,4,4,70,4,
9/2/2021 18:37:01,A345TDMHP3DQ3G,f1e80762c105424fa21955d4520b182b,Yes,7,7,4,7,7,7,Some of the suggestions started to repeat themselves over and over again and they didn't provide fresh ideas. ,6,7,7,7,60,7,
9/2/2021 20:35:27,A345TDMHP3DQ3G,cf7ab63dcc7e4075a1b9deee1d04af60,Yes,5,6,4,6,6,7,Some of the suggestions got a bit flat and just recycled sentences I already had in my story. ,6,6,7,6,75,6,
9/2/2021 20:49:05,A345TDMHP3DQ3G,86a1c83126c749beb1159014d164c679,Yes,5,5,4,6,6,6,Some of the suggestions I received didn't seem like they were in chronological order. ,7,2,6,5,70,6,
9/2/2021 21:00:06,A345TDMHP3DQ3G,fefad5c6b2ca4bd6a6728c1ea12a6232,Yes,5,6,4,6,6,7,Some of the suggestions I got seemed to bring the plot around in circles rather than moving it in a forward direction. ,5,6,6,5,65,6,
9/2/2021 21:20:33,A345TDMHP3DQ3G,7e70d9a7956646909536fb1464168fc8,Yes,4,5,4,6,6,6,"Some suggestions just spit out synonyms of what was already on the page, which didn't feel creative at all.",6,4,6,6,75,4,
9/3/2021 3:21:42,A345TDMHP3DQ3G,409ea6cd2f8347dbb41344d1243c7e17,Yes,6,7,4,7,7,7,Some suggestions were just about turning the story into a book or film so they didn't push the plot forward. ,7,4,6,4,45,6,
9/3/2021 3:39:30,A345TDMHP3DQ3G,7a068257c0b94c05b56e5a11387aae6e,Yes,7,7,4,7,7,7,Some of the suggestions I got were just repeating suggestions from previous times that I had hit the tab key. I had rejected those ideas for a reason already.,7,7,7,2,20,6,
9/3/2021 3:53:18,A345TDMHP3DQ3G,29e036276257406ea2b37fd5e71a56dc,Yes,6,7,3,7,7,7,Some suggestions that I received were a bit too vague and thus wouldn't catch the attention of an audience reading the story. ,6,7,7,7,30,6,
9/3/2021 4:06:17,A345TDMHP3DQ3G,927ad269b1a94de58c22285e806979e9,Yes,7,7,4,7,7,7,"The suggestions went in a raunchier direction than I was originally planning to go in, but I ultimately ended up taking the suggestions since they were funny.",7,7,7,4,50,7,
9/3/2021 4:34:55,A345TDMHP3DQ3G,4ecefd1639824470af6fe22186eaf282,Yes,7,7,2,7,7,7,"The suggestions for this plotline are always the same at the beginning - with the wolf saying ""dude,"" which just feels so repetitive. ",7,7,7,7,50,7,
9/3/2021 8:59:32,A345TDMHP3DQ3G,d6f54aebfd3d40be9044635f5cbec15c,Yes,5,5,4,5,6,6,The suggestions should start wrapping the story up with conclusions at the end of the 10 minute mark but instead the suggestions started branching off into new plot lines. ,6,3,4,4,75,6,
9/3/2021 10:07:17,A345TDMHP3DQ3G,db169bdfdf294eaab67ca9aeb7a7f948,Yes,6,4,4,5,6,6,Some of the suggestions in the opening were all going down the same path (about fighting aliens) and I wanted to take the story in more of a creative turn so I wished the suggestions were more diverse. ,5,6,6,4,70,4,
9/3/2021 10:42:43,A345TDMHP3DQ3G,fa8be9d3e10c4a198762ec08b478a23a,Yes,5,6,4,5,6,6,I wanted the ability to go back to previous parts of my story to edit lines with the AI suggestions but the AI suggestions only worked on the last sentence written. ,7,6,7,4,65,6,
9/3/2021 11:43:20,A345TDMHP3DQ3G,f40b77ed78bc4297bd63c56ef412863a,Yes,6,6,4,6,6,7,Some of the suggestions skipped over time periods that I wanted to cover and just jumped over to the next day entirely. ,5,6,5,5,65,6,
9/3/2021 11:59:02,A345TDMHP3DQ3G,86c417e107854591a69f5fac771a39d0,Yes,6,5,6,6,7,4,I thought some of the examples got a bit redundant so I felt like I was going in circles at times. ,5,6,5,6,60,6,
9/3/2021 12:11:58,A345TDMHP3DQ3G,ae5df98d00ae4136a95a23fbb0bbf5a0,Yes,6,6,4,6,6,7,Some of the suggestions that I got seemed to just be circular and go back to statements I had already made. ,6,6,7,5,50,6,
9/3/2021 13:08:08,A345TDMHP3DQ3G,8499365ffee244d39a7d7faf479fea13,Yes,6,7,3,7,7,7,"I disliked when the suggestions recommended that I use sentences to introduce the story as an actual book written by someone else. I don't want to give a synopsis of a book, but rather tell my own story. ",7,7,7,7,60,6,
9/3/2021 18:07:44,A345TDMHP3DQ3G,6cd01768d763429a9c65131ad293b2fe,Yes,6,5,4,5,5,6,Some of the suggestions were overly redundant and other times I only got a single suggestion rather than a handful to choose from.,5,1,5,4,70,6,
9/3/2021 18:22:25,A345TDMHP3DQ3G,58b22fb410164805b905af9868fc0c18,Yes,6,7,4,6,6,7,Some of the suggestions I received were too vague; I wanted to give more specific details. ,7,4,4,5,65,6,
9/3/2021 18:37:18,A345TDMHP3DQ3G,25ad6925dd65422989e3659250ac9bfd,Yes,5,5,6,4,4,5,I thought some suggestions were skipping over periods of time that I wanted to discuss and cover in my story. ,4,3,1,4,65,4,
9/3/2021 19:00:49,A345TDMHP3DQ3G,02ef07c642254b088b72486ce41e010c,Yes,7,6,4,6,7,7,Some of the suggestions were too vague or didn't fit what I wanted to say (I was talking about a picnic and the suggestion proposed ice cream or non-picnic foods).,6,7,4,4,75,6,
9/3/2021 19:25:57,A345TDMHP3DQ3G,8462cd8c839f4ebbb940326f3af1922c,Yes,6,7,4,7,7,7,"Some of the suggestions didn't feel like conclusions even when I was getting toward the end of the 10 minute mark, and I wanted ideas for how to wrap up.",6,5,6,6,70,6,
9/3/2021 19:40:29,A345TDMHP3DQ3G,f326178e52c34b5b97911cbe8f9c58ba,Yes,6,6,7,6,6,6,"Some of the suggestions were a little more comedic than I was going for (i.e. the name of the restaurant was the Little Shrimp), but it turned out to work for the story. ",6,6,7,6,65,6,
8/15/2021 17:23:35,A394JO4NEPCY3M,9aca14b9d4bc4e4b9b240782bd72c6db,Yes,6,5,2,6,6,6,I would have liked a little more variety with the suggestions.,6,7,7,7,80,6,
8/16/2021 14:36:48,A394JO4NEPCY3M,c39a4e04b8b7471ab8601c74d57dcd1b,Yes,7,6,1,7,7,7,"None, I thought these were very good in variety and helping to take the story in a direction.",6,6,7,6,75,6,
8/17/2021 16:05:12,A394JO4NEPCY3M,b497d14e65404451850e963ceb3073cf,Yes,7,7,1,7,7,7,They could have had more variety.,7,6,6,5,90,6,
8/21/2021 14:07:11,A394JO4NEPCY3M, 0ff12af0651e4b0eaf88e22e82058137,Yes,7,7,1,7,7,7,"I thought they were great, I would not have thought of the mutant angle on my own",7,7,7,6,70,7,
8/31/2021 13:48:33,A3DS5B06ZCD3E3,1a94f1f656ad46d4b58923212e41cdeb,Yes,6,6,4,6,6,7,There seemed to be several duplicate or near duplicate answers in the choices. ,7,7,7,6,85,7,These are a lot of fun. I like seeing if the system can tell what I am trying to write or if it has a separate idea of what is trying to be done.
8/31/2021 14:07:15,A3DS5B06ZCD3E3,8e6cbcb7ebb3489ebf2678edddfd9e6f,Yes,7,7,3,7,7,7,None really. The suggestions were very good and helped me out a lot with ideas and to fill in some gaps.,7,7,7,6,75,7,
8/31/2021 14:50:48,A3DS5B06ZCD3E3,83abfb13942f491b9de32bfcc1c3dc47,Yes,5,7,2,5,5,6,Some of the suggestions seemed cut off or incomplete either mid-word or missing words.,7,7,6,5,70,7,"I like this system a lot. It is very helpful in coming up with or enhancing ideas. A good portion of the time the system is on board with what I am writing and adds great suggestions. Other times it sends me in a direction I did not intend, which can be just as good, allowing me to explore ideas I may not have come up with myself. The HITs are a lot of fun. I hope I can keep doing them in the future."
8/31/2021 15:21:58,A3DS5B06ZCD3E3,79b6b33580664bc1b5c608eb32156bab,Yes,6,7,3,6,6,7,Nothing. The system did a great job at helping out with ideas and suggestions.,7,7,7,6,75,7,
9/2/2021 15:11:17,A3DS5B06ZCD3E3,b42e5d2a56024abda27ec8f8f7424916,Yes,6,5,2,5,5,5,"The system seemed repetitive with it's suggestions, it did however come up with a few really good suggestions after a few tries that helped me out a lot with direction for the story to go.",6,5,6,6,60,7,
9/2/2021 15:26:52,A3DS5B06ZCD3E3,ecb544fef0ec41789b0ca6ce942d2344,Yes,6,7,2,6,6,7,"Nothing really. The system here really helped me build out from where I started. it game me some good specific suggestions, even a name for one of the characters.",7,7,7,6,60,7,
9/3/2021 8:31:54,A3DS5B06ZCD3E3,8024bf1914664591abe824dd583d2d2a,Yes,6,7,2,5,6,6,Once again it was kind of repetitive and a few of the suggestions were cut off and incomplete,7,6,7,6,70,7,
8/17/2021 4:00:57,A3DUPRZSMU9W5R,223f27bcebb5496a850b7ce86d50e910,Yes,1,1,7,1,1,1,"The AI didn't give me any valid suggestion when I tried to use it. The one time, it had only one idea, and I hit tab again. Then it gave me some random computer type explanation and no idea.",1,7,1,7,100,1,none
8/17/2021 4:36:51,A3DUPRZSMU9W5R,110c2c98170f41b3b0f91f3af71ce98a,Yes,6,6,3,6,6,6,"This session went better than my previous one. There were multiple suggestions, and always a couple usable ones.",6,5,6,6,85,5,
8/17/2021 5:34:31,A3DUPRZSMU9W5R,0a8e182a20df447db4846b1223c619b5,Yes,4,2,5,2,2,2,"I think I used the suggestions once or twice. After that, I kept getting the same suggestions when I hit tab, and they would only have been useful if I was at the beginning of the story. IT was frustrating since I found this prompt difficult.",2,4,3,7,90,2,
8/17/2021 6:05:25,A3DUPRZSMU9W5R,11d219390dd847a9809092f91a1416d4,Yes,6,6,2,5,5,5,"The only issue I had was at the end. I was struggling to finish the story and hit tab. The suggestion I got, and there was only one, was the title and author of a book. Nothing useful.",5,5,5,4,50,5,
8/17/2021 6:52:46,A3DUPRZSMU9W5R,0139e814be15409dbab46c2d2d9ca07f,Yes,6,6,2,5,5,6,"There was one time the AI just suggested a sentence I had in my previous paragraph, so that was annoying. But mostly the suggestions were okay.",6,5,6,6,70,6,
8/17/2021 7:05:17,A3DUPRZSMU9W5R,d7e61761eda64607b4b1232dcc09bddc,Yes,7,5,1,6,6,6,"There were a couple of times the suggestions were pretty much the same. A different word or two, but all the same meaning. That made it hard to use them.",6,5,6,6,60,6,
8/18/2021 3:26:45,A3DUPRZSMU9W5R,94e6de534f4b4e2d965348fc3f4e317d,Yes,6,7,1,6,6,6,The examples were many and varied and helped the flow of the story.,6,6,6,6,70,6,
8/18/2021 3:40:03,A3DUPRZSMU9W5R,c99f8c2465da42cc91498fd9d99e360b,Yes,6,5,1,6,6,5,"There was one suggestion that was simply titles of books or information about an author. This was completely useless. I did use another suggestion given to me, later on in my story from the time I requested it initially. So that was helpful.",7,6,7,7,70,6,
8/18/2021 3:54:42,A3DUPRZSMU9W5R,f4aa98d6f88649e786c95c9c77960a26,Yes,6,6,1,6,6,7,"I got really stuck a couple of times, and the suggestions were perfect to help me continue. Even if I didn't use them, they seemed to focus me to where I wanted to go with my story.",6,7,6,7,80,7,
8/18/2021 4:31:49,A3DUPRZSMU9W5R,672cbc4dddf545218344122b24e3fd7a,Yes,7,7,1,7,7,7,I used the system a lot in this story and pretty much for the whole ending because I wasn't really sure where I was going.,7,7,7,5,55,6,
8/18/2021 4:44:43,A3DUPRZSMU9W5R,8ca7402df5f646c3adb963acabde457f,Yes,6,7,2,6,6,7,the suggestions were great and really helped me to keep the story going. I have no issues,6,5,6,6,60,7,
8/18/2021 6:09:02,A3DUPRZSMU9W5R,6840e511d899433ea125410c709f6ed5,Yes,7,7,1,7,7,7,This story was really tough for me to think of. the suggestions of the AI helped to complement my ideas and follow the direction I wanted the story to go.,7,4,6,7,80,7,
8/18/2021 6:30:54,A3DUPRZSMU9W5R,b7bbabfaabda406ba45cd152872abf82,Yes,6,7,1,7,6,7,There were times the AI was able to finish a sentence I had only begun. Also it gave partial ideas I could complete. It worked well for me.,7,6,7,7,80,7,
8/18/2021 8:47:23,A3DUPRZSMU9W5R,0c7bfadbd8db49b4b793e2a46e581759,Yes,7,7,1,7,7,6,"I gave more power to the AI when writing this time and was surprised that it was able to basically do the story without me. I seemed to be the one that offered suggestions or added minor things, but used most of what the AI gave me",7,5,7,3,45,6,
8/18/2021 9:18:58,A3DUPRZSMU9W5R,4be21e1efc0b433bb4c32954340f3da6,Yes,5,6,4,6,6,5,"There was a spot where I mentioned the moon people weren't killed and the US government wouldn't know, but the AI kept suggesting the next part of the story would be to punish the astronauts for disobeying. I just moved on with another idea of my own.",5,2,5,6,80,5,"I wasn't happy with my story, but I don't think it really had anything to do with the AI. I just wanted to go a different route than it did, but I couldn't quite figure out how to make it sound good."
8/18/2021 4:47:30,A3MYPYBVHX7FQ2,be2644ed7bc34c438c36bf80db400c9c,Yes,7,5,2,7,6,2,"The system struggles to come up with any new ideas, as I write on this subject. It's understandable, because this is a very abstract thinking, kind of topic to write on. I find that the system understands the structure of my sentences and phrasing, but it can't really add much to these mystical kinds of concepts. It paraphrased a lot of it's responses to my queries, taking my previous statement and finding a new way to express the same thing. The system did really well, it's suggestions were solid. I didn't find that it was very helpful in taking the story in new directions, on this topic, but that's understandable. A lot of my part in the story was about questioning everything, and that's a concept that I have trouble with, I wouldn't expect any system to figure out things that are beyond my own comprehension. I'll keep trying to work with the system and update this comment, as I go.",7,5,7,6,80,7,
8/18/2021 5:25:56,A3MYPYBVHX7FQ2,138dd7338a0f480584ca1deddb32f6b7,Yes,6,3,2,4,5,2,"The system seemed to misunderstand a lot of what I wrote, this time. It gave me a lot of suggestions that were outside the scope of what we were writing about. It seemed to have a hard time keeping its phrases on topic. I didn't get a lot that I could use from the system this time, but that may be my own lack of focus. The topic was very abstract and difficult to write on, so the suggestions I was getting probably would have worked better if I had been working with better ideas to begin with. I was able to write a story, but I still don't think it was a very good one. I can't expect the system to do a lot better than I do, when writing about a human concept like fatherhood.",7,3,6,7,85,7,
8/18/2021 5:55:02,A3MYPYBVHX7FQ2,7e400fae43e543b0a6719cc2974029de,Yes,7,7,1,7,6,5,"This session was the best one yet, working with the system. The suggestions that it gave me worked as a turn of phrase, working well within the framework of the story as it was written, but the suggested phrases also helped me to find new directions of thought. This was a really good collaboration, with the system. I don't know how good the story is, but it was a lot of fun to write. I don't have any examples of how to improve the system, based on this writing session, because I would love to work with this system, exactly the way it is, again.",7,7,7,6,70,7,
8/18/2021 6:19:47,A3MYPYBVHX7FQ2,84d37eaac05e42fd84fda709a661cf51,Yes,7,6,2,6,5,3,"The system did an admirable job of providing suggestions. Most of the suggestions were kind of an echo of what I had already written, but stated in a new way. This worked well, because when I heard the suggestions, even if they were familiar, they gave me new ideas about where to go with the story. If I have any useful suggestion at all, it would be for the system to take maybe one of the optional suggestions (it seems to average about 4 suggestions per request) and take more of a gamble by giving me back something that is a more dramatic departure from what I've already written. That way, the system can analyze what I use, from its pot luck option, and learn more about how to provide fresh content suggestions. I hope that what I'm saying is coming across as logical, I'm having trouble finding good suggestions to offer.",7,6,6,6,80,7,
8/18/2021 6:49:05,A3MYPYBVHX7FQ2,68b5778423c44a4fb9a48f9a63890b7b,Yes,6,2,3,4,2,2,"The system seemed to be offering suggestions based on more information than I had in the abstract prompt that I was given. It gave me a lot of suggestions, citing authorship, publishing dates, context of the story outside the bounds of the abstract. It wasn't particularly helpful to me, because I was only writing off of the prompt, and did not, or could not, consider the wider subject of the story it was taken from. I would suggest that the AI confine itself to the information given in the abstract, and to not cite any information that has not already been introduced into the story unless it is new, fresh content.",5,4,5,7,90,7,
8/18/2021 7:28:07,A3MYPYBVHX7FQ2,f3f02425b9904e5b8084c47c1c6d2a42,Yes,7,7,1,7,5,6,"The system seemed to follow my lead very effectively this time, because throughout the story I found myself also following the system's lead. It offered suggestions that helped me to form my part of the story. My suggestion would be not to change anything about the system I used during this writing session.",7,6,7,6,75,7,
8/18/2021 8:00:07,A3MYPYBVHX7FQ2,f3bd97b3642443f0869190c50ad0b771,Yes,5,6,2,6,6,4,"The system gave me some suggestions that were just cut out of the abstract writing prompt. Those were not particularly helpful, though maybe they could help the writer maintain focus on the main point of the story. What really helped me was that when the system came up with a good, fresh suggestion, it took the story in a new direction. The system did a really good job of helping me form the story during this writing session. My suggestion right now would be to keep the system working this way, but avoid cutting and pasting directly from the abstract, because it's frustrating for the writer to hope for a suggestion and to be given reused content.",6,6,7,6,75,7,
8/18/2021 9:39:39,A3MYPYBVHX7FQ2,7b3266e380274b95b5a7b775dd937da6,Yes,7,7,1,7,6,5,"I wouldn't want anything changed about the system, the way it worked during this session. It gave me good suggestions that I hadn't thought of, which really helped me to flesh out the story. I liked its suggestions enough to let it guide a good part of the story, which I haven't done with the system in any of the other writing sessions that I've done so far. I've found good suggestions in most of them, but I still felt like I led the overall story. In this session, the system was working toward forming the story in the same way I was, it seemed anyway. It felt as though the system was offering branching possibilities in its suggestions, and that was really helpful. I would suggest that the system is most useful when it offers several branching possibilities, taken from the point of the writer's last line. Like a choose your own adventure story, the computer offers branches that the writer can take to change the direction of the story. It worked well in this session.",7,6,7,6,65,7,
8/22/2021 6:57:00,A3MYPYBVHX7FQ2,725f9e4adc1a4532a34c755cdbf0f5f2,Yes,6,5,2,6,4,6,"The system worked pretty well during this session. I got suggestions that fit right into the narrative. They didn't really take it in any new directions, but they offered some details that I hadn't thought to write. There were a couple of times where the system had no suggestion. I would suggest that it should always take a stab at it, and just offer something. Even a completely inappropriate suggestion may be useful to the writer. Any idea that I haven't come up with myself can change the course of my thought. Other than that, I was happy with the system over this session. I think it did a great job.",7,6,7,6,65,7,
8/22/2021 11:52:36,A3MYPYBVHX7FQ2,12b63e9bbb204e43a40cb95aa7a44b17,Yes,6,6,2,5,4,4,"The system seemed to be stuck in a certain pattern of thought, during this session. I got the same suggestion repeatedly. When it did break from that pattern, and offer a new suggestions, they were useful. The only suggestion I have is to provide more varied responses.",5,4,6,7,75,7,
8/23/2021 3:11:22,A3MYPYBVHX7FQ2,cef96a7714dd4388a3d30fa893191ec3 ,Yes,4,2,4,2,1,1,"The system suggested a lot of ideas that were outside the scope of writing this story. It went deeper into the work that the writing prompt was taken from and offered a lot of inappropriate suggestions, for the purpose of writing a new story. Many suggestions read like a tag line for a book, but not useful at all in writing a story. The few suggestions that I did use were snippets that the system suggested repeatedly. My suggestion would be to give the writer more varied suggestions, and do not give any suggestions that read like a synopsis of the book that the writing prompt was taken from. ",2,4,4,7,90,7,
8/23/2021 9:40:32,A3MYPYBVHX7FQ2,a15863f8588b40cd8ba28a171471031f ,Yes,5,2,4,2,2,3,"During this session the system offered only a few suggestions, repeatedly. I had trouble fitting any of it's suggestions into the narrative. I did use a few, in hopes that it would offer something different a few sentences later, but it never did. It was not particularly helpful this time, though it certainly didn't hurt anything. I just felt that it wasn't much of a collaboration, with the system. My suggestion is to provide more varied responses, which the system normally does.",3,3,3,7,90,7,
8/23/2021 12:03:50,A3MYPYBVHX7FQ2,5d3c9dbeb3e04c82ac88501a6668d530 ,Yes,7,7,1,7,6,7,I had no trouble at all with the system during this session. It helped me to form the story and it gave suggestions that helped to improve the story and to take it in new directions. My suggestion would be to keep up the great work.,7,6,7,6,80,7,
8/23/2021 13:06:58,A3MYPYBVHX7FQ2,57514b6dd0764421a04c0b7a640c926b ,Yes,7,7,1,7,6,6,"Over this session, every time I called the system for a suggestion there was at least one really good choice. The system helped me formulate a story that I really like. I don't have a suggestion for improvement, I only hope the system continues to function in exactly the same way it did during this session.",7,7,7,6,80,7,
8/23/2021 13:39:09,A3MYPYBVHX7FQ2,79757c30997549af8a2d741ed49ff453 ,Yes,7,7,1,6,6,6,"This session was very good. I felt like I was collaborating with a human writer, rather than with an AI powered system. The system did a great job of providing appropriate suggestions, within the context of the story I was writing. It was particularly helpful this time in making suggestions that were varied enough that I had choices on where to take the story, even if I chose to use a suggestion from the system. I would suggest that the system should continue to provide varied suggestions, that allow the story to move in any of several directions. It was a pleasure to work with.",7,7,7,6,70,7,
8/25/2021 12:56:36,A3MYPYBVHX7FQ2,b43dca37a1704c10990f320c35f2828f ,Yes,5,3,3,4,2,3,"During this session, most of the system's suggestions were copies of what had already been written. In some cases they were word for word, and in some cases they were worded slightly differently. The system never really had any new suggestions, after the first round of suggestions. The improvement that would make the most difference would be to offer better, more varied suggestions. ",4,5,6,6,85,7,
8/28/2021 12:17:15,A3MYPYBVHX7FQ2,2cd0471292f14be5bf1ccb9b313e1903 ,Yes,6,2,3,2,3,2,"The system started out with suggestions about stories similar to this one, meaning a lot of information about who wrote them, what they were called, etc. Once it started offering suggestions related to this story, it offered some good filler but nothing that introduced new ideas. I was able to use some of what the system suggested, although a lot of it was repeated too many times to be useful and some of it was just a slight rephrase of what I'd already written and established. I'm not sure I can give specific suggestions on how to fix that, but it would be better if the system didn't look for similar stories and give information about those publications, but rather it should just give a suggestion for what the next line in the current story might be.",2,4,6,6,85,7,
8/30/2021 9:13:46,A3MYPYBVHX7FQ2,a835d25a742840db987cf1fc4f877a98 ,Yes,6,4,2,5,4,5,"The system recycled a lot of its suggestions this time. It kept using the same suggestions again and again, even when the suggestion had already been used in a previous line. I would suggest that the system should only make a suggestion once, especially if it has already been used earlier in the story.",5,5,6,6,75,7,
9/5/2021 11:29:05,A3MYPYBVHX7FQ2,6938b4a468aa482ba459d2fbe140cb30,Yes,6,7,1,2,2,4,"Throughout most of this session, the system either had no suggestion or a suggestion that had been repeated, already more than once. I would have liked to have seen more suggestions from the system, it seemed to be lagging pretty badly on the idea generation. I did love the fact that the couple of suggestions that it did have, that were fresh and that I could use, were very good ones. I was able to get a new perspective on the story and take it in a new direction, based on the systems input. That was great. All I would suggest is that the system should do a lot more of that, if possible.",4,6,6,4,90,7,
8/15/2021 21:00:28,A3O5RKGH6VB19C,ff0d41e1426c410bbf87423713ac5e89,Yes,7,7,1,7,7,7,I think some of the times I pressed tab the AI would give me sentences that didn't fit my story whatsoever.,7,7,7,7,65,7,Thank you!
8/15/2021 21:13:38,A3O5RKGH6VB19C,a567ef08f6c54b6bbfa892f39c462934,Yes,7,7,3,6,6,7,I didn't really use the suggestions for this story. I wrote it basically all on my own. I didn't even ask for a suggestion.,7,7,7,7,100,6,Thank you!
8/15/2021 21:25:20,A3O5RKGH6VB19C,f3ecf0ce872940238b0bd429a3e36322,Yes,7,7,1,7,7,7,Some of the suggestions were repeated and/or had very little depth to them.,7,7,7,7,85,7,Thank you!
8/15/2021 21:36:51,A3O5RKGH6VB19C,5e7e514646ae4e468f3f20972dac1ddc,Yes,7,7,1,7,7,7,Some suggestions were too short and some were basically the same idea but worded differently than the other suggestions that were shown.,7,7,7,5,70,7,Thanks!
8/15/2021 23:06:20,A3O5RKGH6VB19C,7062d62b58b64877aab1d5e95b927616,Yes,7,7,1,7,7,7,Some of the suggestions were repetitive or very short,6,7,7,5,50,7,Thank you!
8/15/2021 23:17:44,A3O5RKGH6VB19C,9a01bc361d3c4dd09d596c716c16f5a3,Yes,7,7,1,7,7,7,Some of the suggestions were very boring and bland. 3 word sentences for example.,7,7,7,5,50,7,Thank you!
8/15/2021 23:29:15,A3O5RKGH6VB19C,3ec4b47601ca4e9892edbd08b3173742,Yes,7,7,1,7,7,7,Some of the suggestions were too paint by numbers. For example the suggestions would just describe the next book in the series without any detail,7,7,7,6,65,7,Thank you!
8/15/2021 23:41:22,A3O5RKGH6VB19C,892c76509c2c4082810a501b3775a405,Yes,7,4,1,6,5,6,The suggestions were a little bit too creative or out of this world for my taste.,7,7,7,5,40,7,Thank you!
8/15/2021 23:56:09,A3O5RKGH6VB19C,b79b62f6c9c3404488b5265566f61b57,Yes,7,7,1,6,7,7,Some of the suggestions were very harsh and involved murder,7,7,7,7,65,7,Thank you!
8/16/2021 0:10:43,A3O5RKGH6VB19C,b821e4ee78184af086b8e229b0387500,Yes,7,7,1,7,7,7,I didn't use many suggestions for this story. The starting suggestions are a bit bland just naming book titles. I've seen this frequently for the Mana topic.,7,7,7,7,85,7,Thanks!
8/16/2021 0:30:39,A3O5RKGH6VB19C,85592766aa1940778f8f71cda90305e1,Yes,7,7,1,7,7,7,The suggestions ran out towards the end and only gave me 1 or 2 choices,7,7,7,7,80,7,Thanks!
8/18/2021 23:22:03,A3O5RKGH6VB19C,12c0273868a84564a5f001c3c086f69f,Yes,7,7,1,7,7,7,I didn't really use any of the suggestions,7,7,7,7,95,7,Thanks!
8/18/2021 23:32:52,A3O5RKGH6VB19C,7b7b1b40027c4974ade1850596e6726f,Yes,7,7,1,7,7,7,The suggestions were a bit repetitive and very unusual,7,7,7,7,75,7,Thanks!
8/18/2021 23:43:42,A3O5RKGH6VB19C,876a292223a74b1a8ad5525d93b26d69,Yes,7,7,1,7,7,7,The suggestions were great for this story. Very unique and creative. No issues.,7,7,7,7,65,7,Thanks!
8/18/2021 23:54:21,A3O5RKGH6VB19C,1da7eb35b68842dc9b5017abaf1359d4,Yes,7,7,1,7,7,7,I didn't really use any suggestions for this story.,7,7,7,7,95,7,Thank you!
8/19/2021 0:04:52,A3O5RKGH6VB19C,ba1b42a591f4447596e99b6c0a5164b3,Yes,7,7,1,7,7,7,I didn't use the suggestions,7,7,7,7,100,7,Thank you!
8/19/2021 0:15:33,A3O5RKGH6VB19C,e1bbde599aba419990efb136ec4ece38,Yes,7,7,1,7,7,7,The suggestions were creative and helped flow right within my story. They were great.,7,7,7,7,90,7,Thank you!
8/19/2021 0:37:32,A3O5RKGH6VB19C,1bf54732c8a34ff6bc71dcfe7357629a,Yes,7,7,1,7,7,7,I thought the suggestions got a bit repetitive at times.,7,7,7,7,75,7,Thanks!
8/19/2021 20:38:32,A3O5RKGH6VB19C,b5612ede07954874974dfa8a6a921a8b,Yes,7,7,1,7,7,7,Some of the suggestions had nothing to do with the overall topic.,7,7,7,7,80,7,Thanks!
8/19/2021 21:02:23,A3O5RKGH6VB19C,396eb60f16924286997ddd4db4517074,Yes,7,7,1,7,7,7,The suggestions got a bit repetitive towards the end.,7,7,7,7,75,7,Thank you!
8/19/2021 21:13:27,A3O5RKGH6VB19C,8231b08c98d34682b96603ad677c4806,Yes,7,7,1,7,7,7,I didn't really notice anything bad about the suggestions. They were creative.,7,7,7,7,85,7,Thank you!
8/19/2021 21:24:11,A3O5RKGH6VB19C,ce2b86e8e9264ab8b1b5a14c1fb0dad4,Yes,7,7,1,7,7,7,I didn't really use any suggestions for this story.,7,7,7,7,95,7,Thank you!
8/19/2021 21:34:42,A3O5RKGH6VB19C,bd761f35e22b41bcb90697aa4c0050e0,Yes,7,7,1,7,7,7,I didn't use any suggestions for this story.,7,7,7,7,100,7,Thanks!
8/19/2021 21:45:25,A3O5RKGH6VB19C,7e7ec06df61a456c8574f64dd26389a5,Yes,7,7,1,7,7,7,The suggestions were the exact same sentences. 4 suggestions would show and they'd all be the same.,7,7,7,7,90,7,Thank you!
8/19/2021 21:56:08,A3O5RKGH6VB19C,dc2078ed9a2d4ebd84853c014639bd1f,Yes,7,7,1,7,7,7,I didn't use any suggestions for this story.,7,7,7,7,100,7,Thanks!
8/20/2021 0:15:00,A3O5RKGH6VB19C,815f2133a4634d7b88b1697b1f8a5d1e,Yes,7,7,1,7,7,7,The suggestions helped me when I had writers block. No issues here.,7,7,7,7,65,7,Thank you!
8/21/2021 20:52:02,A3O5RKGH6VB19C,93a0f456389043b787013a489df403ad,Yes,7,7,1,7,7,7,I only used the opening suggestion prompt which was a great way to kick my story off,7,7,7,7,95,7,Thank you!
8/21/2021 21:01:49,A3O5RKGH6VB19C,9747a45190cc48ae8634b5070735c11b,Yes,7,7,1,7,7,7,I didn't use the suggestions,7,7,7,7,100,7,Thank you!
8/21/2021 21:55:36,A3O5RKGH6VB19C,e6011509fc00436ab743f12fa6a27714,Yes,7,7,1,7,7,7,The suggestions were very creative but some were a bit too creative and out of the box in my opinion.,7,7,7,7,75,7,Thank you!
8/21/2021 22:11:01,A3O5RKGH6VB19C,27b13d9fcfad4e4081c56f8bf2817b72,Yes,7,7,1,7,7,7,The suggestions are a bit whacky and some don't really make sense considering the topic of the story.,7,7,7,7,85,7,Thank you!
8/21/2021 22:59:37,A3O5RKGH6VB19C,e4de659d6e5a44eca6c88b18dc300d70,Yes,7,7,1,7,7,7,I didn't use any of the suggestions.,7,7,7,7,100,7,Thank you!
8/21/2021 23:24:37,A3O5RKGH6VB19C,a87286598bc54313b39f6ce6013541bf,Yes,7,7,1,7,7,7,I used the first suggestion to help give me a basis for my story which was extremely creative and helpful.,7,7,7,7,100,7,Thank you!
8/22/2021 0:02:19,A3O5RKGH6VB19C,bb89b8b76a9847f9ba0d7e67fc4fc23e,Yes,7,7,1,7,7,7,I didn't use the suggestions.,7,7,7,7,100,7,Thank you!
8/22/2021 0:14:18,A3O5RKGH6VB19C,8485dc74018447939e7fd20e351b63c9,Yes,7,7,1,7,7,7,I didn't use any of the suggestions,7,7,7,7,100,7,Thank you!
8/22/2021 20:31:55,A3O5RKGH6VB19C,92532185a1a447e09fc3843b26c520db,Yes,7,7,1,7,7,7,I didn't use any of the suggestions.,7,7,7,7,100,7,Thank you!
8/22/2021 20:42:10,A3O5RKGH6VB19C,0ce718a22fd341feb59ef4f7aede8827,Yes,7,7,1,7,7,7,I didn't use any suggestions,7,7,7,7,100,7,Thank you!
8/22/2021 21:00:48,A3O5RKGH6VB19C,af65522335f442adb473691320ba5f09,Yes,7,7,1,7,7,7,I only used the first suggestion to help me kick start the story and it was very creative.,7,7,7,7,95,7,Thanks!
8/22/2021 22:55:14,A3O5RKGH6VB19C,734cbb77f63544e5bce5a23f35c9f601,Yes,7,7,1,7,7,7,Some of the suggestions were very short and not really usable. Like 2 or 3 words.,7,7,7,7,90,7,Thank you!
8/25/2021 21:16:05,A3O5RKGH6VB19C,ddb2183ab2224a258be8dd496f662eed,Yes,7,7,1,7,7,7,I didn't use any suggestions.,7,7,7,7,100,7,Thanks!
8/25/2021 21:56:01,A3O5RKGH6VB19C,3f0f0ddbc9dc46de8ca3622aa4f09119,Yes,7,7,1,7,7,7,I used a suggestion for the opening prompt because I was having issues coming up with a storyline arch. It was very helpful,7,7,7,7,90,7,Thank you!
8/25/2021 22:30:58,A3O5RKGH6VB19C,87396211fee244ccbda4b0f4bcefc8e9,Yes,7,7,1,7,7,7,I didn't use any of the suggestions,7,7,7,7,100,7,Thank you!
8/25/2021 23:25:19,A3O5RKGH6VB19C,305e22c5b2754d1d90f76cf5e2157660,Yes,7,7,1,7,7,7,I didn't use any of the suggestions,7,7,7,7,100,7,Thank you!
8/26/2021 0:22:59,A3O5RKGH6VB19C,ae05e585f42146a283168fdee429ddea,Yes,7,7,1,7,7,7,The suggestions were very helpful even though some of them were pretty plain/boring,7,7,7,7,90,7,Thank you!
8/26/2021 20:26:07,A3O5RKGH6VB19C,773aa615d24d4471911f2e43e9081f71,Yes,7,7,1,7,7,7,I didn't use any suggestions,7,7,7,7,100,7,My internet went out for about a minute and then re-connected. Sorry for the inconvenience.
8/26/2021 20:36:46,A3O5RKGH6VB19C,e3d026e8ecb1421ca9ef198526fd4633,Yes,7,7,1,7,7,7,I didn't use any of the suggestions,7,7,7,7,100,7,Thanks!
8/18/2021 5:25:14,A3OLRWACCCCUTU,3d6d562a736a49509c20be372a83d111,Yes,7,7,1,7,7,7,"None, the system did a great job helping me with the story.",6,6,6,7,50,7,
8/18/2021 9:44:35,A3OLRWACCCCUTU,cf41b69d79a14f2ea9c8179de2f84479,Yes,5,6,1,6,6,6,"Some off topic options, but pretty good overall",7,6,7,7,50,7,
8/21/2021 18:51:30,A3OLRWACCCCUTU,5773114053f147a69bd6790843ea4fd8,Yes,4,3,3,3,3,4,"I got one sentence options, and in one case one option and then when I hit tabbed there were no more.  When I did get multiple options they were nearly identical.  I've done a few stories and this is the first time that the suggestions didn't help me.",3,7,4,7,70,4,I've done 3 or 4 of these HITS and this is the first time that the suggestions were generally not useful.  
8/22/2021 4:45:06,A3OLRWACCCCUTU,d16a6136b82b42eba1e61ff0a4ac3293,Yes,7,7,1,7,7,7,The AI was very helpful and gave me good ideas to keep the story moving.,7,7,7,7,60,7,
8/24/2021 13:30:17,A3OLRWACCCCUTU,b21c00d7e32543f8a6e1b55574044733 ,Yes,6,5,1,6,6,7,I would have liked a slightly larger variety of prompts; they were generally similar to one another.,6,7,6,7,70,7,
8/26/2021 6:06:53,A3OLRWACCCCUTU,9350869f0d24492c920c83e0a9507648 ,Yes,6,5,1,6,5,6,There was a decent variety of options that helped me move the story forward but I would have liked a little more creativity.,7,7,7,7,70,7,
8/26/2021 11:15:55,A3OLRWACCCCUTU,7b827c9dbe9547fbae0a89de75863527,Yes,4,3,3,4,3,4,"There were times no recommendations were available, and when they were they often weren't very creative or different from what I was writing.",5,6,6,7,85,4,
9/3/2021 7:05:16,A3OLRWACCCCUTU,a4e360c64c944328afc066c7a321575f,Yes,7,5,1,6,6,7,I would have liked some more creative responses but I got enough to be able to continue the story.,6,6,6,7,70,7,
9/3/2021 8:55:15,A3OLRWACCCCUTU,c793fab594334531a25d19557c0f5ee0,Yes,7,7,1,7,7,7,"I thought I got good suggestions this time, although some of them within a single tab request were quite repetitive, just a word or two changed.",6,6,6,7,65,7,
9/4/2021 5:08:50,A3OLRWACCCCUTU,a88bea9bbf624105afc21cf6e6e052c8,Yes,7,6,1,6,6,7,I did have one time that I wasn't able to get suggestions,6,7,7,7,60,7,
9/4/2021 6:13:46,A3OLRWACCCCUTU,696d64891a2947f6af20032eef450ff7 ,Yes,4,4,3,3,3,4,"After the prompt, I received a series of suggestions that were not applicable or useful.  I didn't get many good recommendations for this prompt.",4,6,4,7,80,4,
9/4/2021 7:38:32,A3OLRWACCCCUTU,ef145d5c1ad94981bbea37ec48c4eb2e,Yes,6,6,1,5,6,4,"I got some contradictory recommendations that didn't flow with earlier parts of my story.  Specifically, I said the movie wouldn't be replayed after the change was made, and kept getting recommendations around the moving playing again with the change.",6,6,6,7,70,6,
9/5/2021 10:07:51,A3OLRWACCCCUTU,3ad000b9400447d9bd7f7dc101975973,Yes,7,6,1,6,6,6,"There were a few times I got recommendations that weren't helpful, but overall they were good this time.",6,7,6,7,65,7,
8/23/2021 17:36:09,A3P9TM5PRYBH90,7f9c5917c21f49ffb83d155fcc268ce9 ,Yes,6,2,3,2,3,2,Many of the suggestions did not make sense logically within the story. For example the AI placed me within the group that had taken the drug although I was slightly to old to have done so. ,3,6,6,6,70,2,
8/23/2021 17:53:13,A3P9TM5PRYBH90,b01c3090a9204cc2a74830b611722d53 ,Yes,6,2,5,3,3,3,"Many of the suggestions started with something like ""This story is about..."" and seemed more like a explanation or review of the story than a continuation of it . ",2,5,6,6,60,2,
8/23/2021 22:16:38,A3P9TM5PRYBH90,9805d172a4e64a0f9c1fd87e2c2f093a ,Yes,6,5,3,5,5,6,The AI suggestions made sense for the most part but some were a little generic. ,5,5,6,5,60,4,
8/23/2021 22:32:19,A3P9TM5PRYBH90,7481e5512d9f40959eebccd763d6ff87 ,Yes,7,6,2,5,6,6,"Many of the suggestions this time were quite appropriate and creative, although there were still a couple of examples of descriptions instead of continuations. ",6,6,6,5,60,5,
8/23/2021 22:50:14,A3P9TM5PRYBH90,6861c7f0f19645ffb563275d11fad363 ,Yes,6,5,2,5,5,6,"Some suggestions were illogical, along the lines of ""the wolf said to the wolf..."". ",6,6,6,6,65,4,
8/28/2021 20:46:53,A3P9TM5PRYBH90,935513674eb5493c99261d5e137fc1bd ,Yes,2,5,2,5,5,6,"The AI repeatedly missed the second quotation marks in a sentence. Otherwise the suggestions were okay, if not very creative. ",3,5,6,6,65,3,
8/28/2021 21:07:13,A3P9TM5PRYBH90,5426f8469fda44fb85b815bc1a1ed884 ,Yes,6,5,2,5,5,6,"The suggestions were a bit more creative this time, for example the idea that the US ""started the war"". ",6,6,6,6,65,5,
8/28/2021 21:41:20,A3P9TM5PRYBH90,15225b481e3e4c4dab5c641b940b59b1 ,Yes,6,5,2,5,6,5,"The suggestions were appropriate but I found towards the end that they were too repetitive when I wanted to change course for the last ""reincarnation"". ",6,6,6,6,60,5,
8/28/2021 22:13:13,A3P9TM5PRYBH90,17e61e6248cb4b1fae8ea73dc6bd70f7 ,Yes,6,5,3,5,6,6,The suggestions seemed not to be stuck in format as they have sometimes been in other stories. ,6,6,6,6,70,5,
8/31/2021 0:09:19,A3P9TM5PRYBH90,1055a72721454912a8a38ea009d84a09 ,Yes,6,4,3,5,4,4,Some of the suggestions simply reiterated what I had already said previously. ,5,5,6,6,70,4,
8/26/2021 11:23:08,A3S67QA0SQVPUJ,56474bc3ca56477aaedb2a3e68f9411d,Yes,7,7,1,7,7,7,I had no issues with the suggestions.  I was impressed at how well some of the suggestions fit with my story.  I didn't encounter anything that made me think that it needed to be improved.,7,7,7,7,75,7,
8/26/2021 11:48:38,A3S67QA0SQVPUJ,fbb32c24be3a4c2ca06df09c9b881fc0,Yes,7,7,1,7,7,7,"There was one time where the suggestion was just a repeat of a previous sentence.  Other than that, the system did well.",7,7,7,7,80,7,
8/26/2021 12:54:30,A3S67QA0SQVPUJ,73b5e738538a4faaae2e02478f7c50bc,Yes,7,7,1,7,7,7,The suggestions were flawlessly this session.  I had no issues.,7,7,7,7,75,7,
8/27/2021 5:34:55,A3S67QA0SQVPUJ,bbad29dc74f346269cc42a7563e4c865,Yes,7,7,1,7,7,7,I have no suggestions to add.  The suggestions worked well in giving me ideas on what to write.,7,7,7,7,70,7,
8/27/2021 5:51:23,A3S67QA0SQVPUJ,75502f7ab83b42189c79a1972db22bb0,Yes,7,7,1,7,7,7,I thought the suggestions performed wonderfully this session.  I don't have any suggestions. ,7,7,7,7,70,7,
8/27/2021 6:23:07,A3S67QA0SQVPUJ,8cce12dd32d841368470d67ab55f4efb,Yes,7,5,1,6,6,6,"If there was a way to get the suggestion to offer ""ending"" phrases that would be great.  If I am trying to end the story, it would be nice if I could pick from a set of suggestions that are more tailored to be phrases I could end with as opposed to continuing the story.",7,7,7,7,80,7,
8/27/2021 10:19:22,A3S67QA0SQVPUJ,1e93ad6e64e4478886b3fc31bef6a960,Yes,7,7,1,7,7,7,"I had a hard time trying to figure out how to start the essay.  However, the suggestions did really well in suggesting good sentences that I could use as an opener.  That is a very handy.  More of that would be nice.",7,7,7,7,60,7,
8/27/2021 10:50:11,A3S67QA0SQVPUJ,e8cdd0418ddb4263ae2799ded6316693,Yes,7,7,1,7,7,6,I thought the suggestion system did well so I have no tips for improvement.  I enjoyed how the system was able to give me a suggestion that helped me when I was stuck writing.,7,7,7,7,60,7,
8/27/2021 11:42:17,A3S67QA0SQVPUJ,b7ad3c9340a24e57b3c342bc9ffb73ee,Yes,7,7,1,7,7,5,The suggestion system was very helpful in this session.  I had no issues.  It seemed to grasp very well what I was writing about.,7,7,7,7,60,7,
8/29/2021 9:59:39,A3S67QA0SQVPUJ,5c1905e6a05c4203b624c4db10ede78a,Yes,7,3,1,4,4,4,There were multiple times where the suggestion system couldn't provide any suggestions.  I wasn't able to use the system as much to aide me in generating creative ideas.,5,6,5,7,90,5,
8/29/2021 10:39:30,A3S67QA0SQVPUJ,cb7d2cf75ece48b78a11b138e7f22600,Yes,7,7,1,7,7,7,I had no issues with the suggestion system.  It seemed to understand very well what I wanted to write.,7,7,7,7,70,7,
8/29/2021 11:14:56,A3S67QA0SQVPUJ,057b11be0cbb400ea2cfda2cf75292b2,Yes,7,6,1,7,7,7,It would be interesting if I could choose a topic for the suggestion system to generate an idea about.  That way I can use the suggestion system in more specific situations.,7,7,7,7,70,7,
8/31/2021 5:46:23,A3S67QA0SQVPUJ,0f2696c6c8b84e138f7eee63d731acfc,Yes,6,5,1,5,5,5,The system worked well in providing suggestions that were related to my previous comments.  I didn't have any issues.,6,7,7,7,80,7,
8/31/2021 6:28:13,A3S67QA0SQVPUJ,826d810475364edcb986259d5f3cfac2,Yes,7,7,1,7,7,7,The system did very well in this session.  I don't have any issues.  The suggestions system provided a great way for me to end the story which I liked.  It offered a suggestion about how the two characters walked by each other on the street.  I used that to make a good ending.  ,7,7,7,7,70,7,
8/31/2021 8:58:54,A3S67QA0SQVPUJ,6d6a8d63190243f685256031a59166dd,Yes,7,7,1,7,7,7,"I had no issues with the suggestion system.  I was very impressed by how it guessed exactly what I wanted to write.  For example, I was planning on mentioning one of the ""aliens"" in the story having a microchip.  I hadn't mentioned a chip in my story yet.  Yet, the system actually had a suggestion with a microchip in it.  ",7,7,7,7,75,7,
8/31/2021 9:20:40,A3S67QA0SQVPUJ,7505aec150f0434b8d1a0d15606c03d4,Yes,7,7,1,7,7,7,I had no issues.  The system was able to create good phrases that allowed me to transition to different parts of my story.,7,7,7,7,80,7,
8/31/2021 9:46:05,A3S67QA0SQVPUJ,f0b4803428a846c6b22e2d420e980a33,Yes,7,7,1,7,7,7,I had no issues with the suggestions.  The suggestions were very relevant to my writing.  It took into account my previous sentences.  ,7,7,7,7,80,7,
8/31/2021 10:18:57,A3S67QA0SQVPUJ,374e55af5f8642bdb6134332a8c6bc20,Yes,6,5,1,6,4,7,"The system did really well in suggestion phrases that were based on my previous writings.  In this session, I would say it didn't do well in suggestion relevant creative topics.  ",7,7,7,7,70,7,
9/1/2021 7:11:14,A3S67QA0SQVPUJ,17aac7590a114243a031617242747722,Yes,7,5,1,6,6,6,"I thought the suggestion system did well during this session.  It gave me a number of creative suggestions that fit within my story.  For example, there was a suggestion about a new anchor in my story that fit well.  More of that would be great.",7,7,7,7,70,7,
9/1/2021 7:41:52,A3S67QA0SQVPUJ,c6f8250e587f4288a48a616b2f1c1c6d,Yes,7,7,1,7,7,7,The system was a great help in this session.  There were certain areas where I was stuck and wasn't sure where to take the story.  The system helped with good suggestions.  I had no issues.,7,7,7,7,70,7,
9/2/2021 10:46:29,A3S67QA0SQVPUJ,3a4269f1287c41b39e11e940c82b5867,Yes,7,4,1,7,4,5,"In this session, I think the system was a little more repetitive.  It didn't help me create anything new.  It repeated sentences that were very similar to ones that I had written.",7,7,7,7,80,7,
9/3/2021 10:43:57,A3S67QA0SQVPUJ,2ce71b3ded9340529f08b8ce0bc0a2d1,Yes,7,5,1,7,5,6,"I thought the system did well in generating comments that helped to connect the themes of my writing.  It didn't present any creative new ideas, but it was still useful.",7,7,7,7,70,7,
8/15/2021 17:58:48,A3VEF4M5FIN7KH,5b721b51643b41c38ee4ddb543f0d8f6,Yes,7,7,1,7,7,7,I don't know. It was really helpful in giving me good suggestions to use to write the story.,7,7,7,7,80,7,I love the software. It really does work well!
8/30/2021 16:19:16,A3VEF4M5FIN7KH,4bdb5a30d17d40d7b160d942552c190b,Yes,7,7,1,7,7,7,It's hard to say as it's already very competent. ,7,7,7,7,85,7,
8/18/2021 13:15:58,A3VEF4M5FIN7KH ,e81d6b763cc44618a315a087b3ff155c,Yes,7,7,1,7,7,7,"I don't know if there are aspects that can be improved. I had the AI give me a suggestion for every last line in every paragraph to see what it could come up with and it was so relevant to the story and so understanding it's kind crazy. It's amazing. After the AI line in the last paragraphs, I wrote in parenthesis that it was the AI's line with an arrow pointing toward it to indicate that.",7,7,7,7,97%,7,I love this AI! I would seriously buy this AI from you to help me write various stories to see what it could come up with.
8/18/2021 13:50:52,A3VEF4M5FIN7KH ,5d97592b669a4155b2f8d7308d649c0d,Yes,7,7,1,7,7,7,I can't think of any way for it to be improved.,7,7,7,7,90%,7,
8/24/2021 12:42:45,A6KOTWP7N7RLU,25742b852b764843b15266008afdc15d,Yes,5,5,3,4,4,5,"I saw some suggestions from the AI that were random and nonsensical during this session.  I don't know why that happened, but it was distracting.  Otherwise, the system worked about as well as could be expected",5,6,6,6,75,5,
8/24/2021 12:57:51,A6KOTWP7N7RLU,53d34e075dc2454ebbc4e4e8878b0d15,Yes,6,6,4,5,5,5,"At some points in the process I wanted to go back and read previous suggestions, but I could not retrieve them.  I wish there was some way to go back.",5,5,5,5,65,4,
8/24/2021 13:32:07,A6KOTWP7N7RLU,e4611bd31b794677b02c52d5700b2e38,Yes,5,4,4,5,4,4,"The AI was helpful at first, but after a while it just started repeating its suggestions",5,4,5,5,80,4,
8/24/2021 13:48:54,A6KOTWP7N7RLU,7e42d4f3a53b4c3d9a55b6d3a7f7c6cb,Yes,5,5,2,4,4,3,"The AI was helpful at first, but quickly stopped providing me with any suggestions.  I wanted to interact with it more toward the end, but it didn't have anything to say.  Even fairly random suggestions could have been helpful.",4,5,5,5,80,4,
8/24/2021 14:04:15,A6KOTWP7N7RLU,4db95dde4eec4612b04570858ad628bf,Yes,5,5,3,5,4,4,"Everything worked pretty well this time, and I don't really have any suggestions.  The AI is working about as well as I have come to expect",5,5,6,5,80,4,
8/24/2021 14:23:41,A6KOTWP7N7RLU,eabc1c5c071c494ca5b65a3262ed7bbc,Yes,5,5,3,5,6,5,"I couldn't even read some of the first set of suggestions, because they were not visible at the top of the page.  And when I tried to resize the page, the suggestions disappeared after a few seconds, and I couldn't get them back.  There shouldn't be a time limit attached to the suggestions.  It might take a few seconds to decide on what I want to write!",5,5,5,4,85,4,
8/24/2021 14:53:43,A6KOTWP7N7RLU,ea7af12565a149238fc599eba8774c6b,Yes,6,4,3,6,6,4,"The suggestions were very creative this time, but they were different than what I had already started writing, so I couldn't use many of them.  Perhaps there could be a way to say ""more like this"" or to downvote some of the suggestions in order to get more useful prompts?",5,5,6,6,90,4,
8/24/2021 15:13:12,A6KOTWP7N7RLU,c2af9e5faf164318999484aaf8b04de2,Yes,4,5,4,4,4,3,"The AI was giving a lot of random suggestions this time, telling me things about video-game players.  At one point, it even copied one of my own sentences and suggested it to me for the next paragraph.  I think that this was a glitch.",4,5,5,6,90,4,
8/24/2021 15:34:51,A6KOTWP7N7RLU,af58ab552c724ef2bff4dd8108581e1c,Yes,5,5,2,6,6,6,"I don't really have any suggestions this time, because the AI seemed very perceptive of what I was writing, and its suggestions were reasonably helpful.",6,6,6,6,85,5,
8/26/2021 17:10:21,A6KOTWP7N7RLU,4542a8d2310247d1917ff1c79ac6171f,Yes,5,4,3,4,4,4,"I wish that the AI had more suggestions, and didn't just repeat itself so often.  When the AI has so few suggestions, perhaps there could be a timed reminder to collaborate with it every few minutes, so that writers don't get carried away and forget to at least try to get some input from the system.",6,6,6,7,90,4,
8/26/2021 7:33:30,A8C3WNWRBWUXO,1ee47cccb17b462e9947db961eb49b32,Yes,6,6,5,6,6,7,"The only thing is that the system seemed to know where my story was going and continued the path.  It did not provide any divergence, or push me in an alternative direction.",6,6,5,5,60,6,"I was surprised that it could read my mind, in terms of my intentions."
8/27/2021 18:30:48,A8C3WNWRBWUXO,f64a674b006c4fa6adaf1bba48049f6c,Yes,6,5,2,6,5,6,"The system did allow me to find words and phrases that expressed clearer what I was trying to say.  It seemed to be aware of the direction I was talking too, especially in the middle, when I was starting to find a structure to the story to bring it to a conclusion.   It did not prompt any change in direction, or alternate path, only carrying on did the path I had chosen.",6,3,3,4,60,6,"I struggled for an ending, or a way to wrap it up neatly.  I didn't feel I got much help with that, any of the suggestions I got just prolonged the story."
8/29/2021 7:11:03,A8C3WNWRBWUXO,1dbf9b439ab34c5e93c85bea3d285880,Yes,6,4,3,6,4,6,"The suggestions seemed relevant to what I was writing, and it seemed to know when I was making plot twists, and responded accordingly.  The suggestions were basic, and did not really prompt any spark of creativity in me, only carrying the narrative I'd already written.",6,5,4,6,65,6,"It does help to flesh out ideas and thoughts, but I did not feel it helped me be more creative."
8/29/2021 8:58:07,A8C3WNWRBWUXO,1a05d6f6ae524b638b5e3ea491d3fc4d,Yes,6,2,4,2,2,2,"I don't feel I got much help here developing my ideas, or received any suggestions that advanced the story.  Many of the suggestions were repeated over and over.  I did not feel the system understood, too well, the line of thought  I was pursuing.  When I did use it, it was only as emphasis of what I had already laid down.",4,3,3,5,75,3,I just did not feel it understood the story I was trying to tell.
8/29/2021 18:15:18,A8C3WNWRBWUXO,18de1e1d4baf4aabaf525a1f5bae3432,Yes,6,2,5,3,2,3,"I really did not feel that the system helped me much here.  I didn't really feel the suggestions  flowed from what I had written, or even sparked any ideas for me.  I tried the whole way through, but nearly all suggestions felt irrelevant to what I was trying to express.  Even at the start, I could not find a good starting sentence.",2,3,3,6,80,2,"I really struggled with this prompt.  I found it hard to get into a story.  I asked the system four or five times to start it off, but never felt happy with any suggestion."
8/30/2021 7:32:32,A8C3WNWRBWUXO,8f7e2949da2c45e597b39ee6e3f85d84,Yes,6,4,3,5,3,5,"I did not feel the systems helped me expand my ideas, or story.  It could help me with where I was at, and provide suggestions for line that carried on with my train of thought.  I did not feel it helped me come up with new ideas or point me in a new direction.  I struggle with wrapping up the story, and did not feel I was helped in this regard.",4,3,3,5,65,4,"I struggle to create a story, from the starting point, and coming up with a conclusion was not easy."
8/30/2021 8:12:39,A8C3WNWRBWUXO,62dbcb617b014907a21929678a2f985d,Yes,5,4,4,4,3,5,"At there beginning there were many irrelevant suggestions, book titles and description, not story ideas.  Later the system could see what I was writing and add content.  It did not lead me down any new paths but did finish and add to thoughts I already had.",5,5,3,3,70,5,I find it easier to use the system on the argumentative essays instead of the creative ones.  I feel the suggestion more helpful.
8/31/2021 8:25:35,A8C3WNWRBWUXO,d85ddd25fd5641a78bc996b77c55e82a,Yes,5,4,4,4,4,5,"My first few recommendations had no relevance to the task at hand, talking about video games, it seemed.  Later on it was able to assist me craft sentences better, but it did not really aide in crafting the story, or provide me with ways to progress.",4,3,3,5,65,3,I did not feel to happy with the story and struggled to find a narrative I was happy with.  I would have like more suggestions on how to progress from the starting point.
8/24/2021 10:54:12,ABL2FXYMI00T6,08fe846a966b49dea381904d0fc6d7a6,Yes,6,4,6,3,3,4,"Most of the suggestion were either repeated or did not make any sense, for this topic there wasn't much creativity in the suggestions.",4,3,4,6,80,5,
8/24/2021 11:08:04,ABL2FXYMI00T6,b7786334c02b44e8b062463726e43203,Yes,6,6,3,6,5,6,This writing session I experienced no issues with the suggestions. The suggestions were overall good for creativity.,6,6,6,3,50,6,
8/24/2021 11:26:39,ABL2FXYMI00T6,498f1c843ea64e9c8e1d90850b4a676b,Yes,7,7,2,7,7,7,This session had the best suggestions yet. So many excellent one's for creative writing. Absolute 10/10 for this session.,7,7,7,7,20,7,
8/26/2021 7:47:59,ABL2FXYMI00T6,feb421930b1a46f2a4829239384c1bd9,Yes,5,3,4,4,4,4,Just give a few more options as some options were repeated throughout,6,2,4,4,60,4,
8/19/2021 19:39:00,AFIK3VBMMX6G6,4ae07eece3a740de9b77f65ae67a10ad,Yes,5,6,4,5,5,4,"AI sometimes doesn't attempt to draw specifics from previous sentence, instead being general",7,6,7,5,70,6,
8/23/2021 12:47:13,AFIK3VBMMX6G6,af3a9e8494e54fa0a28ecb7267f02018,Yes,7,6,4,6,6,6,"short, surprising relevant suggestions",7,7,7,6,90,6,
8/23/2021 19:35:17,AFIK3VBMMX6G6,b6936e96569b4b878e78370c516df55b,Yes,7,6,4,6,6,7,Very brief and relevant responses,7,5,7,5,90,7,
8/27/2021 17:28:32,AFIK3VBMMX6G6,90a244e4c76240ab942d8f56b971b6f2,Yes,7,7,3,7,7,6,Startlingly relevant plot forwarding suggestions,7,7,7,5,75,7,
8/15/2021 17:37:27,AFRJKS3Z3H4CA,4d56ca2cb8c44243a3c86dd80216c1d5,Yes,6,4,2,6,4,6,One time the system didn't have a suggestion,7,5,6,5,95,6,
8/15/2021 19:00:57,AFRJKS3Z3H4CA,7e9c3c8fbe1f4a02bcb9940a2bf95d9f,Yes,6,5,2,5,5,6,Some of the suggestions seemed to deviate wildly from the plot intro provided,6,6,7,5,90,6,
8/26/2021 21:01:52,AKLV0WIZZ356X,ec3d1c0f86a04f8eaea5df982cf79284,Yes,6,7,1,7,7,7,It was so funny. I don't even care if I get paid these hits are the funniest things I've done in a long time!,7,7,7,6,60,7,OMG that is one funny story!
8/24/2021 8:08:39,AM2KK02JXXW48,c68e3e04c564413fab31d6765cba7f77,Yes,7,4,5,6,4,5,"I wrote a full paragraph first without any suggestions, then I moved to a new paragraph and pressed tab, but it said that it had no suggestions.  ",6,6,7,6,80,7,Good luck!
8/24/2021 8:24:40,AM2KK02JXXW48,657931777f324506a86264da2d0d5793,Yes,7,7,1,7,7,7,"Later in the story, I got a suggestion about me being the Queen of England, which I didn't realize earlier when the bee was telling me that I was it's queen. ",7,7,7,7,60,7,Great system!
8/30/2021 15:43:45,AM2KK02JXXW48,0ae783e63f2f485a87f61b8159276c57,Yes,7,7,2,7,7,7,"At one point where I needed a suggestion, it didn't have any for me, so I had to think of something new on my own.  No big deal. ",7,7,7,7,50,7,Good luck!  Not sure if this was submitted twice because of some odd message from Google forms. 
8/30/2021 15:58:46,AM2KK02JXXW48,c55eedaec6ea4aecb9d9cf1fb616a89d,Yes,7,7,2,6,6,7,"It helped a lot with the middle and ending parts to continue the story.  The beginning suggestions did not help, but after writing a bit, the suggestions were much better. ",7,7,7,7,75,7,Good luck! That was a funny premise to start with.  (Obama getting a message from JFK)
8/26/2021 6:17:42,ANCIB6B6EBBIJ,90e9b5945ef5420ea02c7e982df952c2,Yes,6,6,3,7,7,6,There was one instance where the system seem confused about which character was speaking in the dialogue last. The wolf was inviting the Pig to eat sandwiches but the system suggested the Pig had the sandwiches. This wasn't a big problem though.,6,7,7,6,45,7,Creative writing with this system is actually pretty fun.
8/26/2021 6:37:51,ANCIB6B6EBBIJ,1450f586cc5543b69ba4c22ebd2c7fa0,Yes,7,6,4,6,6,7,This time around some of the suggestions were pretty basic and predictable. I had to get more creative on my own and then it seemed to give me more unique suggestions. ,5,5,6,6,55,6,
8/26/2021 6:58:47,ANCIB6B6EBBIJ,b7ba03e9a46a46b79e31ff492b20c30e,Yes,7,4,6,5,5,5,I could have used more creative suggestions I suppose. No specific examples that I recall. ,6,6,6,7,65,5,
8/26/2021 7:16:19,ANCIB6B6EBBIJ,dca80ac7cfd148638a9c0f4b027f720a,Yes,6,7,5,7,6,5,When I got too creative on my own it took a second to follow. It didn't make the best suggestions after I decided to travel in time in the story. ,5,5,6,6,70,6,
8/26/2021 7:40:42,ANCIB6B6EBBIJ,099ea17dc4c24eba8603270c97edd468,Yes,7,6,3,7,7,6,"When I asked for suggestions after mentioning that I was a woman, EACH one mentioned falling for a man, or husband related thing. I felt that it jumped to husband pretty quickly after mentioning gender, as though the system interprets people to be heterosexual by default. This continued with a set of suggestions later as well. ",7,7,7,7,50,7,
8/26/2021 8:26:43,ANCIB6B6EBBIJ,745644f53bdc47409855cc751518e25b,Yes,7,7,3,7,6,5,"There was one spot where it didn't seem to understand where I was going with the story. There was a spy who now belonged to the people and the system kept thinking it still belonged to the aliens, so its suggestions weren't very useful in that section. ",6,7,7,7,70,6,
8/26/2021 8:45:20,ANCIB6B6EBBIJ,cecb749518a84dce992bdcb9c97ec242,Yes,7,7,4,7,7,6,In one instance the AI seemed to back track a bit and make a suggestion similar to what I already said. I think it was when I mentioned the drone? Mostly it was amazing this time though. ,7,7,7,7,65,7,This prompt was hilarious and the AI seemed to continue the humor.  I was laughing the whole time I was writing.
8/26/2021 11:30:19,ANCIB6B6EBBIJ,0c3f03f1c5a44e4bbe66a5c9571797d9,Yes,7,6,3,7,7,7,"On one instance, I used a suggestion and then later it suggested the same phrase again. Something about ""forming a plan..."" But this was no big deal because the other ones were good. ",7,6,6,6,60,7,
8/26/2021 11:47:52,ANCIB6B6EBBIJ,3be804ca8a1d41a4ba5cdeb64b126575,Yes,6,4,4,7,6,4,"On the first couple of times I went for a suggestion, the AI didn't seem to understand at all what I was talking about. Toward the middle of my writing, I received a couple of suggestions that referred to Lost Generation, a phrase used in the prompt, as a literary work or book or something which was odd. ",5,5,5,5,78,5,The prompt on this one was a little confusing to me. I just guessed what it was intended to mean and went with it. 
8/26/2021 13:27:28,ANCIB6B6EBBIJ,152a3e1fac0e4bb0a90b1bbb7a6d57e5,Yes,7,5,3,7,7,7,"On one of my first suggestions, it almost repeated the prompt, which wouldn't have been very useful. ",6,7,7,7,75,6,
8/26/2021 15:25:09,ANCIB6B6EBBIJ,f02fab15925149cf9daa0f299d54f587,Yes,7,6,3,7,7,6,A little repetition. Once I only got one suggestion when I expected to get a few more (spider web).,6,5,6,6,68,6,
8/26/2021 16:17:55,ANCIB6B6EBBIJ,4d44dbfbf4b34c8a9e28065b836b5893,Yes,7,7,2,7,7,6,I wasn't sure which direction the story should take in the beginning and my suggestions were too general to help much at first. But farther in I got great ideas from the AI that were much better than I could have come up with. ,6,7,7,7,50,7,
8/26/2021 16:33:34,ANCIB6B6EBBIJ,8f5facc84faa440aaab8b05968fbdf4a,Yes,7,7,2,7,7,6,"I got some strange suggestions of a political nature that mentioned getting dynamite from China, and one that casually referred to ""free trade liberals in the US"". But my writing wasn't going in that direction so it was odd.",6,5,6,5,65,5,
8/26/2021 16:49:40,ANCIB6B6EBBIJ,7834dec912b34643afb92b7c3648a3fe,Yes,7,7,3,7,7,6,"I felt like I could have used more direction, not inspired by a lot of the suggestions. No specific examples this time. ",5,6,5,6,78,5,
8/27/2021 11:33:28,ANCIB6B6EBBIJ,a1e9b672e5814598a1ec37a8210b8c12,Yes,6,2,6,7,4,3,The system didn't have very many suggestions for me. Several times it gave me nothing. I used a couple of suggestions I was given but after that I struggled with it. ,2,3,3,4,83,2,The system didn't seem to know what to suggest or what I was writing this time. 
8/27/2021 12:24:23,ANCIB6B6EBBIJ,605b87492b46451d8a0ece93161368fc,Yes,7,6,1,7,7,6,The system made a suggestion about ..the mugs being defective because they were from China? This is happened before as though the AI is against China or something. ,7,6,7,7,55,7,
8/27/2021 13:05:28,ANCIB6B6EBBIJ,057fad39f01646e5901eb1fb4dd33aca,Yes,7,4,5,7,5,6,I wasn't helped in a very creative way by the suggestions this time. Lots of repetition. ,4,4,5,5,60,4,
8/27/2021 19:16:44,ANCIB6B6EBBIJ,fd2ec09a682148418ea610817afcc79a,Yes,6,5,5,7,6,6,The first couple of sets of suggestions lagged in creativity. This got better later. ,6,6,6,6,65,6,
8/27/2021 19:41:59,ANCIB6B6EBBIJ,229fee620c9e41f3bf737ffa9217b3d3,Yes,7,6,4,7,7,7,"When I wrote about a thing happening, a suggestion would be ""..and I was the one who made that happen"" or something like it. I used it once and it was good but I got this type of suggestion a few times.",6,6,6,6,65,5,
8/29/2021 10:23:46,ANCIB6B6EBBIJ,a1818a53e4114dd3a3f002dc7f2c2f58,Yes,7,7,2,7,7,7,This time it basically read my mind. It seemed to understand what I meant creatively and gave me useful new ideas on where to go next while still understanding what I was saying. Best ever. No suggestions this time.,7,7,7,6,55,7,
8/29/2021 10:41:20,ANCIB6B6EBBIJ,6d9638620ea946b2bdcc898c41c24ac7,Yes,6,5,5,5,6,6,"In many suggestions the sentence started ""In this story..."", or ""...the story then..."" and even though I used it once, it wouldn't have sounded good to keep repeating it.  ",5,5,5,5,75,5,
8/29/2021 11:26:41,ANCIB6B6EBBIJ,780dc8712eb44ac2a05c14452f14973d,Yes,7,5,4,6,6,6,"Instead of creative ideas, the suggestions were often overly simplistic and similar (...he was happy/...and he was very happy, I was happy for).",5,5,5,6,75,5,
8/29/2021 13:03:02,ANCIB6B6EBBIJ,32a94859448a444fb63afd21ee7168eb,Yes,6,5,6,7,4,3,"It didn't seem to understand what I was trying to write. Like it wanted me to restart the story ""...a woman was dating a shapeshifter"" or something like it was a common one even though that was already established.",4,5,5,5,68,4,
8/29/2021 13:38:29,ANCIB6B6EBBIJ,1187a14aa85d4c568e31d968b2aeadbd,Yes,6,6,3,6,6,5,"Toward the middle the suggestions were like ""this story is told by..."" as though I was at the beginning. Otherwise good this time.",6,6,6,6,65,6,
8/30/2021 8:16:27,ANCIB6B6EBBIJ,85bb144c94404f85ad2931edf1bcb8ae,Yes,7,5,6,6,5,5,"I got a few suggestions I was able to use, but I really felt like I had to push it along this time and do most of the creative work compared to other sessions. It was slow going with the help from the system. ",4,5,5,5,85,4,
8/30/2021 9:13:47,ANCIB6B6EBBIJ,c8fdf07a6af74a27b488098538e3076e,Yes,7,6,3,7,7,6,"This time the system really gave good ideas for what to have the bee say next when I felt stuck. They were grammatical and conveyed an understanding of what I had written. My suggestion for improvement would just be to have more groupings of suggestions that are similar to that, where I feel there is more than one usable option.",6,7,6,7,65,6,
8/30/2021 13:53:00,ANCIB6B6EBBIJ,112e8b0e22094577ae3e513d70f78432,Yes,7,6,3,7,6,7,"Some of the suggestions had very simple wording that made use of what I had already typed, but this was still ok. The system did a good job of understanding where I was going with the story this time.",7,6,7,6,70,6,
8/30/2021 14:23:05,ANCIB6B6EBBIJ,5983f704429c4b41a0b0f6fea354fad0,Yes,7,6,2,7,7,6,"At first I wasn't getting anything good to work with. Then at the point of suggesting ""I would become a doctor and give the old people immortality too"", which I used, the system was much more creative for me. ",6,7,7,7,65,6,
8/31/2021 10:03:08,ANCIB6B6EBBIJ,66b3ac872822426e81bab531fb15d8a0,Yes,6,5,3,7,7,7,The suggestions reflected an understanding of what I was trying to write and added fluently to it. It did not give me many new details or ideas though. More creativity would have improved this session.,6,6,6,7,70,6,
8/31/2021 10:18:03,ANCIB6B6EBBIJ,3fdafca346c94f52ac5b9588a48e0a56,Yes,7,6,2,7,6,6,"Good this time, however one of the best suggestions I got was repeated later although I had used it. No big deal.",6,6,7,6,68,5,
8/31/2021 10:42:53,ANCIB6B6EBBIJ,3f863581f1214664915dc34aacbe4be6,Yes,7,6,3,7,6,6,The suggestions showed a little less understanding of what I had written this time. It gave good new ideas though.,6,6,6,7,75,5,
8/31/2021 11:15:41,ANCIB6B6EBBIJ,fbc03301aebb4715b6b8b6d1891c6c2f,Yes,7,6,3,7,6,6,"A couple of times the suggestions somewhat reworded what I had already said, but otherwise fine.",6,6,6,7,70,5,
8/31/2021 11:31:28,ANCIB6B6EBBIJ,f5b4cac9a2ab4796b736928609ed7a02,Yes,7,6,5,7,5,5,"The suggestions I used were ok, but they needed to be reworded quite a bit to fit the story.",5,6,5,6,75,4,
8/31/2021 12:04:28,ANCIB6B6EBBIJ,3d7f50f368ad4acdb051a9a31c886c9e,Yes,7,7,2,7,7,6,Some suggestions were really out there but in a good way. I had no problems being creative with the given suggestions this time.,7,7,7,7,60,7,
8/31/2021 12:43:10,ANCIB6B6EBBIJ,fbd087c5c3ab48f1b6540c80976e3285,Yes,6,5,5,6,5,5,A lot of the suggestions this time showed no understanding of where in the story I was. For example on the first turn of suggestions I got one or two that would have sounded better at the very end of a story.,4,5,4,5,78,4,
9/1/2021 6:05:08,ANCIB6B6EBBIJ,6a8ad2fab02342468fff4be1b15dc1d1,Yes,7,6,3,7,6,6,Good this time other than I would have liked a little more creative help. ,5,6,6,6,65,6,
9/1/2021 6:30:42,ANCIB6B6EBBIJ,9c8cd9880da74366ba28673147d87d34,Yes,7,6,3,7,6,6,"The system was great at giving me another line to finish the part I was on, not as good at helping me to think of where to go with it next.",6,6,6,6,78,6,
9/1/2021 7:30:14,ANCIB6B6EBBIJ,2848a799f11d4a41b15f5c91dd89eff2,Yes,7,6,2,7,6,6,"In the beginning, a few suggestions were restatements I things I said, but this improved toward the middle and it followed along with what I was writing quite well.",6,6,7,7,60,6,
9/1/2021 7:53:28,ANCIB6B6EBBIJ,b8ccae873da141edbbe0dd86d2eee55c,Yes,6,5,4,6,5,5,"A few of the suggestions were strange. One started with the words, ""The first book..."" ",5,6,5,7,75,6,
9/1/2021 8:26:39,ANCIB6B6EBBIJ,d1aad60e3f7f4dd68721bfd157247a99,Yes,5,4,6,5,5,4,"I got some repetition. After I already talked about ""the green spreading..."" it suggested I say something like ""And the green has spread"" more than once. ",5,5,5,4,80,3,
8/16/2021 7:58:00,APRZ7BR8C0ZMQ ,322cc9be91574818ae2811e740e7d142,Yes,6,6,5,6,6,5,"I do like that there were a variety of choices, NOT only one or two and they were different.",6,6,5,6,92,5,
8/17/2021 5:40:59,APRZ7BR8C0ZMQ ,e1c857cecaf04ee6a38149b0d5e6abdb,Yes,6,7,6,5,6,6,"I liked the variability of suggestions, it offered an improvement that was applicable almost every time.",6,7,6,6,84,6,"Actually seems to be improving, fasinating."
8/17/2021 16:08:17,APRZ7BR8C0ZMQ ,116ae37dd7f5497c8257767b81a72cf3,Yes,4,3,4,3,3,2,"Early questions were answered well but things degraded quickly. The second or third time I asked for help I got a two word answer and a three word answer, the three word was a simple addition of one word to the first, lastly, I kept trying and it kept saying try again or something though it never worked?",2,3,2,6,99,1,"Malfunciton at end, no suggestions offered."
8/18/2021 5:34:17,APRZ7BR8C0ZMQ ,575d39d6fb394e859cb5c29fd5ad876e,Yes,5,6,4,5,6,5,"I liked how it gave some divergent suggestions, allowing me to rethink some ideas in a new light.",6,7,6,5,90,4,
8/18/2021 12:52:17,APRZ7BR8C0ZMQ ,a4f09dbc1ed0489399cf6d1db00c5a89,Yes,6,5,6,6,5,5,I like the varied responses and how they pertained to the actual story line.,5,6,5,6,86,5,
8/22/2021 5:58:16,APRZ7BR8C0ZMQ ,d6918db6b5c8463c8bf5943e1b68acb6,Yes,6,6,4,5,5,6,"I once tried to press the tab a second time when the first suggestions didn't seem great and it just didn't work, not even re showing me previous things, nothing.",5,6,5,7,89,4,
8/22/2021 14:47:12,APRZ7BR8C0ZMQ ,9dc3070beb854b7db6c55d083cd41611,Yes,6,6,5,6,6,5,I liked the idea about Aliens being surprised and went from there.,5,6,5,7,95,6,While I used fewer promts the ones I got here were very valuable.
8/25/2021 9:35:38,APRZ7BR8C0ZMQ ,ce969e3aa6374189abe638aa61b3ffc9,Yes,5,4,7,3,3,4,"I didn't like most of the suggestions today. I wanted to go with more of a twist at the end and the suggestions, if taken, would have prevented this.",3,2,3,7,99,1,
8/30/2021 15:33:45,APRZ7BR8C0ZMQ ,93468eec16324f109abec7010cd13ebd,Yes,5,4,5,6,5,4,"It was ok, but the opening line got me going so fully, I just minimally checked in using it.",5,7,5,7,95,4,
9/1/2021 6:03:50,APRZ7BR8C0ZMQ ,91e110c2a3884b2dbbeaddacfdd21607,Yes,6,6,5,5,6,6,Some suggestions weren't grammatical.,6,6,6,6,80,6,
9/2/2021 6:14:56,APRZ7BR8C0ZMQ ,607fb1c6e4ad4d81b2bf1ae1a73cf50e,Yes,6,7,4,6,6,7,I liked how it was able to actually come up with clauses NOT simply whole sentences to complete a tough sentence I devised.,6,6,7,5,80,5,
8/17/2021 3:42:51,ASVRLMDNQBUD9,b93e342180e34c518e2ff42b2589a68e,Yes,6,4,3,6,5,6,"At first it did not give good ideas, but after a few tries it did so it was ok.",7,6,7,7,70,7,"Nothing I can think of to add here, thanks."
8/18/2021 3:36:51,ASVRLMDNQBUD9,4188274e748741b7be255974e7b1f6d9,Yes,2,1,7,2,2,1,"The AI kept trying to end the story and finish it with almost every suggestion. (normal the AI is really good, but not this time for whatever reasons)",2,6,5,7,90,7,"Nothing I can think of, thanks."
8/18/2021 4:40:31,ASVRLMDNQBUD9,adb2b2bbd3fb48fa8433ee84a26949a5,Yes,7,7,2,7,7,7,"The AI did really great time, it could not have done any better.",7,7,7,7,85,7,"Nothing off the top of my head, thanks again."
8/18/2021 4:56:17,ASVRLMDNQBUD9,2bb646dbeedc487c9bab6b1d5db5b5fc,Yes,6,7,3,7,7,7,"Although the AI heavily influenced my story into space, maybe it could throw out other ideas also. More choices basically.",7,7,7,6,80,7,No comments come to mind. Thanks.
8/18/2021 5:27:40,ASVRLMDNQBUD9,34f5ead6ffce44cfbdbd9cd0ef47f0c5,Yes,7,6,2,7,7,7,"The AI stayed on point and helped guide the story, and I used it a lot so I can't come up with any suggestions to improve it in this case.",7,5,7,4,60,7,
8/18/2021 6:05:00,ASVRLMDNQBUD9,f1c5ca52c9754a37b10dce55cf5113e2,Yes,1,1,7,1,1,1,It kept telling me it had no ideas and to press tab again. I wrote most the story myself because the AI did not understand. I have no idea how to improve that.,2,5,4,7,95,7,
8/18/2021 6:35:48,ASVRLMDNQBUD9,42ea34cfb3954bfebc704486cb3462e3,Yes,6,5,4,6,6,6,"The AI didn't really have an issue with what to write, just could use a few more ideas tossed in to maybe guide the story in a different direction.",7,6,7,6,80,7,
8/18/2021 7:00:20,ASVRLMDNQBUD9,d080eb9e0389497685a76d4e63148fad,Yes,6,5,4,6,6,5,"At first, the AI had no ideas. After I wrote for awhile though it really picked up and had some good ideas. I don't know if it scans all the writing, or just the last few sentences. But maybe have it scan all the words if it doesn't already. Just an idea, sorry.",5,7,6,7,85,7,"This was a fun story. I promise I'm not crazy, I don't think so anyways haha. It's good to smile sometimes."
8/18/2021 7:25:46,ASVRLMDNQBUD9,8d9a97731918431e8dd6560adb8cd0fa,Yes,7,7,2,7,7,7,"The AI did amazing this time and really followed the story and gave great ideas (even if I changed them a bit). So I have no examples here, or ideas for improvement.",7,7,7,5,75,7,
8/20/2021 3:31:39,ASVRLMDNQBUD9,2d9bcb435a994711829fe6b05f256fdb,Yes,6,6,3,6,7,7,"The AI did not provide many ideas this time around, but the ones it did were good (like mad scientist haha). Maybe provide more ideas.",7,5,7,6,80,7,"Thanks, stay safe and have a great day."
8/20/2021 3:47:47,ASVRLMDNQBUD9,fa039fa4741a4a53a7afa9ed1deac769,Yes,6,2,7,2,2,2,"The AI this time just kept repeating the same suggestions over and over everywhere in the story. Not sure what could improve that. Normally the AI is on point, but not this time unfortunately.",4,3,5,7,95,7,"Thanks, have a a nice day."
8/20/2021 4:23:35,ASVRLMDNQBUD9,ba931f5050e7409ebba26e00d532cc7c,Yes,4,1,7,1,1,1,"The AI just gave the same suggestions over and over, or it just suggested what I had already written. ",2,4,5,7,90,6,Thanks.
8/20/2021 4:37:31,ASVRLMDNQBUD9,b48593a56908434488ca3c140744c642,Yes,7,7,2,7,7,7,The AI had great ideas here and went with the flow of the story amazingly. Impressive this time. ,7,7,7,5,70,7,Thanks.
8/20/2021 5:03:29,ASVRLMDNQBUD9,484eba21615341fab99300bfe20873fb,Yes,7,7,1,7,7,7,This story was fully influenced by the AI. It really guided me what to write about. It flowed really well with some good ideas.,7,7,7,5,70,7,"Stay safe, and have a great day."
8/20/2021 5:34:12,ASVRLMDNQBUD9,61b701c8a98542bb9c1c9682478fdfe6,Yes,6,6,2,6,6,5,The AI did pretty good in giving ideas. My only suggestion is maybe have it add more ideas to the pool of suggestions. Not bad overall though.,7,6,7,6,80,7,
8/20/2021 7:09:34,ASVRLMDNQBUD9,45c57b13f71640fdb17c555a58f2c66b,Yes,7,7,2,7,7,7,"The AI was great here, some of it's idea made me laugh out loud. No need for improvement for this story with the AI.",7,7,7,6,80,7,
8/20/2021 7:23:31,ASVRLMDNQBUD9,a8c30083f77c4b94a0d4e72b4ed25114,Yes,7,7,2,7,7,7,"The AI really gave me some great ideas here, and knew where the story was going. Almost in a kind of creepy way. Hmmm.",7,7,7,7,80,7,"Thanks, and stay safe."
8/31/2021 3:42:16,ASVRLMDNQBUD9,826e515ad8af4f68a59534c15844da37 ,Yes,7,7,1,7,7,7,"This story was mainly the ideas from the AI, and it did a pretty good job. I'm happy with it.",7,7,7,4,60,7,
8/31/2021 4:05:16,ASVRLMDNQBUD9,3a2ebf0908de4181a06d27b93f0ac07c ,Yes,6,6,3,6,7,6,"The AI most of the time had good ideas to expand the story, a few times I used it, sometimes not. Maybe allow the system to provide more ideas at times.",7,7,7,7,80,7,"This is more meant to be a comedy piece. I don't believe any of those conspiracy theories at all. I thought it would be funny to roll all of them into one story. I probably missed a few I could have added though. Still, it was fun."
8/31/2021 4:35:02,ASVRLMDNQBUD9,947065accb8b402c98fb2aa62a497842 ,Yes,7,7,1,7,7,7,"Only once in the beginning, it did not really generate any good ideas. After a few words I typed the problem was solved. The AI helped guide the story fair enough.",7,6,7,7,70,7,
8/31/2021 4:48:55,ASVRLMDNQBUD9,0cdd8e982e894f6aa234227042e12ec3 ,Yes,7,7,1,7,7,7,This pretty much was the AI's story idea. I just ran with it. The AI did great.,7,7,7,4,70,7,
8/31/2021 5:16:34,ASVRLMDNQBUD9,bd4dc28d6e1b469bb4b96239b8fcfef9 ,Yes,7,7,1,7,7,7,"The AI did great in helping me decide what direction to take the story. But a suggestion I just thought of to help out the workers of this task would be possibly if there is every any other batches of this writing work with AI, add a counter so we know how many stories per topic we have written via our IDs. I count them on notepad because I know we can only do 5 per topic, but it would be a huge help in keeping count. No big deal, just an idea though. Thanks.",7,7,7,6,70,7,
8/31/2021 6:21:55,ASVRLMDNQBUD9,0fbf50af937946a1be1ab6e605f91167 ,Yes,7,7,1,7,7,7,"I have to give the AI credit for the main idea in this story. It did well. Only once it tried to write the finishing of the story before I was ready, but that wasn't really an issue for me.",7,7,7,5,65,7,
8/31/2021 7:50:26,ASVRLMDNQBUD9,174bb16d13624281abe2a1bc7e2a7050 ,Yes,7,7,1,7,7,7,"I was smiling as the AI guided the story. Even more when it suggested ""The Illuminati"". That was great, so I went with it. AI did a good job directing my ideas here.",7,7,7,5,70,7,
8/31/2021 8:04:46,ASVRLMDNQBUD9,cf3c59ec3ff64c539da0ee9633dc44cf ,Yes,7,7,1,7,7,7,The AI had some good ideas here. I wish it had a few more though. Maybe less boring ideas. maybe that was just me though.,7,5,7,5,80,7,
9/1/2021 5:57:27,ASVRLMDNQBUD9,f8e0496b35c64e35b500e2034493eb8e ,Yes,6,3,3,5,4,3,"Almost every time, the AI didn't really have any good ideas for the story that were interesting to me. Normally it does, but not this time.",4,4,5,7,90,7,
8/24/2021 2:18:09,AUAAHI7AUJ419,487b5640ef074f349ca6850f92cc46ce,Yes,7,7,3,7,7,6,"A lot of the suggestions were interesting, and a couple had two or three that would have been neat and made it tough to choose. Several of them changed where the story was going so far.  Some of the suggestions that I chose not to use were sort of obvious, like a zombie apocalypse type scenario which would be fun to write and read, but is often seen already. ",6,5,5,3,60,5,
8/27/2021 0:10:27,AUAAHI7AUJ419,b93b7bff90944fa19b65fc0b12b55cd8,Yes,5,6,3,5,5,7,"Some of the suggestions repeated things already in the story or that were already suggested before, or the same after hitting tab again. However, it also exactly predicted the frog. ",6,6,6,5,65,6,
8/24/2021 1:28:39,AZCGF2D7QIO10,c4e852c4b21b4703a485d93b618361cd,Yes,7,7,2,6,7,6,Just keep working on getting better suggestion because they are pretty good now but could be better.,7,7,7,7,80,7,
8/24/2021 1:46:13,AZCGF2D7QIO10,e139a4f9ea0c4ea3b7b3481eea070f29 ,Yes,7,7,1,7,7,7,No improvements needed.,7,7,7,7,70,7,
8/24/2021 2:36:02,AZCGF2D7QIO10,41950f3dbe8c4717b71d57f54c6ae0b7,Yes,7,7,1,7,7,7,The suggestions were great this time.,7,7,7,6,60,7,
8/24/2021 2:54:31,AZCGF2D7QIO10,22a12c79a5914030aea6e0aa6d5edefe,Yes,7,6,1,7,7,7,Nope. Even when I thought the system would not understand what I wanted to write it still found something.,7,7,7,6,80,7,
8/26/2021 0:22:41,AZCGF2D7QIO10,8eb73d4db00044b1bb63808e3365e90c ,Yes,7,5,1,6,7,7,The AI worked really well in this story.,7,7,7,7,70,7,
8/26/2021 1:22:42,AZCGF2D7QIO10,d7a1c8b4a98e4abc8a7236c858fa7ee6,Yes,7,4,2,7,6,7,I didn't use it so much this time. But the AI did help me write better sounding sentences. ,7,7,7,7,85,7,
8/27/2021 2:07:31,AZCGF2D7QIO10,6e886e695d98418e9eaca62a07bcef02,Yes,7,7,1,7,7,7,The suggestions were really good this time.,7,7,7,7,80,7,
8/31/2021 3:03:46,AZCGF2D7QIO10,b36defcb6838467db4486349793492fc,Yes,7,7,1,7,7,7,Some of the sentences were the same but written different.,7,7,7,5,70,7,
8/15/2021 17:30:11,AZLZA0Q87TJZO,7267ada18a784f5089b55427212251b3,Yes,6,7,2,7,7,7,"Some of the suggestions were very close to each other, only varying by a couple of words at times. It would be nice if there were greater variety.",7,7,7,7,75,6,
8/16/2021 7:03:15,AZLZA0Q87TJZO,5bb9fe2145ff4374b3c007f0486bdd0a,Yes,5,3,4,5,4,3,I kept getting suggestions for inserting movie titles with directors. That wasn't really helpful for the story I was writing.,7,5,5,6,90,5,
8/16/2021 8:01:15,AZLZA0Q87TJZO,786e6c194f0a4fd182440d297bfc3b9f,Yes,5,6,3,6,6,7,"This one was pretty good, but I got in a flow and didn't use it as much as I would have otherwise. The suggestions were varied and made sense. I liked the options given to me.",7,7,7,7,90,7,
8/17/2021 12:42:55,AZLZA0Q87TJZO,787875eafca34b36a32a0a4d81c620c1,Yes,7,7,2,7,7,7,It feels out of place to have what looks like advertisements for books in my stories. I'd love to have those removed so better things can take their place.,7,7,7,7,75,7,
8/19/2021 17:05:14,AZLZA0Q87TJZO,9b1d2408672e4e8595c322bc04146995,Yes,7,7,1,7,7,7,"There was one time I was looking for a suggestion and it told me there weren't any! That was a surprise, and it made it a little harder for me to continue.",7,7,7,6,75,7,
8/26/2021 7:37:59,AZZA3J049G7R5,a5dee567f6554c59bb8fafd85f547c22,Yes,7,5,6,7,6,5,"The suggestions this time around was very nice, although I could have wished a better punch line in the end.",7,6,7,7,70,7,thank you!
8/26/2021 7:54:49,AZZA3J049G7R5,8e3031ed15ff4c748daf78f4daff41f9,Yes,7,4,3,6,6,5,"I wrote about something that the other countries was discussing and the United States wasn't on the discussion, but it kept suggesting that the United States was involved in the discussion.",7,7,6,5,80,7,thank you!
8/26/2021 8:23:26,AZZA3J049G7R5,2ced6b82b2c349d2a09e64c35328ecef ,Yes,7,7,2,7,7,7,I expected for a name to be suggested but it did not suggest a name.,7,7,7,5,70,7,"Thank you, that was fun and definitely the story was made up, I love my dad."
8/26/2021 8:37:36,AZZA3J049G7R5,5265ab6df085473795385139bc7f821a,Yes,7,7,1,7,7,7,"I was trying to add another sentence in the end but there were no more suggestions. However, the suggestions this time around were on point and I legitimately laughed out loud on the hashtag suggestion, it was too good.",7,7,7,4,60,7,Thank you!
8/27/2021 7:25:52,AZZA3J049G7R5,d1edc05d6a4a411db965bb9a8adc3339,Yes,7,6,5,7,6,6,"I'm probably nitpicking at this point, but the suggestions were more serious and it did feel like I want to be playful with what I wrote with the sad moments, it was originally going to be ""embarrassing moments"" but turned to sad because the suggestions were serious.",5,6,6,5,80,7,thank you!
8/27/2021 7:42:50,AZZA3J049G7R5,961d4965c2c94d7b98223b2f3c9eb30a ,Yes,7,6,6,3,6,3,"This was a bad story, as I was thrown off with the Goku line and I should have picked a different one.",6,1,7,2,70,7,thank you!
8/27/2021 8:33:48,AZZA3J049G7R5,23b4bbf06990474a9607178c5e4c95a9,Yes,7,7,3,7,7,7,"In one instance, It repeatedly tried the same quote I was trying to generate and would not give other suggestions but that one quote. ""I'm now a giant rat!",7,7,6,6,80,7,thank you as always! I am enjoying these.
8/27/2021 9:09:39,AZZA3J049G7R5,13fc032dba354e1f9a0179becfaa4af4,Yes,7,6,4,7,6,7,It still suggested that JFK was alive even though I already mentioned that they were killed.,7,4,6,6,90,7,thank you as always!
8/27/2021 9:24:21,AZZA3J049G7R5,278af098f2784b7ba22335f356ab854e,Yes,6,6,5,7,7,6,I was trying to get suggestions of how to make the person be the new queen but I did not get any suggestions on it,6,6,7,6,80,7,thank you as always!
8/27/2021 9:57:22,AZZA3J049G7R5,185c4ee8dbc948fca5a86b7273676420,Yes,7,7,3,7,7,6,The AI suggested that the pigs have no family nor brothers and sisters but he clearly has so that was a wrong set of suggestions.,7,7,6,6,80,7,thank you as always!
8/27/2021 10:22:20,AZZA3J049G7R5,92108d50d38647278d97f96a4364e9b1,Yes,7,7,3,6,6,7,"I tried to go to the bee spy route, but it kept saying some medieval suggestions still, so that was a bit disappointing ",7,6,6,7,85,7,thank you!
8/27/2021 10:57:01,AZZA3J049G7R5,308df34d38ce447a957e540a6cde21c7,Yes,7,7,1,7,7,7,"Probably around the second paragraph it hasn't still caught on that I was focusing on Mr. Vaughn, and it kept suggesting about details about Matt Damon. But I was very impressed about the suggestion with the 99% alien, it was scary how good the suggestion was. I was really going for that.",6,7,7,3,60,7,thank you as always!
8/27/2021 11:16:34,AZZA3J049G7R5,b0713959bffc46e893715684d793a109,Yes,5,6,6,3,3,5,"The AI continously suggested Japan and no other countries, unless I specified a continent.",5,2,5,5,90,7,thank you as always!
8/30/2021 7:08:24,AZZA3J049G7R5,41ffccaa38ce49639429028d4cc1f1e8,Yes,6,3,7,5,3,3,"I couldn't pinpoint something this time, but probably because I had a story in mind so whatever the AI recommends they just wouldn't fit with my story. I was trying to think of any suggestions that the dad will say in the end about finding his daughter but it did not recommend any good one.",6,7,4,7,90,7,thank you!
8/30/2021 7:26:14,AZZA3J049G7R5,5e72eec1e0f54fe5a74cf7e82ec67017,Yes,6,6,4,6,7,7,"I was trying to generate a random number, but all it can suggest is #1, always #1 where it could use some randomization. The prompt was #1 dad, but again, suggest some random numbers to the context of my story.",5,6,7,7,90,7,"Thank you, as always."
8/30/2021 8:00:01,AZZA3J049G7R5,4619d21ac3ee4b6f961fb782ae6c7937,Yes,7,7,1,7,7,6,"Everything was fine this time, the AI understood what I was trying to write, and gave a lot of correct suggestions and creative ones. One particular item is how it remembered that I was a stone manipulator and it did suggest one magic trick that involved a stone around the end which I was very impressed.",7,7,7,5,60,7,thank you!
8/30/2021 8:14:09,AZZA3J049G7R5,b73b741aa53f4dd1af35e1540ebf4af1,Yes,6,2,6,4,3,3,"I established in the beginning that the Matt Damon on the ship was a decoy, but the AI kept repeating that Matt Damon was still on the ship, and did not give me any good recommendations for the decoy on the ship plot.",6,7,7,7,90,7,Thank you as always!
8/30/2021 8:47:59,AZZA3J049G7R5,7e48dc0c20c340f9b0cfe73fd8d198b6,Yes,7,5,6,6,5,3,"The random numbers of the suggestions were repetitive, it kept trying to suggest top #1 or top 5, where I wanted for it to give me some random numbers that are more realistic.",5,7,7,7,90,7,thank you as always!
8/30/2021 9:02:03,AZZA3J049G7R5,b7a163f09d8641c2b708236592f11767,Yes,6,7,2,6,7,6,"I wish sometimes it would suggest names even if I do not explicitly say, ""my wife, named"" and it would just suggest a name even with only, ""my wife,""",6,2,6,7,85,7,"The story seem to be unfinished but I did end it the way it is, could be better ended surely, but the timer was up. Thank you as always!"
8/30/2021 9:37:50,AZZA3J049G7R5,3c2459fc295b4836b027ff004c6b88c1,Yes,6,5,6,6,5,5,"No issues with the AI this time, I was really impressed with the suggestions on the backstory of how humans got their ability. The entire mana paragraph was mostly AI and I loved it.",6,5,6,5,70,7,"Thank you, as always!"
8/31/2021 7:21:09,AZZA3J049G7R5,1a0d49b00ae844df971176e9aab9b18a,Yes,7,7,6,7,7,6,"I was trying to get a random number for what day it is already on the timeline, but it won't get me and it suggested, ""day by day"" instead of something like, ""day 240""",6,7,7,5,80,7,thank you as always!
9/1/2021 9:36:50,AZZA3J049G7R5,0554d7947d9444bc96f9a9512f4ae989,Yes,7,6,3,6,7,6,"I was trying to get suggestions of the counterpart being more joyful than me, but the suggestions were all sadder and something that I was not looking for.",6,7,6,7,85,7,Thank you!
9/2/2021 8:28:17,AZZA3J049G7R5,4b391e02b91d4486974b5027c5433631,Yes,7,6,5,6,6,5,"I was trying to get a suggestion of a bad ranking but it was suggesting mostly ""#1 dad"" which is something that I was not going for and I guess not a lot of stories so far have rankings that had a lot of low ranking dads.",7,2,6,7,65,7,"Kinda a horrible story, I wanted to go to like a murder mystery story, but I was out of time so it ended badly. "
9/2/2021 8:42:35,AZZA3J049G7R5,3f069ddebc85414f8c650c1f9e78a498,Yes,7,7,1,7,7,7,"The suggestions are quite stellar for this story, but if I have to nitpick there was one instance where I had to get suggestions on what catchy comeback the pig can say to the wolf after the phrase ""are you done?"" but all it can suggest is, ""I'm going to work now.""",7,7,7,7,70,7,Thank you as always!
9/2/2021 9:18:38,AZZA3J049G7R5,818ee877dd3340e1814bce6e34477cef,Yes,7,7,2,7,7,7,"I was unable to find a punchy and a more satisfactory ending suggestion, so I ended up using my own and it was a little bit disappointing, but the other suggestions were very good, as always!",7,6,7,7,84,7,"Thank you, as always!"
9/2/2021 10:25:41,AZZA3J049G7R5,2b373ca5921e4e2c8114e20114f04de8,Yes,6,5,6,5,6,6,"I was trying to generate a date for the story, and it wouldn't give me a suggested random date that my character kept dying from",7,6,7,7,90,7,Thank you!
9/3/2021 8:23:55,AZZA3J049G7R5,80e39947253d4491a8b294de724100f0,Yes,7,7,2,7,7,6,"This suggestion, ""were no match for the United States' technology, and their entire population was wiped out within a few days as well"" was repeated for the next country I was describing, and it's 100% a nitpick, but I expected that if it suggested it once and I used it, it shouldn't try to suggest it again.",6,7,6,6,78,7,"Thank you, as always!"
9/3/2021 8:44:45,AZZA3J049G7R5,2194c0e020934c74b8ab6c28d758feb2,Yes,7,6,2,7,6,6,"When I was trying to look for suggestions on what I was able to see when I have woken up, the AI still suggested that I would disintegrate again, which was already done in the previous paragraph.",7,6,6,7,79,7,"Thank you, as always!"
9/3/2021 8:59:24,AZZA3J049G7R5,78d615e3799e47078bf75a1799f4620a,Yes,6,5,6,5,5,4,"Maybe it's me expecting too much, but when I wrote that the girl have seen the guy multiple times before and was ready to confess, that the guy's reason for being a shapeshifter should have been suggested, but it wasn't suggested and it gave me unusable responses. ",6,4,6,6,87,7,"Thank you, as always!"
9/3/2021 9:19:24,AZZA3J049G7R5,4fc8392481a44f3aa59da642529b0a07,Yes,4,5,6,3,3,4,"I was trying to get suggestions of a dialogue the character would say next, but the suggestions were about a movie called ""the shapeshifter"" which was very unrelated on what I was trying to say.",6,5,5,6,90,7,"Thank you, as always!"